Molecule name,SMILES,MLM
ASAP-0031455,CC(C)NC(=O)[C@H](NC1=CC=C2CNCC2=C1)C1=CC(Cl)=CC2=C1N=C(C1=CC=CC=C1)N2,11.0
ASAP-0031351,CN(C1=CC=C2CNCC2=C1)[C@H](C(=O)NCC(F)F)C1=CC(Cl)=CC(C2CC2)=C1,10.6
ASAP-0031247,N#CC1=CC=CC(C2=NC3=C(C(=O)NC4=CC=C5CNCC5=C4)C=C(F)C=C3N2)=C1,22.0
ASAP-0031237,O=C(NC1=CC=C2CNCC2=C1)C1=CC(F)=CC2=C1N=C(C1=CC=C(F)C=C1)N2,36.8
ASAP-0031274,O=C(NC1=CC2=C(CNC2)C(C2=CNC(=O)C(F)=C2)=C1)C1=CC(F)=CC2=C1C=NN2,243.0
ASAP-0031265,N#CC1=CC2=C(C=C1NC(=O)C1=CC(F)=CC3=C1C=NN3)CNC2,288.0
ASAP-0031147,O=C(NC1=CC2=C(CNC2)C(C2=CCOCC2)=C1)C1=CC(F)=CC2=C1C=NN2,152.0
ASAP-0031155,O=C(NC1=CC2=C(CNC2)C(C2=CCS(=O)(=O)CC2)=C1)C1=CC(F)=CC2=C1C=NN2,96.9
ASAP-0031141,COC1=CC(C2=CC(NC(=O)C3=CC(F)=CC4=C3C=NN4)=CC3=C2CNC3)=CC=N1,260.0
ASAP-0031137,O=C(NC1=CC=C2CNCC2=C1)C1=CC(Cl)=CC2=C1C=NN2C1CCC1,13.4
ASAP-0031004,O=C(NC1=CC=C2CNCC2=C1)C1=CC(F)=CC(C2=CNN=C2)=C1,553.0
ASAP-0031019,O=C(NC1=CC2=C(C=C1C1CC1)CNC2)C1=CC(F)=CC2=C1C=NN2,86.8
ASAP-0030761,COCCNC(=O)[C@H](NC1=CC=C2CNCC2=C1)C1=CC(Cl)=CC(C2CC2)=C1,11.7
ASAP-0030792,O=C(NC1=CC(Br)=C2CNCC2=C1)C1=CC(F)=CC2=C1C=NN2,145.0
ASAP-0030106,O=C(NC1=CC=C2CNCC2=C1)C1=CC(F)=CC2=C1CCC2,37.4
ASAP-0030104,CN1C=C2C(C(=O)NC3=CC=C4CNCC4=C3)=CC(F)=CC2=N1,18.2
ASAP-0030085,O=C(NC1=CC2=C(C=C1Br)CNC2)C1=CC(F)=CC2=C1C=NN2,299.0
ASAP-0030028,O=C(NC1=CC=C2CNCC2=C1)C1=CC=CC2=C1C=C(C(F)(F)F)N2,12.7
ASAP-0029933,CN1C(=O)NC2=C(C(=O)NC3=CC=C4CNCC4=C3)C=C(Br)C=C21,12.5
ASAP-0029911,O=C(NC1=CC=C2CNCC2=C1)C1=CC(Cl)=CC2=C1NN=C2,54.0
ASAP-0029790,CC1=C(C(=O)NC2=CC(C3=CC=CN=C3)=CC=N2)C=C(C2CC2)N1C,388.0
ASAP-0029711,O=C(NC1=CC=C2CNCC2=C1)C1=CC(Cl)=CC2=CC=NC=C12,24.5
ASAP-0029497,O=C(NC1=CC=C2CNCC2=C1)C1=CC(F)=CC2=C1C=NN2,180.0
ASAP-0029352,O=C(NC1=CC=C2CNCC2=C1)C1=CC(Br)=CC2=C1N=C(C1=CC=CC=C1)N2,43.8
ASAP-0029002,O=C(NC1=CC=C2CNCC2=C1)C1=CC(Br)=CC2=C1C=CN2,34.3
ASAP-0027872,CCN1C(C)=NN=C1SC1=CC(C)=NC2=NC=NN12,10.0
ASAP-0027864,CC1=NC2=NC=NN2C(SC2=NN=C(C)O2)=C1,151.0
ASAP-0027841,CC1=NN=C(SC2=CC(C3=CC=CC=C3)=NC3=NC=NN23)O1,465.0
ASAP-0027845,COC1=CC=C(C2=NN=C(SC3=CC(C)=NC4=NC=NN34)O2)C=C1,586.0
ASAP-0027763,C1=CC=C(C2=NC3=NC=NN3C(SC3=NN=C(N4CCOCC4)S3)=C2)C=C1,624.0
ASAP-0027808,O=C(NC1=CC=C2CNCC2=C1)C1=CC(Cl)=CC2=C1C=NN2,243.0
ASAP-0027762,CNCC1=NC2=NC=NN2C(SC2=NN=C(C3=CC=C(Cl)C=C3)N2C)=C1,0.0
ASAP-0027553,C1=CC=C(C2=NC3=NN=CN3C(SC3=NC(C4=CC=CC=N4)=NO3)=C2)C=C1,0.0
ASAP-0023327,CCN1C(C)=NN=C1SC1=CC(C2=CC=CC=C2)=NC2=NC=NN12,20.1
ASAP-0023517,ClC1=CC=C(C2=CN=C(SC3=CC(C4=CC=CC=C4)=NC4=NN=CN34)O2)C=C1,27.1
ASAP-0022872,CN1C(SC2=CC(C3=CC=CC=C3)=NC3=NC=NN23)=NN=C1C1=CC=NC=C1,130.0
ASAP-0022831,C1=CC=C(C2=NC3=NC=NN3C(SC3=NC=CO3)=C2)C=C1,1040.0
ASAP-0022679,CC(C)COC1=NOC2=CC(OCCCC3=CC(C(=O)N(C)C)=NO3)=CC=C12,99.8
ASAP-0022579,CC(C)COC1=CC=C2C(OCCCC3=CC(C(=O)N(C)C)=NO3)=NOC2=C1,68.5
ASAP-0022881,CC1=CC=C(C2=NN=C(SC3=CC(C4=CC=CC=C4)=NC4=NC=NN34)N2C)C=C1,120.0
ASAP-0021312,CN(C)C(=O)C1=NOC(CCCOC2=CC=C3C(OCC4CC4)=NOC3=C2)=C1,132.0
ASAP-0021658,CCOC1=NOC2=CC(OCCCC3=CC(C(=O)N(C)C)=NO3)=CC=C12,140.0
ASAP-0021134,CCOC1=NOC2=C(C)C(OCCCC3=CC(C(=O)N(C)C)=NO3)=CC=C12,418.0
ASAP-0021262,CCOC1=NOC2=CC(OCCCC3=CC(C(=O)N(C)C)=NO3)=C(C)C=C12,166.0
ASAP-0021070,C#CCCC1=CC=C(OCCCC2=CC(C(=O)N(C)C)=NO2)C=C1,73.8
ASAP-0020936,CN(C)C(=O)C1=NOC(CCCOC2=CC=CC(F)=C2)=C1,339.0
ASAP-0020930,O=C1NC(=O)[C@H](CC2=NC3=C(COCC3)S2)C2=CC=CC=C12,67.5
ASAP-0020875,CC1=CC(C2=NOC(C(F)(F)F)=N2)=CC=C1COCCC1=CC(C(=O)N(C)C)=NO1,78.9
ASAP-0020904,C#CCCCCC1=CC=C(OCCCC2=CC(C(=O)N(C)C)=NO2)C=C1,139.0
ASAP-0020843,CN(C)C(=O)C1=NOC(CCCOC2=CC=C(F)C=C2)=C1,281.0
ASAP-0020827,CC1=CC(C2=NOC(C(F)(F)F)=N2)=CC=C1OCCCC1=NC(C2=CC=NC=C2)=NO1,80.5
ASAP-0020873,CN(C)C(=O)C1=NOC(CCCOC2=CC=C(C3=NOC(C4CC4)=N3)C=C2)=C1,54.7
ASAP-0020818,CN(C)C(=O)C1=NOC(CCCOC2=CC=C(CCC3CCNCC3)C=C2)=C1,29.4
ASAP-0017614,CC1=NN=C(CCCOC2=CC=C(C3=NOC(C(F)(F)F)=N3)C=C2C)N1,15.4
ASAP-0017622,CN(C)C(=O)C1=NOC(CCCN2C=CC3=CC(C4=NOC(C(F)(F)F)=N4)=CC=C32)=C1,26.4
ASAP-0017652,CN(C)C(=O)C1=NOC(CCCN2C=CC3=NC(C4=NOC(C(F)(F)F)=N4)=CC=C32)=C1,44.1
ASAP-0017434,CC1=CC(C2=NOC(C(F)(F)F)=N2)=CC=C1OCCCC1=CC(C(=O)N2CCCC2)=NO1,35.7
ASAP-0017436,CCOC1=NOC2=CC(OCCC3CCN(C4=CC=C(C)N=N4)CC3)=CC=C12,95.3
ASAP-0017443,CC1=CC(C2=NOC(C(F)(F)F)=N2)=CC=C1OCCCC1=NC=CN1,25.8
ASAP-0017442,CC1=CC(C2=NOC(C(F)(F)F)=N2)=CC=C1OCCCC1=NC2=CC=CC=C2N1,60.8
ASAP-0017444,COC1=CC=C2NC(CCCOC3=CC=C(C4=NOC(C(F)(F)F)=N4)C=C3C)=NC2=N1,26.1
ASAP-0017440,CC1=CC(C2=NOC(C(F)(F)F)=N2)=CC=C1OCCCC1=NN=CO1,12.9
ASAP-0017438,CC1=CC(C2=NOC(C(F)(F)F)=N2)=CC=C1OCCCC1=NC(C2=CC=CN=C2)=NO1,33.0
ASAP-0017437,CN(C)C(=O)C1=NOC(CCCOC2=CC=C3CCCCC3=C2F)=C1,218.0
ASAP-0017441,CCOC(=O)C1=CC=C(OCCC2CCN(C3=CC=C(C)N=N3)CC2)C=C1,580.0
ASAP-0017292,CC1=NN=C(CCCOC2=CC=C(C3=NOC(C(F)(F)F)=N3)C=C2C)O1,74.6
ASAP-0017304,CC1=CC(C2=NOC(C(F)(F)F)=N2)=CC=C1OCCCC1=CC=CC=N1,31.3
ASAP-0017302,CC1=CC(C2=NOC(C(F)(F)F)=N2)=CC=C1OCCCC1=CC(C(=O)N2CC[C@@H](O)C2)=NO1,13.0
ASAP-0017297,CN(C)C(=O)C1=NOC(CCCN2N=CC3=CC(C4=NOC(C(F)(F)F)=N4)=CC=C32)=C1,111.0
ASAP-0017287,CC1=CC(C2=NOC(C(F)(F)F)=N2)=CC=C1OCCCC1=CC=CN=C1,46.2
ASAP-0017295,CC1=CC(C2=NOC(C(F)(F)F)=N2)=CC=C1OCCCC1=CSN=N1,109.0
ASAP-0017294,CC1=CC(C2=NOC(C(F)(F)F)=N2)=CC=C1OCCCC1=CN=CO1,48.2
ASAP-0017306,CC1=CC=NC=C1CCCOC1=CC=C(C2=NOC(C(F)(F)F)=N2)C=C1C,16.2
ASAP-0017291,CC1=NOC(CCCOC2=CC=C(C3=NOC(C(F)(F)F)=N3)C=C2C)=N1,112.0
ASAP-0017290,CC1=CC(C2=NOC(C(F)(F)F)=N2)=CC=C1OCCCC1=CC=NC=C1,24.0
ASAP-0017288,CC1=CC(C2=NOC(C(F)(F)F)=N2)=CC=C1OCCCC1=CC(C(=O)N(C)C)=NO1,24.4
ASAP-0017312,CC1=CC(C2=NOC(C(F)(F)F)=N2)=CC=C1OCCCC1=NN=C(C(F)F)O1,19.0
ASAP-0017285,CC1=CC(C2=NOC(C(F)(F)F)=N2)=CC=C1OCCCC1=CNN=C1,17.8
ASAP-0017296,CC1=NC(C2=CC=C(OCCCCCN3CCN(C4=CC=NC(N)=C4)C3=O)C=C2)=NO1,29.5
ASAP-0017286,CC1=CC(C2=NOC(C(F)(F)F)=N2)=CC=C1OCCCC1=CON=C1,51.1
ASAP-0017284,NC1=NC(C2=CC=CC=C2)=NC2=C1C(NC1=CC=C(C(F)(F)F)C=C1)=NN2,11.2
ASAP-0017289,CC1=CC(C2=NOC(C(F)(F)F)=N2)=CC=C1OCCCC1=CN(C)N=C1,72.5
ASAP-0017308,CC1=CC(C2=NOC(C(F)(F)F)=N2)=CC=C1OCCCC1=CC(C(=O)N2CCOCC2)=NO1,98.3
ASAP-0017298,CCON=CC1=CC=C(OCCC2CCN(C3=CC=C(C)N=N3)CC2)C=C1,38.3
ASAP-0017309,CC1=CC(C2=NOC(C(F)(F)F)=N2)=CC=C1CCOCC1=CC(C(=O)N(C)C)=NO1,86.9
ASAP-0017305,CC1=CC(C2=NOC(C(F)(F)F)=N2)=CC=C1OCCCC1=CC(C(=O)N2CC[C@H](O)C2)=NO1,12.3
ASAP-0017311,CC1=CC(C2=NOC(C(F)(F)F)=N2)=CC=C1OCCCC1=NN=NN1C1=CC=CC=C1,34.1
ASAP-0017037,O=C1NC(=O)[C@@H](CC2=CC=C3OCOC3=C2)C2=CC=CC=C12,82.7
ASAP-0016672,O=C(NC1=CC=C2OCOC2=C1)NC1=CNC(=O)C2=CC=CC=C12,40.3
ASAP-0016664,O=C1NC(=O)[C@H](CC2=CC=CC(Cl)=C2)C2=CC=CC=C12,16.7
ASAP-0016445,CC1=CC(NC(=O)NC2=CNC(=O)C3=CC=C(F)C=C23)=NO1,129.0
ASAP-0016345,O=C1C2=CC=CC=C2[C@H](CC2=CC=C(O)C=C2)C(=O)N1CC1=CC=C2OCOC2=C1,545.0
ASAP-0016386,NCC1=CC=CC(CNC(=O)[C@H](NC(=O)OCC2=CC=CC=C2)C2=CC=C(OCC3=CC=CC=C3)C=C2)=C1,2.73
ASAP-0016130,O=C(NCC1=CC=CC=N1)NC1=CNC(=O)C2=CC(Cl)=CC=C12,24.7
ASAP-0016304,CC1=NOC(CCCOC2=C(C)C=C(C3=NOC(C(F)(F)F)=N3)C=C2C)=C1,21.5
ASAP-0015912,COC1=CC=CC=C1NC(=O)NC1=CNC(=O)C2=CC=CC=C12,108.0
ASAP-0015925,CNC(=O)C1=CC(Cl)=C(F)C=C1NS(=O)(=O)C1=CC=C(OC2=CC=CC=C2Cl)C=C1,45.6
ASAP-0015920,O=C(NCC1=CC=CC=N1)NC1=CNC(=O)C2=CC=C(F)C=C12,12.4
ASAP-0014722,C[C@H](C(=O)O)[C@@H](NC(=O)C1=NC=NC2=C1C=CN2)C1=CC=C(Br)C=C1,4.0
ASAP-0015892,CCCC[C@H](NC(=O)OC(C)(C)C)C(=O)N[C@H](C(=O)NCC1=CC=C(CN)C=C1)C1=CC=C(OCC2=CC=CC=C2)C=C1,7.44
ASAP-0015682,O=C(O)C1=CC(Cl)=CC=C1NS(=O)(=O)C1=CC=C(OC2=CC=CC=C2Cl)C=C1,13.0
ASAP-0015381,COC1=CC=C([C@H](CC2=NN=NN2)NC(=O)C2=NC=NC3=C2C=CN3)C=C1,7.0
ASAP-0015355,COC1=CC(CC2=C(C)ON=C2C2=CC=C(F)C=C2)=NC(N2CCNCC2)=N1,33.0
ASAP-0015367,NCC1=CC=CC(NC(=O)[C@@H](NC(=O)OCC2=CC=CC=C2)C2=CC=C(OCC3=CC=CC=C3)C=C2)=C1,1.0
ASAP-0015169,NC1=NN=C2C=CC(C3=CC=C4NC(=O)CNC4=C3)=CN12,41.8
ASAP-0014994,CNC(=O)C1=CC(Cl)=CC=C1NS(=O)(=O)C1=CC=C(OC2=CC=CC=C2Cl)C=C1,94.0
ASAP-0014913,CN1C=C(NC(=O)NCC2=CC=CC=N2)C2=CN=CC=C2C1=O,2.08
ASAP-0012944,O=C(/C=C/C1=CC=CC=C1)C(=O)N1CCN(CCC2=CC=CC=C2)CC1,181.0
ASAP-0014807,CC1=NC=CN1C[C@H](C)CNC(=O)C1=CC=C2COB(O)C2=C1,12.0
ASAP-0014822,C[C@H]1CN(C[C@H](O)CNC(=O)C2=CC=C3COB(O)C3=C2)CCO1,14.0
ASAP-0014818,CN1CCN(C)[C@H](CNC(=O)C2=CC=C3COB(O)C3=C2)C1,16.0
ASAP-0014817,O=C(C1=CC=C2COB(O)C2=C1)N1CCN[C@H](C2=CC=CC=C2)C1,12.0
ASAP-0014813,O=C(C[C@H]1CCN2C=NC=C2C1)NC1=CC=CC(B(O)O)=C1,6.0
ASAP-0014761,CC1=CC(NC(=O)NC2=CNC(=O)C3=CC=CC=C23)=NO1,119.0
ASAP-0014724,CN1CC[C@H](NC(=O)C2=CC=CC(B(O)O)=C2)[C@H]1C1=CC=C(Cl)C=C1,53.0
ASAP-0014734,CN(C(=O)C1=CC=C2COB(O)C2=C1)[C@H]1CCN(C2CC2)C1,8.0
ASAP-0014739,O=C(NC1=CC=CC(B(O)O)=C1)[C@H]1CCN2CCC[C@H]2C1,6.0
ASAP-0014731,O=C(NC1=CC=CC(B(O)O)=C1)[C@H]1CCN(CC2=CC=CC=C2)C1,26.0
ASAP-0014809,CN(C)C[C@H]1C[C@H](NC(=O)C2=CC=C3COB(O)C3=C2)C1,19.0
ASAP-0014613,C[C@H]1CN(C2=CN=CC3=CC=CC=C23)C(=O)[C@@]12CN(CC1=CC=NN=C1)C(=O)C1=CC=C(F)C=C12,57.0
ASAP-0014544,CNC(=O)CN1C[C@@]2(C(=O)N(C3=CN=CC4=CC=CC=C34)C[C@@H]2CNC2=CC=C(Cl)N=N2)C2=CC(Cl)=CC=C2C1=O,75.0
ASAP-0013892,CNC(=O)CN1C[C@@]2(C(=O)N(C3=CN=CC4=CC=CC=C34)C[C@@H]2CNC2=CN=CS2)C2=CC(Cl)=CC=C2C1=O,77.0
ASAP-0013898,C[C@H]1CN(C2=CN=CC3=CC=CC=C23)C(=O)[C@@]12CN(CCN1CCN(S(C)(=O)=O)CC1)C(=O)C1=CC=C(Cl)C=C12,237.0
ASAP-0013925,O=C1C2=CC=C(Cl)C=C2[C@@]2(CN1CCN1CCOCC1)C(=O)N(C1=CN=CC3=CC=CC=C13)C[C@@H]2CNC1=NC=CC=N1,133.0
ASAP-0013827,CCNC(=O)C1=CC2=C(N[C@H](C3=CC=C4OCCOC4=C3)C(C)C)N=CN=C2N1,72.0
ASAP-0013814,CNC(=O)CN1C[C@@]2(C(=O)N(C3=CN=CC4=CC=CC=C34)C[C@@H]2CNC2=C(C)N=CS2)C2=CC(Cl)=CC=C2C1=O,33.0
ASAP-0013824,CCNC(=O)C1=CC2=C(N[C@H](C3=CC=C4OCCOC4=C3)C(C)C)N=CN=C2N1,48.0
ASAP-0013833,CC(C)[C@H](NC1=NC=NC2=C1C=C(C1=CN(CC(=O)N(C)C)N=C1)N2)C1=CC=C2OCCOC2=C1,35.0
ASAP-0013837,CC(C)[C@H](NC1=NC=NC2=C1C=C(C1=CN(CC(=O)N(C)C)N=C1)N2)C1=CC=C2OCCOC2=C1,45.0
ASAP-0013747,CC(C)[C@H](NC1=NC=NC2=C1C=C(C1=CN(CC(=O)N(C)C)N=C1)N2)C1=CC=C2CCCS(=O)(=O)C2=C1,31.0
ASAP-0013744,CC(C)[C@H](NC1=NC=NC2=C1C=C(C1=CN(CC(=O)N(C)C)N=C1)N2)C1=CC=C2CCCS(=O)(=O)C2=C1,124.0
ASAP-0013717,CNC(=O)CN1C[C@@]2(C(=O)N(C3=CN=CC4=CC=CC=C34)C[C@@H]2CS(=O)(=O)NC)C2=CC(Cl)=CC=C2C1=O,69.0
ASAP-0013646,COC1=CC=C(C(=O)NC2=CC=CC(/C=C3/C(=O)NC(=O)C4=CC=CC=C34)=C2)C=C1,127.0
ASAP-0013722,CC1=NOC(CN2C[C@@]3(C(=O)N(C4=CN=CC5=CC=CC=C45)C[C@@H]3C)C3=CC(F)=CC=C3C2=O)=C1,240.0
ASAP-0013721,C[C@H]1CN(C2=CN=CC3=CC=CC=C23)C(=O)[C@@]12CN(CC1=NN=NN1C)C(=O)C1=CC=C(F)C=C12,172.0
ASAP-0013720,C[C@H]1CN(C2=CN=CC3=CC=CC=C23)C(=O)[C@@]12CN(CC1=NC=CN1C)C(=O)C1=CC=C(F)C=C12,351.0
ASAP-0013719,C[C@H]1CN(C2=CN=CC3=CC=CC=C23)C(=O)[C@@]12CN(CC#N)C(=O)C1=CC=C(F)C=C12,84.0
ASAP-0013718,CNC(=O)CN1C[C@@]2(C(=O)N(C3=CN=CC4=CC=CC=C34)C[C@@H]2CN2N=CN=N2)C2=CC(Cl)=CC=C2C1=O,46.0
ASAP-0013716,CNC(=O)CN1C[C@@]2(C(=O)N(C3=CN=CC4=CC=CC=C34)C[C@@H]2CNC2=CN=C(C)S2)C2=CC(Cl)=CC=C2C1=O,90.0
ASAP-0013398,CCN1N=CC=C1CN1C[C@@]2(C(=O)N(C3=CN=CC4=CC=CC=C34)C[C@@H]2C)C2=CC(F)=CC=C2C1=O,441.0
ASAP-0013413,C[C@H]1CN(C2=CN=CC3=CC=CC=C23)C(=O)[C@@]12CN(CC1=CC=NN1C)C(=O)C1=CC=C(F)C=C12,353.0
ASAP-0013412,C[C@H]1CN(C2=CN=CC3=CC=CC=C23)C(=O)[C@@]12CN(CC1=CNN=N1)C(=O)C1=CC=C(F)C=C12,61.0
ASAP-0013405,CNC(=O)CN1C[C@@]2(C(=O)N(C3=CN=CC4=CC=CC=C34)C[C@@H]2CN2C=CC=N2)C2=CC(Cl)=CC=C2C1=O,83.0
ASAP-0013407,CNCCN1C[C@@]2(C(=O)N(C3=CN=CC4=CC=CC=C34)C[C@@H]2C)C2=CC(F)=CC=C2C1=O,2.0
ASAP-0013414,C[C@H]1CN(C2=CN=CC3=CC=CC=C23)C(=O)[C@@]12CN(CC1=COC=N1)C(=O)C1=CC=C(F)C=C12,278.0
ASAP-0013423,CC1=CN=C(CN2C[C@@]3(C(=O)N(C4=CN=CC5=CC=CC=C45)C[C@@H]3C)C3=CC(F)=CC=C3C2=O)C=N1,237.0
ASAP-0013303,CNC(=O)CN1C[C@@]2(C(=O)N(C3=CN=CC4=CC=CC=C34)C[C@@H]2CS(=O)(=O)NC)C2=CC(F)=CC=C2C1=O,29.0
ASAP-0013302,CNC(=O)CN1C[C@@]2(C(=O)N(C3=CN=CC4=CC=CC=C34)C[C@@H]2CS(=O)(=O)N(C)C)C2=CC(Cl)=CC=C2C1=O,123.0
ASAP-0013311,CN1N=NC(CN2C[C@]3(CCN(C4=CN=CC5=CC=CC=C45)C3=O)C3=CC(Cl)=CC=C3C2=O)=N1,97.0
ASAP-0013308,CN1C=NC(CN2C[C@]3(CCN(C4=CN=CC5=CC=CC=C45)C3=O)C3=CC(Cl)=CC=C3C2=O)=N1,51.0
ASAP-0013306,CN1C=CC(CN2C[C@]3(CCN(C4=CN=CC5=CC=CC=C45)C3=O)C3=CC(Cl)=CC=C3C2=O)=N1,308.0
ASAP-0013313,CN1N=NN=C1CN1C[C@]2(CCN(C3=CN=CC4=CC=CC=C34)C2=O)C2=CC(Cl)=CC=C2C1=O,582.0
ASAP-0013310,CN1N=NC(CN2C[C@]3(CCN(C4=CN=CC5=CC=CC=C45)C3=O)C3=CC(Cl)=CC=C3C2=O)=N1,227.0
ASAP-0013309,CN1C=NC(CN2C[C@]3(CCN(C4=CN=CC5=CC=CC=C45)C3=O)C3=CC(Cl)=CC=C3C2=O)=N1,73.0
ASAP-0013307,CN1C=CC(CN2C[C@]3(CCN(C4=CN=CC5=CC=CC=C45)C3=O)C3=CC(Cl)=CC=C3C2=O)=N1,258.0
ASAP-0013305,C[C@H]1CN(C2=CN=CC3=CC=CC=C23)C(=O)[C@@]12CN(CC1=NNC=N1)C(=O)C1=CC=C(F)C=C12,19.0
ASAP-0013304,C[C@H]1CN(C2=CN=CC3=CC=CC=C23)C(=O)[C@@]12CN(CC1=CC(O)=NC=N1)C(=O)C1=CC=C(F)C=C12,11.0
ASAP-0013300,CNC(=O)CN1C[C@@]2(C(=O)N(C3=CN=CC4=CC=CC=C34)C[C@@H]2CNC2=CC=NC=N2)C2=CC(Cl)=CC=C2C1=O,54.0
ASAP-0013301,CNC(=O)CN1C[C@@]2(C(=O)N(C3=CN=CC4=CC=CC=C34)C[C@@H]2CNC2=CN=CC=N2)C2=CC(Cl)=CC=C2C1=O,100.0
ASAP-0013312,CN1N=NN=C1CN1C[C@]2(CCN(C3=CN=CC4=CC=CC=C34)C2=O)C2=CC(Cl)=CC=C2C1=O,129.0
ASAP-0013256,CC(C)[C@H](NC1=NC=NC2=C1C=C(C1=C(C#N)N(C)N=C1)N2)C1=CC=C2OCC(=O)NC2=C1,147.0
ASAP-0013274,C[C@H]1CN(C2=CN=CC3=CC=CC=C23)C(=O)[C@@]12CN(CC1=NC=CN1)C(=O)C1=CC=C(F)C=C12,316.0
ASAP-0013273,C[C@H]1CN(C2=CN=CC3=CC=CC=C23)C(=O)[C@@]12CN(CC1=CC=NN1)C(=O)C1=CC=C(F)C=C12,163.0
ASAP-0013249,C=CC(=O)N1CCCC2=C1C=CC=C2N(CC1=CC=CC(Cl)=C1)C(=O)CC1=CN=CC2=CC=CC=C12,1460.0
ASAP-0013265,CNC(=O)CN1C[C@@]2(C(=O)N(C3=CN=CC4=CC=CC=C34)C[C@@H]2CNC2=CC=CC=C2)C2=CC(Cl)=CC=C2C1=O,495.0
ASAP-0013266,CNC(=O)CN1C[C@@]2(C(=O)N(C3=CN=CC4=CC=CC=C34)C[C@@H]2CNC2=CN(C)N=C2)C2=CC(Cl)=CC=C2C1=O,90.0
ASAP-0013268,CNC(=O)CN1C[C@@]2(C(=O)N(C3=CN=CC4=CC=CC=C34)C[C@@H]2CC2=NNN=N2)C2=CC(Cl)=CC=C2C1=O,7.0
ASAP-0013272,C[C@H]1CN(C2=CN=CC3=CC=CC=C23)C(=O)[C@@]12CN(CC1=CNC=N1)C(=O)C1=CC=C(F)C=C12,91.0
ASAP-0013255,CC(C)[C@H](NC1=NC=NC2=C1C=C(C1=C(C#N)N(C)N=C1)N2)C1=CC=C2OCC(=O)NC2=C1,81.0
ASAP-0012329,CC(C)[C@H](NC1=NC=NC2=C1C=C(C1=CN(C)N=C1)N2)C1=CC=C2CCCS(=O)(=O)C2=C1,140.0
ASAP-0012327,CC(C)[C@H](NC1=NC=NC2=C1C=C(C1=CN(C)N=C1)N2)C1=CC=C2CCCS(=O)(=O)C2=C1,255.0
ASAP-0012330,CC(C)(C)[C@H](NC1=NC=NC2=C1C=C(C1=CN(CC(N)=O)N=C1)N2)C1=CC=C2OCCOC2=C1,44.0
ASAP-0012325,CCNC(=O)C1=CC2=C(N[C@H](C3=CC=C4CCCS(=O)(=O)C4=C3)C(C)C)N=CN=C2N1,64.0
ASAP-0012317,CCNC(=O)C1=CC2=C(N[C@H](C3=CC=C4OCCS(=O)(=O)C4=C3)C(C)C)N=CN=C2N1,26.0
ASAP-0012320,CC(C)[C@H](NC1=NC=NC2=C1C=C(C1=CN=CC(S(C)(=O)=O)=C1)N2)C1=CC=C2CCCS(=O)(=O)C2=C1,272.0
ASAP-0012318,CC(C)[C@H](NC1=NC=NC2=C1C=CN2)C1=CC=C2OCCS(=O)(=O)C2=C1,69.0
ASAP-0012334,CC(C)[C@H](NC1=NC=NC2=C1C=C(C(=O)N[C@H]1CCN(C)C1)N2)C1=CC=C2CCCS(=O)(=O)C2=C1,1.0
ASAP-0012332,CC(C)(C)[C@H](NC1=NC=NC2=C1C=C(C1=CN(CC(N)=O)N=C1)N2)C1=CC=C2OCCOC2=C1,39.0
ASAP-0012337,CNCCN1C[C@@]2(C(=O)N(C3=CN=CC4=CC=CC=C34)C[C@@H]2C)C2=CC(Cl)=CC=C2C1=O,3.0
ASAP-0012336,CC(C)[C@H](NC1=NC=NC2=C1C=C(C(=O)N[C@H]1CCN(C)C1)N2)C1=CC=C2CCCS(=O)(=O)C2=C1,4.0
ASAP-0012338,CNC(=O)C1=CC=CC(C2=CC3=C(N[C@H](C4=CC=C5CCCS(=O)(=O)C5=C4)C(C)C)N=CN=C3N2)=C1,197.0
ASAP-0012340,CNC(=O)C1=CC2=C(N[C@H](C3=CC=C4CCCS(=O)(=O)C4=C3)C(C)C)N=CN=C2N1,47.0
ASAP-0012344,CNC(=O)C1=CC=CC(C2=CC3=C(N[C@H](C4=CC=C5CCCS(=O)(=O)C5=C4)C(C)C)N=CN=C3N2)=C1,882.0
ASAP-0012346,CNC(=O)C1=CC2=C(N[C@H](C3=CC=C4CCCS(=O)(=O)C4=C3)C(C)C)N=CN=C2N1,23.0
ASAP-0012339,CO[C@@H](C)CN1C[C@@]2(C(=O)N(C3=CN=CC4=CC=CC=C34)C[C@@H]2C)C2=CC(F)=CC=C2C1=O,371.0
ASAP-0012331,CO[C@@H](C)CN1C[C@@]2(C(=O)N(C3=CN=CC4=CC=CC=C34)C[C@@H]2C)C2=CC(Cl)=CC=C2C1=O,726.0
ASAP-0012333,CNC(=O)[C@@H](C)N1C[C@@]2(C(=O)N(C3=CN=CC4=CC=CC=C34)C[C@@H]2C)C2=CC(Cl)=CC=C2C1=O,127.0
ASAP-0012307,CC(C)[C@H](NC1=NC=NC2=C1C=C(C1=CN(CC(N)=O)N=C1)N2)C1=CC=C2OCCOC2=N1,5.0
ASAP-0012315,CC(C)[C@H](NC1=NC=NC2=C1C=C(C1=CN(CC(N)=O)N=C1)N2)C1=CC=C2OCCOC2=N1,9.0
ASAP-0012349,CCNC(=O)C1=CC2=C(N[C@H](C3=CC=C4CCCS(=O)(=O)C4=C3)C(C)C)N=CN=C2N1,54.0
ASAP-0011513,C[C@H]1CN(C2=CN=CC3=CC=CC=C23)C(=O)[C@@]12CN(CCN1CCOCC1)C(=O)C1=CC=C(Cl)C=C12,368.0
ASAP-0011428,CC(C)[C@H](NC1=NC=NC2=C1C=C(C1=CN(CC(N)=O)N=C1)N2)C1=CC=C2CCCS(=O)(=O)C2=C1,39.0
ASAP-0011448,CC1=NN(C)C=C1C1=CC2=C(N[C@H](C3=CC=C4CCCS(=O)(=O)C4=C3)C(C)C)N=CN=C2N1,390.0
ASAP-0011446,CC1=NN(C)C=C1C1=CC2=C(N[C@H](C3=CC=C4CCCS(=O)(=O)C4=C3)C(C)C)N=CN=C2N1,202.0
ASAP-0011432,CC(C)[C@H](NC1=NC=NC2=C1C=C(C1=CN(CC(N)=O)N=C1)N2)C1=CC=C2CCCS(=O)(=O)C2=C1,96.0
ASAP-0011528,CNC(=O)[C@@H](C)N1C[C@@]2(C(=O)N(C3=CN=CC4=CC=CC=C34)C[C@@H]2C)C2=CC(F)=CC=C2C1=O,60.0
ASAP-0011430,CNC(=O)CN1C[C@@]2(C(=O)N(C3=CN=CC4=CC=CC=C34)C[C@@H]2CC#N)C2=CC(Cl)=CC=C2C1=O,46.0
ASAP-0011445,C[C@H]1CN(C2=CN=CC3=CC=CC=C23)C(=O)[C@@]12CN(CCN1CCOCC1)C(=O)C1=CC=C(F)C=C12,165.0
ASAP-0011485,C[C@H]1CN(C2=CN=CC3=CC=CC=C23)C(=O)[C@@]12CN(CC1=CNN=C1)C(=O)C1=CC=C(F)C=C12,672.0
ASAP-0011359,CNC(=O)C1(N2C[C@@]3(C(=O)N(C4=CN=CC5=CC=CC=C45)C[C@@H]3C)C3=CC(F)=CC=C3C2=O)CC1,43.0
ASAP-0011358,CNC(=O)CN1C[C@@]2(C(=O)N(C3=CN=CC4=CC=CC=C34)C[C@@H]2CN2C=CN=N2)C2=CC(F)=CC=C2C1=O,12.0
ASAP-0011343,CCNC(=O)CN1C[C@@]2(C(=O)N(C3=CN=CC4=CC=CC=C34)C[C@@H]2C)C2=CC(F)=CC=C2C1=O,232.0
ASAP-0011243,CNCC1=CC(C2=CC3=C(N[C@H](C4=CC=C5CCNS(=O)(=O)C5=C4)C(C)C)N=CN=C3N2)=CO1,42.0
ASAP-0011247,CC(C)[C@H](NC1=NC=NC2=C1C(C(=O)NC1CC1)=CN2)C1=CC=C2CCCS(=O)(=O)C2=C1,42.0
ASAP-0011414,CNC(=O)CN1C[C@@]2(C(=O)N(C3=CN=CC4=CC=CC=C34)C[C@@H]2CS(C)(=O)=O)C2=CC(F)=CC=C2C1=O,9.0
ASAP-0011408,CC1CCC2(CC1)CCN(C(=O)CC1=CN=CC3=CC=CC=C13)C2,226.0
ASAP-0011185,C[C@H]1CN(C2=CN=CC3=CC=CC=C23)C(=O)[C@@]12CN(CC(=O)NC1CCC1)C(=O)C1=CC=C(Cl)C=C12,961.0
ASAP-0011176,CNCC1=CC(C2=CC3=C(N[C@H](C4=CC=C5CCCS(=O)(=O)C5=C4)C(C)C)N=CN=C3N2)=CO1,54.0
ASAP-0011156,CNC(=O)C1=CNC2=NC=NC(N[C@H](C3=CC=C4CCCS(=O)(=O)C4=C3)C(C)C)=C12,113.0
ASAP-0011144,CC(C)[C@H](NC1=NC=NC2=C1C=C(C1=C(C#N)N(C)N=C1)N2)C1=CC=C2CCCS(=O)(=O)C2=C1,311.0
ASAP-0011147,CC(C)[C@H](NC1=NC=NC2=C1C=C(C1=C(C#N)N(C)N=C1)N2)C1=CC=C2CCCS(=O)(=O)C2=C1,709.0
ASAP-0011153,CNC(=O)C1=CNC2=NC=NC(N[C@H](C3=CC=C4CCCS(=O)(=O)C4=C3)C(C)C)=C12,770.0
ASAP-0011171,CNC(=O)CN1C=C(C2=CC3=C(N[C@H](C4=CC=C5CCCS(=O)(=O)C5=C4)C(C)C)N=CN=C3N2)C=N1,111.0
ASAP-0011159,CC(C)(C)[C@H](NC1=NC=NC2=C1C=C(C1=CN(CC(N)=O)N=C1)N2)C1=CC=C2OCCOC2=N1,10.0
ASAP-0011207,CC(C)[C@H](NC1=NC=NC2=C1C(C(=O)NC1CC1)=CN2)C1=CC=C2CCCS(=O)(=O)C2=C1,1740.0
ASAP-0011180,CC(C)[C@H](NC1=NC=NC2=C1C=C(C1=C(C#N)N(C)N=C1)N2)C1=CC=C2OCC(=O)NC2=N1,189.0
ASAP-0011184,CNC(=O)CN1C=C(C2=CC3=C(N[C@H](C4=CC=C5CCCS(=O)(=O)C5=C4)C(C)C)N=CN=C3N2)C=N1,44.0
ASAP-0011192,CC(C)[C@H](NC1=NC=NC2=C1C=C(C1=CN(C)N=C1)N2)C1=CC=C2CCNS(=O)(=O)C2=C1,87.0
ASAP-0011196,CC(C)[C@H](NC1=NC=NC2=C1C=C(C(=O)N[C@@H]1CCN(C)C1)N2)C1=CC=C2CCCS(=O)(=O)C2=C1,3.0
ASAP-0011198,CC(C)[C@H](NC1=NC=NC2=C1C=C(C(=O)N[C@@H]1CCN(C)C1)N2)C1=CC=C2CCCS(=O)(=O)C2=C1,11.0
ASAP-0011201,CC(C)[C@H](NC1=NC=NC2=C1C=C(C1=CC=C3N=NN(C)C3=C1)N2)C1=CC=C2CCCS(=O)(=O)C2=C1,219.0
ASAP-0011215,CC(C)[C@H](NC1=NC=NC2=C1C=C(C1=CN3C=NC=C3C=C1)N2)C1=CC=C2CCCS(=O)(=O)C2=C1,170.0
ASAP-0011177,CC(C)[C@H](NC1=NC=NC2=C1C=C(C1=C(C#N)N(C)N=C1)N2)C1=CC=C2OCC(=O)NC2=N1,131.0
ASAP-0011162,CC(C)(C)[C@H](NC1=NC=NC2=C1C=C(C1=CN(CC(N)=O)N=C1)N2)C1=CC=C2OCCOC2=N1,30.0
ASAP-0011221,CN1N=CC(C2=CC3=C(N[C@H](C4=CC=C5OCCOC5=N4)C(C)(C)C)N=CN=C3N2)=C1C#N,226.0
ASAP-0011169,CNCC1=CC(C2=CC3=C(N[C@H](C4=CC=C5CCCS(=O)(=O)C5=C4)C(C)C)N=CN=C3N2)=CO1,40.0
ASAP-0011219,CNC(=O)C1=CC2=C(N[C@H](C3=CC=C4OCC(=O)NC4=C3)C(C)C)N=CN=C2N1,33.0
ASAP-0011125,C[C@H]1CN(C2=CN=CC3=CC=CC=C23)C(=O)[C@@]12CN(CC(=O)NCC1(F)CC1)C(=O)C1=CC=C(F)C=C12,486.0
ASAP-0011076,CCNC(=O)C1=CC2=C(N[C@H](C3=CC=C4CCNS(=O)(=O)C4=C3)C(C)C)N=CN=C2N1,45.0
ASAP-0011059,C[C@H]1CN(C2=CN=CC3=CC=CC=C23)C(=O)[C@@]12CN(CC(=O)NCC1CC1)C(=O)C1=CC=C(F)C=C12,832.0
ASAP-0011052,CCNC(=O)CN1C[C@@]2(C(=O)N(C3=CN=CC4=CC=CC=C34)C[C@@H]2C)C2=CC(Cl)=CC=C2C1=O,397.0
ASAP-0011033,CC(C)[C@@H](NC1=NC=NC2=C1C=C(C1=C(C#N)N(C)N=C1)N2)C1=CC=C2OCCOC2=C1,129.0
ASAP-0011036,CN1C(=O)C2=CC=C(Cl)C=C2[C@]12CCCN(C1=CN=CC3=CC=CC=C13)C2=O,43.0
ASAP-0010980,CC(C)[C@H](NC1=NC=NC2=C1C=C(C1=C(C#N)N(C)N=C1)N2)C1=CC=C2OCCOC2=C1,257.0
ASAP-0010739,CC(C)[C@H](NC1=NC=NC(N)=C1Cl)C1=CC=C2CCCS(=O)(=O)C2=C1,204.0
ASAP-0010740,CN[C@H](C)CN1C[C@H](C(=O)NC2=CN=CC3=CC=CC=C23)C2=CC(Cl)=CC=C2C1=O,48.0
ASAP-0010744,COC1=CC=C([C@H](NC(=O)C2=C3C=CNC3=NC=N2)C(C)C2=NN=NN2)C=C1,1.0
ASAP-0010745,CNCC1=CC(C2=CC3=C(N[C@H](C4=CC=C5CCCS(=O)(=O)C5=C4)C(C)C)N=CN=C3N2)=CO1,52.0
ASAP-0010715,CC(C)[C@H](NC1=NC=NC2=C1C=C(C1=C(C#N)N(C)N=C1)N2)C1=CC=C2OCCOC2=N1,81.0
ASAP-0010716,CC(C)[C@H](NC1=NC=NC2=C1C=C(C1=C(C#N)N(C)N=C1)N2)C1=CC=C2OCCOC2=N1,371.0
ASAP-0010723,CNC(=O)CN1C=C(C2=CC3=C(N[C@H](C4=CC=C5CCCS(=O)(=O)C5=C4)C(C)C)N=CN=C3N2)C=N1,77.0
ASAP-0010712,CO[C@@H](C)CN1C[C@H](C(=O)NC2=CN=CC3=CC=CC=C23)C2=CC(Cl)=CC=C2C1=O,557.0
ASAP-0008711,CCNC(=O)C1=CC2=C(N[C@H](C3=CC=C4CCCS(=O)(=O)C4=C3)C(C)C)N=CN=C2N1,85.0
ASAP-0008685,CNC(=O)C1=CC2=C(N[C@H](C3=CC=C4CCCS(=O)(=O)C4=C3)C(C)C)N=CN=C2N1,46.0
ASAP-0008679,CC(C)[C@H](NC1=NC=NC2=C1C=C(C1=CN(CC(N)=O)N=C1)N2)C1=CC=C2CCCS(=O)(=O)C2=C1,61.0
ASAP-0008678,CC(C)[C@H](NC1=NC=NC2=C1C=C(C1=CN(C)N=C1)N2)C1=CC=C2CCCS(=O)(=O)C2=C1,155.0
ASAP-0008676,CC(C)[C@H](NC1=NC=NC2=C1C=CN2)C1=CC=C2CCCS(=O)(=O)C2=C1,55.0
ASAP-0008674,CC(C)[C@H](NC1=NC=NC2=C1C=CN2)C1=CC=C2CCCS(=O)(=O)C2=C1,207.0
ASAP-0008668,CC(C)[C@H](NC1=NC=NC2=C1C=C(C1=CN(CC(=O)N(C)C)N=C1)N2)C1=CC=C2CCCS(=O)(=O)C2=C1,68.0
ASAP-0008641,CNC(=O)C1=CNC2=NC=NC(N[C@H](C3=CC=C4CCCS(=O)(=O)C4=C3)C(C)C)=C12,192.0
ASAP-0008637,CNC(=O)C1=CNC2=NC=NC(N[C@H](C3=CC=C4OCC(=O)NC4=C3)C(C)C)=C12,113.0
ASAP-0008651,CC(C)[C@H](NC1=NC=NC2=C1C=C(C1=C(C#N)N(C)N=C1)N2)C1=CC=C2CCCS(=O)(=O)C2=C1,440.0
ASAP-0008650,COCCNC(=O)C1=CNC2=NC=NC(N[C@H](C3=CC=C4CCCS(=O)(=O)C4=C3)C(C)C)=C12,888.0
ASAP-0008648,CC(C)(C)[C@H](NC1=NC=NC2=C1C=C(C1=CN(CC(N)=O)N=C1)N2)C1=CC=C2OCCOC2=N1,31.0
ASAP-0008647,CC(C)[C@H](NC1=NC=NC2=C1C(C(=O)NC1CC1)=CN2)C1=CC=C2CCCS(=O)(=O)C2=C1,234.0
ASAP-0008645,CN1N=CC(C2=CC3=C(N[C@H](C4=CC=C5OCCOC5=N4)C(C)(C)C)N=CN=C3N2)=C1C#N,209.0
ASAP-0008644,CC(C)[C@H](NC1=NC=NC2=C1C=C(C1=C(C#N)N(C)N=C1)N2)C1=CC=C2OCC(=O)NC2=N1,145.0
ASAP-0008646,CC(C)[C@H](NC1=NC=NC2=C1C=C(C1=CN(CC(N)=O)N=C1)N2)C1=CC=C2OCCOC2=N1,12.0
ASAP-0008621,CC(C)[C@H](NC1=NC=NC2=C1C=C(C1=CN(CC(N)=O)N=C1)N2)C1=CC=C2OCC(=O)NC2=C1,11.0
ASAP-0008565,CNC(=O)CN1C=C(C2=CC3=C(N[C@H](C4=CC=C5OCCOC5=C4)C(C)C)N=CN=C3N2)C=N1,47.0
ASAP-0008571,CNC(=O)C1=CC2=C(N[C@H](C3=CC=C4OCC(=O)NC4=C3)C(C)C)N=CN=C2N1,20.0
ASAP-0008576,CC(C)[C@H](NC1=NC=NC2=C1C=C(C1=C(C#N)N(C)N=C1)N2)C1=CC=C2OCC(=O)NC2=C1,177.0
ASAP-0008581,CC(C)(C)[C@H](NC1=NC=NC2=C1C=C(C1=CN(CC(N)=O)N=C1)N2)C1=CC=C2OCCOC2=C1,47.0
ASAP-0008482,CC(C)[C@H](NC1=NC=NC2=C1C=C(C1=CN(CCC(N)=O)N=C1)N2)C1=CC=C2OCCOC2=C1,62.0
ASAP-0008484,CN1N=CC(C2=CC3=C(N[C@H](C4=CC=C5OCCOC5=C4)C(C)(C)C)N=CN=C3N2)=C1C#N,199.0
ASAP-0008485,CC(C)[C@H](NC1=NC=NC2=C1C=C(C1=CN(CC(=O)N(C)C)N=C1)N2)C1=CC=C2OCCOC2=C1,59.0
ASAP-0008431,CC(C)[C@H](NC1=NC=NC2=C1C=CN2)C1=CC=C2OCC(=O)NC2=C1,80.0
ASAP-0008445,C[C@H](C(=O)O)[C@H](NC(=O)C1=NC=NC2=C1C=CN2)C1=CC=C(Br)C=C1,4.0
ASAP-0008450,CC(C)[C@H](NC1=NC=NC2=C1C=C(C1=CN(CC(N)=O)N=C1)N2)C1=CC=C2OCCOC2=C1,42.0
ASAP-0008449,CC(C)[C@H](NC1=NC=NC2=C1C=C(C1=CN(CC(N)=O)N=C1)N2)C1=CC=C2OCCOC2=C1,16.0
ASAP-0008430,CC(C)[C@H](NC1=NC=NC2=C1C=CN2)C1=CC=C2OCC(=O)NC2=C1,37.0
ASAP-0008444,CCNC(=O)C1=CC2=C(N[C@H](C3=CC=C4OCCOC4=C3)C(C)C)N=CN=C2N1,88.0
ASAP-0008418,CC(C)[C@H](NC1=NC=NC2=C1C=C(C1=C(C#N)N(C)N=C1)N2)C1=CC=C2OCCOC2=N1,139.0
ASAP-0008399,CC(C)[C@H](NC1=NC=NC2=C1C(C(N)=O)=CN2)C1=CC=C2OCCOC2=C1,142.0
ASAP-0008406,CNC(=O)C1=CNC2=NC=NC(N[C@H](C3=CC=C4OCCOC4=C3)C(C)C)=C12,88.0
ASAP-0008340,COC1=CC=C([C@H](CC2=NN=NN2)NC(=O)C2=NC=NC3=C2C=CN3)C=C1,0.0
ASAP-0008348,CNC(=O)C1=CC2=C(N[C@H](C3=CC=C4OCCOC4=C3)C(C)C)N=CN=C2N1,55.0
ASAP-0008327,CC(C)[C@H](NC1=NC=NC2=C1C=CN2)C1=CC=C2CCCS(=O)(=O)C2=C1,138.0
ASAP-0008288,CC(C)[C@H](NC1=NC=NC2=C1C=C(C1=CN(CC(N)=O)N=C1)N2)C1=CC=C2OCCOC2=C1,41.0
ASAP-0008279,CC(C)[C@H](NC1=NC=NC2=C1C=CN2)C1=CC=C2OCCOC2=C1,1680.0
ASAP-0008270,CC(C)[C@H](NC1=NC=NC2=C1C=CN2)C1=CC=C2OCCOC2=N1,170.0
ASAP-0008275,CC(C)[C@H](NC1=NC=NC2=C1C=C(C1=C(C#N)N(C)N=C1)N2)C1=CC=C2OCCOC2=C1,218.0
ASAP-0000775,C[C@H]1CN(C2=CN=CC3=CC=CC=C23)C(=O)[C@@]12CN(CC(=O)NCC1=NN(C)C=C1)C(=O)C1=CC=C(Cl)C=C12,398.0
ASAP-0000774,C[C@H]1CN(C2=CN=CC3=CC=CC=C23)C(=O)[C@@]12CN(CC(=O)NCC1=CC=NN1C)C(=O)C1=CC=C(Cl)C=C12,365.0
ASAP-0000738,CNC(=O)CN1C[C@]2(C(=O)N(C3=CN=CC4=CC=CC=C34)C[C@H]2CC2CC2)C2=CC(Cl)=CC=C2C1=O,77.0
ASAP-0000733,CNC(=O)CN1C[C@@]2(C(=O)N(C3=CN=CC4=CC=CC=C34)C[C@@H]2C)C2=CC(Cl)=CC=C2C1=O,75.0
ASAP-0000627,O=C(NC1=C2NC=C(C(=O)N[C@H]3C4=CC=CC=C4C[C@H]3C(=O)O)C2=CC=C1)NC1CC1,4.0
ASAP-0000591,COC1=CC=C([C@H](CC(=O)O)NC(=O)C2=NC=NC3=C2C=CN3)C=C1,2.0
ASAP-0000528,CNC(=O)CN1C[C@]2(CCN(C3=CN=CC4=CC=C(OC[C@H](O)CN(C)C)C=C34)C2=O)C2=CC(Cl)=CC=C2C1=O,2.0
ASAP-0000541,CNC(=O)CN1C[C@@]2(C(=O)N(C3=CN=CC4=CC=CC=C34)C[C@@H]2C)C2=CC=CC=C2C1=O,17.0
ASAP-0000502,COC1=CC=C2C(=C1)CCN(C1=NC=NC3=C1C=CN3)[C@H]2C(C)C,321.0
ASAP-0000450,CC(C)[C@H](NC1=NC=NC2=C1C=CN2)C1=CC=C2OCCOC2=C1,340.0
ASAP-0000453,CC(C)[C@H](CO)NC1=NC=NC2=C1C=CN2,10.0
ASAP-0000272,CNC(=O)CN1C[C@@]2(C(=O)N(C3=CN=CC4=CC=CC=C34)C[C@@H]2C)C2=C(C=CC(F)=C2)C1=O,23.0
ASAP-0000175,C=CC(=O)NC1=CC=CC(N(CC2=CC=CC(Cl)=C2)C(=O)CC2=CN=CC3=CC=CC=C23)=C1,2380.0
ASAP-0000136,O=C(O)C[C@H](NC(=O)C1=NC=NC2=C1C=CN2)C1=CC=C(Br)C=C1,1.0
ASAP-0000132,O=C(NC1=CC=CC=C1)NC1=CC=C(C(=O)NC2C3=C(CC2C(=O)O)C(O)=CC=C3)C=C1,2.0
ASAP-0022458,C=CC(=O)N1CCCC2=CC=C(N(CC3=CC=CC(C(F)(F)F)=C3)C(=O)CC3=CN=CC4=CC=CC=C34)C=C21,2150.0
ASAP-0022456,C=CC(=O)N1CCCC2=CC=C(N(CC3=CC=CC(Cl)=C3)C(=O)CC3=CN=CC4=C(F)C=CC=C34)C=C21,1920.0
ASAP-0022459,C=CC(=O)N1CCCC2=CC=C(N(C(=O)CC3=CN=CC4=CC=CC=C34)N(C)C3=CC=CC(Cl)=C3)C=C21,1760.0
ASAP-0000689,CN(C)CCCN1C2=CC=CC=C2CCC2=CC=CC=C21,169.0
ASAP-0000690,CC(C)NC[C@H](O)COC1=CC=CC2=CC=CC=C12,63.0
ASAP-0000691,O=C(O)CC1=CC=CC=C1NC1=C(Cl)C=CC=C1Cl,386.0
ASAP-0031558,CC(C)[C@H]1C2=C(CCN1C(=O)CC1=CN=CC3=CC=CC=C13)SC=C2,659.0
ASAP-0031372,CC(C)C1(C)CCN(C(=O)CC2=CN=CC3=CC=CC=C23)CC1,568.0
ASAP-0031411,O=C(CC1=CN=CC2=CC=CC=C12)N1CCC2=C(C=CS2)C12CCC2,675.0
ASAP-0031442,CC1(CC(F)(F)F)CCN(C(=O)CC2=CN=CC3=CC=CC=C23)CC1,414.0
ASAP-0031187,CCC1=CC=C([C@H]2C[C@H](C)CCN2C(=O)CC2=CN=CC3=CC=CC=C23)O1,812.0
ASAP-0031242,O=C(CC1=CN=CC2=CC=CC=C12)N1CCC2=C(C1)N=CS2,146.0
ASAP-0031213,CC1=CN=CC(CC(=O)N2CCC3=C(C=CS3)C2)=C1,238.0
ASAP-0031146,CC(C)C1(F)CCN(C(=O)CC2=CN=CC3=CC=CC=C23)CC1,705.0
ASAP-0030055,COCC1CCN(C(=O)CC2=CN=CC3=CC=CC=C23)CC1,270.0
ASAP-0029987,O=C1C2=CC=C(Cl)C=C2[C@@]2(CN1CC1=NNC=C1)C(=O)N(C1=CN=CC3=CC=CC=C13)C[C@@H]2CNC1=NN=C(C(F)(F)F)O1,85.3
ASAP-0029984,O=C1C2=CC=C(Cl)C=C2[C@@]2(CN1CC1=NNC=C1)C(=O)N(C1=CN=CC3=CC=CC=C13)C[C@@H]2CNC1=NN=CS1,86.6
ASAP-0029947,O=C(CC1=CN=CC2=CC=CC=C12)N1CCC(C(F)(F)F)CC1,858.0
ASAP-0029694,CC1=NC=CC(CN2C[C@@]3(C(=O)N(C4=CN=CC5=CC=CC=C45)C[C@@H]3CNC3=NN=CO3)C3=CC(Cl)=CC=C3C2=O)=N1,117.0
ASAP-0029657,CCC1CCN(C(=O)CC2=CN=CC3=CC=CC=C23)CC1,473.0
ASAP-0029741,CC1=NC=CC(CN2C[C@@]3(C(=O)N(C4=CN=CC5=CC=CC=C45)C[C@@H]3CNC3=NN=C(C(F)(F)F)O3)C3=CC(Cl)=CC=C3C2=O)=N1,197.0
ASAP-0029738,C[C@@H]1CCN(C(=O)CC2=CN=CC3=CC=CC=C23)[C@H](C)C1,501.0
ASAP-0029707,CC1(C)CCN(C(=O)CC2=CN=CC3=CC=CC=C23)CC1,111.0
ASAP-0029604,CC(C)C1CCN(C(=O)CC2=CN=CC3=CC=CC=C23)CC1,783.0
ASAP-0029643,CC1=NC=CC(CN2C[C@@]3(C(=O)N(C4=CN=CC5=CC=CC=C45)C[C@@H]3CNC3=NN=C(C)O3)C3=CC(Cl)=CC=C3C2=O)=N1,112.0
ASAP-0029634,C[C@H]1C[C@@H](C)N(C(=O)CC2=CN=CC3=CC=CC=C23)[C@@H](C)C1,876.0
ASAP-0029560,CC1=NC=CC(CN2C[C@@]3(C(=O)N(C4=CN=CC5=CC=CC=C45)C[C@@H]3CNC3=NN=CS3)C3=CC(Cl)=CC=C3C2=O)=N1,160.0
ASAP-0029539,O=C(CC1=CN=CC2=CC=CC=C12)N1CCC(C(F)F)CC1,129.0
ASAP-0029423,CC(F)(F)C1CCN(C(=O)CC2=CN=CC3=CC=CC=C23)CC1,220.0
ASAP-0029287,CC(C)CC1(C)CCN(C(=O)CC2=CN=CC3=CC=CC=C23)CC1,393.0
ASAP-0028999,O=C(CC1=CN=CC2=CC=CC=C12)N(CC1=CC=CC(Cl)=C1)C1=CC=C2N=CNC2=C1,1330.0
ASAP-0028832,COC1=CC=C(N(CC2=CC=CC(Cl)=C2)C(=O)CC2=CN=CC=C2C)C=C1,887.0
ASAP-0028820,C[C@H]1C2=C(CCN1C(=O)CC1=CN=CC3=CC=CC=C13)SC=C2,793.0
ASAP-0028829,C[C@H]1CCN(C(=O)CC2=CN=CC3=CC=CC=C23)C1,94.6
ASAP-0028830,C[C@H]1CCN1C(=O)CC1=CN=CC2=CC=CC=C12,49.3
ASAP-0028818,CC1=NC2=CC=C(N(CC3=CC=CC(Cl)=C3)C(=O)CC3=CN=CC4=CC=CC=C34)C=C2N1,1020.0
ASAP-0028833,O=C(CC1=CN=CC2=CC=CC=C12)N1CCCN2N=CC=C2C1,583.0
ASAP-0028823,O=C(CC1=CN=CC2=CC=CC=C12)N1CCC2=C(Cl)C=CC=C2C1,1470.0
ASAP-0028815,O=C(CC1=CN=CC2=CC=CC=C12)N1CCN2N=CC=C2C1,104.0
ASAP-0028819,C[C@H]1C2=C(CCN1C(=O)CC1=CN=CC3=CC=CC=C13)SC=C2,1680.0
ASAP-0028810,O=C(CC1=CN=CC2=CC=CC=C12)N1CCC1,15.6
ASAP-0028872,C[C@H]1CCN(C(=O)CC2=CN=CC3=CC=CC=C23)CCO1,287.0
ASAP-0028866,CC1CN(C(=O)CC2=CN=CC3=CC=CC=C23)C1,62.6
ASAP-0028843,O=C(CC1=CN=CC2=CC=CC=C12)N1CCCOCC1,63.6
ASAP-0028889,C[C@H]1CCOCCN1C(=O)CC1=CN=CC2=CC=CC=C12,114.0
ASAP-0028881,C[C@H]1CN(C(=O)CC2=CN=CC3=CC=CC=C23)CCCO1,274.0
ASAP-0028867,O=C(CC1=CN=CC2=CC=CC=C12)N1CCCCC1,180.0
ASAP-0028856,CC1CCN(C(=O)CC2=CN=CC3=CC=CC=C23)CC1,402.0
ASAP-0028855,CN1C=NC2=C1CCN(C(=O)CC1=CN=CC3=CC=CC=C13)C2,118.0
ASAP-0028844,CC1=NC2=C(CCN(C(=O)CC3=CN=CC4=CC=CC=C34)C2)N1C,146.0
ASAP-0028841,O=C(CC1=CN=CC2=CC=CC=C12)N1CCCC1,29.3
ASAP-0028838,CC[C@H]1C2=C(CCN1C(=O)CC1=CN=CC3=CC=CC=C13)SC=C2,1980.0
ASAP-0028837,CC[C@H]1C2=C(CCN1C(=O)CC1=CN=CC3=CC=CC=C13)SC=C2,532.0
ASAP-0028804,C[C@H]1CN(C(=O)CC2=CN=CC3=CC=CC=C23)CCO1,54.5
ASAP-0028002,O=C(CC1=CN=CC2=CC=CC=C12)N(CC1=CC=CC(Cl)=C1)C1=CC=C2C=CNC2=C1,699.0
ASAP-0028001,COC1=CC=C(N(CC2=CC=CC(Cl)=C2)C(=O)CC2=CN=CC(C)=C2)C=C1,891.0
ASAP-0027976,O=C(CC1=CN=CC2=CC=CC=C12)N1CCC2=C(C=CS2)C1,1330.0
ASAP-0027997,O=C(CC1=CN=CC2=CC=CC=C12)N1CCCCCC1,495.0
ASAP-0028004,C[C@H]1CCCN(C(=O)CC2=CN=CC3=CC=CC=C23)C1,489.0
ASAP-0027927,C[C@H]1COCCN(C(=O)CC2=CN=CC3=CC=CC=C23)C1,209.0
ASAP-0028012,C[C@H]1CCCCN1C(=O)CC1=CN=CC2=CC=CC=C12,299.0
ASAP-0027975,O=C(CC1=CN=CC2=CC=CC=C12)N1CCC2=C(C1)N=CN2,58.1
ASAP-0027948,C[C@H]1COCCCN1C(=O)CC1=CN=CC2=CC=CC=C12,84.4
ASAP-0027930,C[C@H]1CCCN1C(=O)CC1=CN=CC2=CC=CC=C12,95.1
ASAP-0027924,COC1=CC=C(N(CC2=CC=CC(Cl)=C2)C(=O)CC2=CC=CN=C2)C=C1,753.0
ASAP-0027949,C[C@H]1CCCCCN1C(=O)CC1=CN=CC2=CC=CC=C12,583.0
ASAP-0027969,C[C@H]1CCCCN(C(=O)CC2=CN=CC3=CC=CC=C23)C1,1140.0
ASAP-0027986,C[C@H]1COCCN1C(=O)CC1=CN=CC2=CC=CC=C12,26.4
ASAP-0027994,C[C@H]1CCCN(C(=O)CC2=CN=CC3=CC=CC=C23)CC1,876.0
ASAP-0027780,O=C1C2=CC=C(Cl)C=C2[C@@]2(CN1CC1CNC1)C(=O)N(C1=CN=CC3=CC=CC=C13)C[C@@H]2CNC1=NC=CS1,14.6
ASAP-0023179,CC1=NC2=NC=NN2C(SC2=NN=C(C3=CC=C(Cl)C=C3)N2C)=C1,38.3
ASAP-0022922,CC1=NN=C(SC2=CC(C3=CC=CC=C3)=NC3=NC=NN23)N1C,49.6
ASAP-0021174,CCS(=O)(=O)N[C@H]1CN(C2=CN=CC3=CC=CC=C23)C(=O)[C@@]12CN(CC(=O)NC)C(=O)C1=CC=C(Cl)C=C12,43.5
ASAP-0020941,CNC(=O)CN1C[C@@]2(C(=O)N(C3=CN=CC4=CC=CC=C34)C[C@@H]2NC(C)=O)C2=CC(Cl)=CC=C2C1=O,15.8
ASAP-0017647,O=C1C2=CC=C(Cl)C=C2[C@@]2(CN1CC1=CC=NN=C1)C(=O)N(C1=CN=CC3=CC=CC=C13)C[C@@H]2CNC1=NN=CS1,42.5
ASAP-0017685,CNC(=O)CN1C[C@]2(C(=O)N(C3=CN=CC4=CC=CC=C34)C[C@H]2OCC2CC2)C2=CC(Cl)=CC=C2C1=O,69.6
ASAP-0017714,COC(=O)N[C@H](C(=O)N1C[C@H](C(F)(F)F)C[C@H]1C(=O)N[C@H](C#N)C[C@@H]1CCNC1=O)C(C)(C)C,12.6
ASAP-0017386,CCO[C@H]1CN(C2=CN=CC3=CC=CC=C23)C(=O)[C@@]12CN(CC(=O)NC)C(=O)C1=CC=C(Cl)C=C12,54.5
ASAP-0017058,O=C1C2=CC=C(Cl)C=C2[C@@]2(CN1CC1=NN=CO1)C(=O)N(C1=CN=CC3=CC=CC=C13)C[C@@H]2CNC1=NC=NC=N1,19.2
ASAP-0016902,CNC(=O)CN1C[C@@]2(C(=O)N(C3=CN=CC4=CC=CC=C34)C[C@@H]2NCC2CC2)C2=CC(Cl)=CC=C2C1=O,32.0
ASAP-0016838,CNC(=O)CN1C[C@@]2(C(=O)N(C3=CN=CC4=CC=CC=C34)C[C@@H]2NS(C)(=O)=O)C2=CC(Cl)=CC=C2C1=O,12.4
ASAP-0016592,CNC(=O)CN1C[C@@]2(C(=O)N(C3=CN=CC4=CC=CC=C34)C[C@@H]2NC)C2=CC(Cl)=CC=C2C1=O,15.4
ASAP-0016591,C[C@H]1CN(CCN2C[C@@]3(C(=O)N(C4=CN=CC5=CC=CC=C45)C[C@@H]3C)C3=CC(Cl)=CC=C3C2=O)C[C@@H](C)O1,233.0
ASAP-0016541,CNC(=O)CN1C[C@@]2(C(=O)N(C3=CN=CC4=CC=CC=C34)C[C@@H]2COCC2CC2)C2=CC(Cl)=CC=C2C1=O,2.96
ASAP-0016543,CNC(=O)CN1C[C@@]2(C(=O)N(C3=CN=CC4=CC=CC=C34)C[C@@H]2NC(C)C)C2=CC(Cl)=CC=C2C1=O,33.7
ASAP-0016539,O=C1C2=CC=C(Cl)C=C2[C@@]2(CN1CC1=CC=NN=C1)C(=O)N(C1=CN=CC3=CC=CC=C13)C[C@@H]2CNC1=CC=NC=N1,17.2
ASAP-0016542,C[C@H]1CN(C2=CN=CC3=CC=CC=C23)C(=O)[C@@]12CN(CCN1CCC1)C(=O)C1=CC=C(Cl)C=C12,5.43
ASAP-0016508,CNC(=O)CN1C[C@@]2(C(=O)N(C3=CN=CC4=CC=CC=C34)C[C@@H]2N)C2=CC(Cl)=CC=C2C1=O,13.8
ASAP-0016094,C=CC(=O)N1CCCC2=CC=C(N(CC3=CC=CC(Cl)=C3)C(=O)CC3=CN=CC4=CC=CC=C34)C=C21,524.0
ASAP-0015900,C[C@H]1CN(C2=CN=CC3=CC=CC=C23)C(=O)[C@@]12CN(C1CCNCC1)C(=O)C1=CC=C(Cl)C=C12,2.0
ASAP-0015906,CC1=NN=C(CN2C[C@@]3(C(=O)N(C4=CN=CC5=CC=CC=C45)C[C@@H]3CNC3=CC=NC=N3)C3=CC(Cl)=CC=C3C2=O)O1,32.0
ASAP-0015904,O=C1C2=CC=C(Cl)C=C2[C@@]2(CN1CC1COC1)C(=O)N(C1=CN=CC3=CC=CC=C13)C[C@@H]2CNC1=CC=NC=N1,21.0
ASAP-0015777,CNCCN1C[C@@]2(C(=O)N(C3=CN=CC4=CC=CC=C34)C[C@@H]2CS(=O)(=O)N(C)C)C2=CC(Cl)=CC=C2C1=O,2.41
ASAP-0015773,CNCCN1C[C@@]2(C(=O)N(C3=CN=CC4=CC=CC=C34)C[C@@H]2COCC2CC2)C2=CC(Cl)=CC=C2C1=O,0.546
ASAP-0015657,C[C@H]1CN(CCN2C[C@@]3(C(=O)N(C4=CN=CC5=CC=CC=C45)C[C@@H]3C)C3=CC(Cl)=CC=C3C2=O)[C@@H](C)CO1,973.0
ASAP-0015666,C[C@H]1CN(C2=CN=CC3=CC=CC=C23)C(=O)[C@@]12CN(CCN1C[C@H]3CC[C@H](C1)O3)C(=O)C1=CC=C(Cl)C=C12,796.0
ASAP-0015648,CNC(=O)CN1C[C@@]2(C(=O)N(C3=CN=CC4=CC=CC=C34)C[C@@H]2COC2CCC2)C2=CC(Cl)=CC=C2C1=O,24.0
ASAP-0015656,C[C@@H]1CN(CCN2C[C@@]3(C(=O)N(C4=CN=CC5=CC=CC=C45)C[C@@H]3C)C3=CC(Cl)=CC=C3C2=O)[C@H](C)CO1,525.0
ASAP-0015660,C[C@H]1CN(C2=CN=CC3=CC=CC=C23)C(=O)[C@@]12CN(CCN1CC(F)(F)C1)C(=O)C1=CC=C(Cl)C=C12,393.0
ASAP-0015663,C[C@H]1CN(CCN2C[C@@]3(C(=O)N(C4=CN=CC5=CC=CC=C45)C[C@@H]3C)C3=CC(Cl)=CC=C3C2=O)C[C@H](C)O1,573.0
ASAP-0015672,C[C@H]1CN(C2=CN=CC3=CC=CC=C23)C(=O)[C@@]12CN(CCN1C[C@H]3C[C@@H]1CO3)C(=O)C1=CC=C(Cl)C=C12,132.0
ASAP-0015669,C[C@H]1CN(C2=CN=CC3=CC=CC=C23)C(=O)[C@@]12CN(CCN1C[C@@H]3COC[C@@H]3C1)C(=O)C1=CC=C(Cl)C=C12,234.0
ASAP-0015677,C[C@@H]1CN(CCN2C[C@@]3(C(=O)N(C4=CN=CC5=CC=CC=C45)C[C@@H]3C)C3=CC(Cl)=CC=C3C2=O)CCO1,112.0
ASAP-0015679,C[C@@H]1CN(CCN2C[C@@]3(C(=O)N(C4=CN=CC5=CC=CC=C45)C[C@@H]3C)C3=CC(Cl)=CC=C3C2=O)C[C@@H](C)O1,855.0
ASAP-0015514,C[C@H]1CN(CCN2C[C@@]3(C(=O)N(C4=CN=CC5=CC=CC=C45)C[C@@H]3C)C3=CC(Cl)=CC=C3C2=O)CCO1,188.0
ASAP-0015512,C[C@H]1COC[C@@H](C)N1CCN1C[C@@]2(C(=O)N(C3=CN=CC4=CC=CC=C34)C[C@@H]2C)C2=CC(Cl)=CC=C2C1=O,690.0
ASAP-0015508,C[C@H]1CN(C2=CN=CC3=CC=CC=C23)C(=O)[C@@]12CN(CCN1CCOC(C)(C)C1)C(=O)C1=CC=C(Cl)C=C12,534.0
ASAP-0015376,C[C@@H]1COC[C@@H](C)N1CCN1C[C@@]2(C(=O)N(C3=CN=CC4=CC=CC=C34)C[C@@H]2C)C2=CC(Cl)=CC=C2C1=O,639.0
ASAP-0015239,CNC(=O)CN1C[C@@]2(C(=O)N(C3=CN=CC4=CC=CC=C34)C[C@@H]2CNC2=NN=CS2)C2=CC(Cl)=CC=C2C1=O,10.0
ASAP-0015078,CNC(=O)CN1C[C@@]2(C(=O)N(C3=CN=CC4=CC=CC=C34)C[C@@H]2CCl)C2=CC(Cl)=CC=C2C1=O,105.0
ASAP-0015108,CNC(=O)CN1C[C@@]2(C(=O)N(C3=CN=CC4=CC=CC=C34)C[C@@H]2CNC2=NC=NC=N2)C2=CC(Cl)=CC=C2C1=O,28.0
ASAP-0015092,C[C@H]1CN(C2=CN=CC3=CC=CC=C23)C(=O)[C@@]12CN(CCN1CCC3(COC3)C1)C(=O)C1=CC=C(Cl)C=C12,260.0
ASAP-0014936,COC[C@H]1CN(C2=CN=CC3=CC=CC=C23)C(=O)[C@@]12CN(CC1=CNC=N1)C(=O)C1=CC=C(Cl)C=C12,65.0
ASAP-0014948,COC[C@H]1CN(C2=CN=CC3=CC=CC=C23)C(=O)[C@@]12CN(CC1=NC=CN1)C(=O)C1=CC=C(Cl)C=C12,763.0
ASAP-0014794,C[C@H]1CN(C2=CN=CC3=CC=CC=C23)C(=O)[C@@]12CN(CC1=CC=NC=N1)C(=O)C1=CC=C(F)C=C12,488.0
ASAP-0014745,C[C@H]1CN(C2=CN=CC3=CC=CC=C23)C(=O)[C@@]12CN(CC1=NC=CO1)C(=O)C1=CC=C(F)C=C12,29.0
ASAP-0014758,C[C@H]1CN(C2=CN=CC3=CC=CC=C23)C(=O)[C@@]12CN(CC1=NN(C)N=N1)C(=O)C1=CC=C(F)C=C12,64.0
ASAP-0014753,C[C@H]1CN(C2=CN=CC3=CC=CC=C23)C(=O)[C@@]12CN(CC1=NN(C)N=C1)C(=O)C1=CC=C(F)C=C12,106.0
ASAP-0014750,CC1=NC(CN2C[C@@]3(C(=O)N(C4=CN=CC5=CC=CC=C45)C[C@@H]3C)C3=CC(F)=CC=C3C2=O)=CO1,211.0
ASAP-0014762,CC1=NC(CN2C[C@@]3(C(=O)N(C4=CN=CC5=CC=CC=C45)C[C@@H]3C)C3=CC(F)=CC=C3C2=O)=NO1,37.0
ASAP-0014717,C[C@H]1CN(C2=CN=CC3=CC=CC=C23)C(=O)[C@@]12CN(CCN1CCS(=O)(=O)CC1)C(=O)C1=CC=C(Cl)C=C12,672.0
ASAP-0014769,C[C@H]1CN(C2=CN=CC3=CC=CC=C23)C(=O)[C@@]12CN(CC1=NN(C)C=N1)C(=O)C1=CC=C(F)C=C12,13.0
ASAP-0014764,C[C@H]1CN(C2=CN=CC3=CC=CC=C23)C(=O)[C@@]12CN(CC1=NOC=C1)C(=O)C1=CC=C(F)C=C12,254.0
ASAP-0014770,C[C@H]1CN(C2=CN=CC3=CC=CC=C23)C(=O)[C@@]12CN(CC1=NN(C)C=C1)C(=O)C1=CC=C(F)C=C12,80.0
ASAP-0014773,C[C@H]1CN(C2=CN=CC3=CC=CC=C23)C(=O)[C@@]12CN(CC1=CN(C)N=C1)C(=O)C1=CC=C(F)C=C12,102.0
ASAP-0014789,COC[C@H]1CN(C2=CN=CC3=CC=CC=C23)C(=O)[C@@]12CN(CC1=CC=NN1)C(=O)C1=CC=C(Cl)C=C12,229.0
ASAP-0014632,C[C@H]1CN(C2=CN=CC3=CC=CC=C23)C(=O)[C@@]12CN(CCN1CCCC1=O)C(=O)C1=CC=C(Cl)C=C12,539.0
ASAP-0014619,CC1=NC=C(CN2C[C@@]3(C(=O)N(C4=CN=CC5=CC=CC=C45)C[C@@H]3C)C3=CC(F)=CC=C3C2=O)O1,259.0
