Molecule name,SMILES,MDR1-MDCKII
ASAP-0032437,COC1=CC=CC(Cl)=C1NC(=O)N1CCC[C@H](C(N)=O)C1,2.0
ASAP-0031915,O=C(NCC(F)F)[C@H](NC1=CC2=C(C=C1Br)CNC2)C1=CC(Cl)=CC(C2CC2)=C1,0.2
ASAP-0031884,O=C(NCC(F)F)[C@H](NC1=CC=C2CNCC2=C1)C1=CC(Br)=CC2=C1NC=N2,0.5
ASAP-0031848,NC(=O)[C@H]1CCCN(C(=O)CC2=CC=CC3=C2C=CO3)C1,8.5
ASAP-0031813,CC1=CC(CC(=O)N2CCC[C@H](C(N)=O)C2)=CC=N1,0.9
ASAP-0031747,O=C(NCC(F)F)[C@H](NC1=CN=C2CNCC2=C1)C1=CC(Cl)=CC(C2CC2)=C1,0.8
ASAP-0031580,COC1=CC(Cl)=CC([C@H](NC2=CC=C3CNCC3=C2)C(=O)NCC(F)F)=C1,0.7
ASAP-0031651,CC1=CC([C@H](NC2=CC=C3CNCC3=C2)C(=O)NCC(F)F)=CC(C(F)(F)F)=C1,0.7
ASAP-0031402,O=C(NCC(F)F)[C@H](NC1=CC=C2CNCC2=C1)C1=CC(Cl)=CC2=C1OC=C2,2.1
ASAP-0031455,CC(C)NC(=O)[C@H](NC1=CC=C2CNCC2=C1)C1=CC(Cl)=CC2=C1N=C(C1=CC=CC=C1)N2,0.2
ASAP-0031351,CN(C1=CC=C2CNCC2=C1)[C@H](C(=O)NCC(F)F)C1=CC(Cl)=CC(C2CC2)=C1,2.1
ASAP-0031379,COCC1=CC(Cl)=CC([C@H](NC2=CC=C3CNCC3=C2)C(=O)NCC(F)F)=C1,1.7
ASAP-0031332,COC1=CC(C#N)=CC([C@H](NC2=CC=C3CNCC3=C2)C(=O)NCC(F)F)=C1,0.5
ASAP-0031390,O=C(NCC(F)F)[C@H](NC1=CC=C2CNCC2=C1)C1=CC(Cl)=CC2=C1CCC2,0.9
ASAP-0031247,N#CC1=CC=CC(C2=NC3=C(C(=O)NC4=CC=C5CNCC5=C4)C=C(F)C=C3N2)=C1,0.0
ASAP-0031237,O=C(NC1=CC=C2CNCC2=C1)C1=CC(F)=CC2=C1N=C(C1=CC=C(F)C=C1)N2,0.1
ASAP-0031274,O=C(NC1=CC2=C(CNC2)C(C2=CNC(=O)C(F)=C2)=C1)C1=CC(F)=CC2=C1C=NN2,0.651
ASAP-0031265,N#CC1=CC2=C(C=C1NC(=O)C1=CC(F)=CC3=C1C=NN3)CNC2,3.9
ASAP-0031147,O=C(NC1=CC2=C(CNC2)C(C2=CCOCC2)=C1)C1=CC(F)=CC2=C1C=NN2,1.1
ASAP-0031157,CO[C@H]1C[C@H](N2N=CC3=C(C(=O)NC4=CC=C5CNCC5=C4)C=C(Cl)C=C32)C1,1.6
ASAP-0031155,O=C(NC1=CC2=C(CNC2)C(C2=CCS(=O)(=O)CC2)=C1)C1=CC(F)=CC2=C1C=NN2,1.3
ASAP-0031141,COC1=CC(C2=CC(NC(=O)C3=CC(F)=CC4=C3C=NN4)=CC3=C2CNC3)=CC=N1,0.788
ASAP-0031137,O=C(NC1=CC=C2CNCC2=C1)C1=CC(Cl)=CC2=C1C=NN2C1CCC1,1.0
ASAP-0031203,CC(C)N1C=C2C(C(=O)NC3=CC=C4CNCC4=C3)=CC(Cl)=CC2=N1,3.4
ASAP-0031031,CCCCNC(=O)[C@H](NC1=CC=C2CNCC2=C1)C1=CC(Cl)=CC(C2CC2)=C1,0.7
ASAP-0031004,O=C(NC1=CC=C2CNCC2=C1)C1=CC(F)=CC(C2=CNN=C2)=C1,1.62
ASAP-0031019,O=C(NC1=CC2=C(C=C1C1CC1)CNC2)C1=CC(F)=CC2=C1C=NN2,3.41
ASAP-0031092,CNC(=O)[C@H](NC1=CC=C2CNCC2=C1)C1=CC(Cl)=CC2=C1N=C(C1=CC=CC=C1)N2,1.02
ASAP-0031104,O=C(NCCCF)[C@H](NC1=CC=C2CNCC2=C1)C1=CC(Cl)=CC(C2CC2)=C1,0.7
ASAP-0030775,O=C(NCC(F)F)[C@H](NC1=CC=C2CNCC2=C1)C1=CC(Cl)=CC(C2CC2)=C1,1.3
ASAP-0030761,COCCNC(=O)[C@H](NC1=CC=C2CNCC2=C1)C1=CC(Cl)=CC(C2CC2)=C1,1.4
ASAP-0030776,O=C(NCC(F)F)[C@H](NC1=CC=C2CNCC2=C1)C1=CC(Cl)=CC(C2CC2)=C1,1.9
ASAP-0030792,O=C(NC1=CC(Br)=C2CNCC2=C1)C1=CC(F)=CC2=C1C=NN2,3.4
ASAP-0030826,CC(C)NC(=O)[C@H](NC1=CC=C2CNCC2=C1)C1=CC(Cl)=CC2=C1N=C(C1=CC=CC=C1)N2,0.432
ASAP-0030065,O=C1CC2=C(C=C(F)C=C2C(=O)NC2=CC=C3CNCC3=C2)N1,2.9
ASAP-0030071,C=CC[C@H]1NCC2=CC(NC(=O)C3=CC(F)=CC4=C3C=NN4)=CC=C21,3.86
ASAP-0030106,O=C(NC1=CC=C2CNCC2=C1)C1=CC(F)=CC2=C1CCC2,10.7
ASAP-0030104,CN1C=C2C(C(=O)NC3=CC=C4CNCC4=C3)=CC(F)=CC2=N1,3.4
ASAP-0030085,O=C(NC1=CC2=C(C=C1Br)CNC2)C1=CC(F)=CC2=C1C=NN2,7.65
ASAP-0030028,O=C(NC1=CC=C2CNCC2=C1)C1=CC=CC2=C1C=C(C(F)(F)F)N2,4.1
ASAP-0029950,O=C1CC2=CC(C(=O)NC3=CC=C4CNCC4=C3)=CC=C2N1,0.873
ASAP-0029933,CN1C(=O)NC2=C(C(=O)NC3=CC=C4CNCC4=C3)C=C(Br)C=C21,0.805
ASAP-0029911,O=C(NC1=CC=C2CNCC2=C1)C1=CC(Cl)=CC2=C1NN=C2,4.63
ASAP-0029790,CC1=C(C(=O)NC2=CC(C3=CC=CN=C3)=CC=N2)C=C(C2CC2)N1C,13.5
ASAP-0029645,N#CCCNC(=O)[C@H](NC1=CC=C2CNCC2=C1)C1=CC(Cl)=CC(C2CC2)=C1,0.5
ASAP-0029621,CNC(=O)[C@H](NC1=CC=C2CNCC2=C1)C1=CC(Cl)=CC(C2CC2)=C1,1.5
ASAP-0029711,O=C(NC1=CC=C2CNCC2=C1)C1=CC(Cl)=CC2=CC=NC=C12,3.42
ASAP-0029521,CC1=C(C(=O)NC2=CC([C@H]3CCOC3)=CC=N2)C=C(C2CC2)N1C,27.2
ASAP-0029491,O=C(NCC(F)F)[C@H](NC1=CC=C2CNCC2=C1)C1=CC(Cl)=CC(C2CC2)=C1,1.55
ASAP-0029497,O=C(NC1=CC=C2CNCC2=C1)C1=CC(F)=CC2=C1C=NN2,1.59
ASAP-0029303,COC1=CC=CC=C1[C@@H]1C[C@H](C)CCN1C(=O)CC1=CN=CC2=CC=CC=C12,18.7
ASAP-0029289,O=C(CC1=CN=CC2=CC=CC=C12)N1[C@H]2CC[C@H]1C1=NC=CC=C12,19.3
ASAP-0029293,O=C(CC1=CN=CC2=CC=CC=C12)N1CC[C@@H](OC2=CC=C(F)C=C2)C1,21.7
ASAP-0029276,C[C@H](F)[C@H]1CCCN1C(=O)CC1=CN=CC2=CC=CC=C12,24.6
ASAP-0029337,O=C(CC1=CN=CC2=CC=CC=C12)N1CC[C@H](C2=CC=CC(F)=C2)C1,22.3
ASAP-0029313,CO[C@]1(C(F)(F)F)CCN(C(=O)CC2=CN=CC3=CC=CC=C23)C1,25.4
ASAP-0029315,CC(C)C1=NC([C@H]2CCCN(C(=O)CC3=CN=CC4=CC=CC=C34)C2)=NO1,22.7
ASAP-0029319,O=C(CC1=CN=CC2=CC=CC=C12)N1CCC(N2C(=O)NC3=CC=CC=C32)CC1,4.78
ASAP-0029333,N#CC1(C2=CC=CC=C2)CCN(C(=O)CC2=CN=CC3=CC=CC=C23)CC1,25.4
ASAP-0029324,O=C(CC1=CN=CC2=CC=CC=C12)N1CCC[C@]2(C=CC3=CC=CC=C3O2)C1,14.8
ASAP-0029300,CN1C=C([C@H]2CCCN2C(=O)CC2=CN=CC3=CC=CC=C23)C(C(F)F)=N1,16.1
ASAP-0029271,O=C(CC1=CN=CC2=CC=CC=C12)N1CC[C@]2(CC=CCO2)C1,19.2
ASAP-0029282,CNS(=O)(=O)[C@H]1CCCN(C(=O)CC2=CN=CC3=CC=CC=C23)C1,3.87
ASAP-0029335,O=C1C[C@H]2CCN(C(=O)CC3=CN=CC4=CC=CC=C34)C[C@H]2N1,0.844
ASAP-0029356,O=C(CC1=CN=CC2=CC=CC=C12)N1CCC(C[C@H]2CCCOC2)CC1,21.2
ASAP-0029363,CC[C@H]1C[C@@H](C(F)(F)F)CCN1C(=O)CC1=CN=CC2=CC=CC=C12,20.0
ASAP-0029343,O=C(CC1=CN=CC2=CC=CC=C12)N1CC[C@H]2CCC(F)(F)C[C@H]2C1,24.5
ASAP-0029346,O=C(CC1=CN=CC2=CC=CC=C12)N1CC[C@]2(CCCC3=CC=CC=C32)C1,15.0
ASAP-0029348,CNC(=O)CC1CCN(C(=O)CC2=CN=CC3=CC=CC=C23)CC1,2.22
ASAP-0029352,O=C(NC1=CC=C2CNCC2=C1)C1=CC(Br)=CC2=C1N=C(C1=CC=CC=C1)N2,0.0942
ASAP-0029353,C[C@H]1CCN(C(=O)CC2=CN=CC3=CC=CC=C23)[C@@H](C2CCOCC2)C1,20.0
ASAP-0029339,O=C(CC1=CN=CC2=CC=CC=C12)N1CCC[C@H](C2=NN=C3C=CC=CN23)C1,1.42
ASAP-0029358,CN1N=CC=C1[C@H]1CCCN1C(=O)CC1=CN=CC2=CC=CC=C12,13.1
ASAP-0029378,O=C(CC1=CN=CC2=CC=CC=C12)N1CC[C@H]2OCC[C@H]2C1,20.6
ASAP-0029342,C[C@]1(C2=CC=CC=C2)CCCN(C(=O)CC2=CN=CC3=CC=CC=C23)C1,15.7
ASAP-0029380,O=C1N[C@H]2CCN(C(=O)CC3=CN=CC4=CC=CC=C34)[C@H]1C2,1.4
ASAP-0029364,O=C(CC1=CN=CC2=CC=CC=C12)N1CC[C@H](OC2=CC=C(F)C(F)=C2)C1,16.4
ASAP-0029366,CNC(=O)[C@H]1CC12CCN(C(=O)CC1=CN=CC3=CC=CC=C13)CC2,1.98
ASAP-0029365,O=C(CC1=CN=CC2=CC=CC=C12)N1CCC[C@H]1C=CC1=CC=CS1,15.1
ASAP-0029208,O=C1CC2=C(C=CC=C2C(=O)NC2=CC=C3CNCC3=C2)N1,0.924
ASAP-0029000,CC(C)NC(=O)[C@H](NC1=CC=C2CNCC2=C1)C1=CC(Cl)=CC2=C1C=NN2,0.963
ASAP-0029002,O=C(NC1=CC=C2CNCC2=C1)C1=CC(Br)=CC2=C1C=CN2,3.85
ASAP-0029051,O=C(NC1=CC=C2CNCC2=C1)C1=CC(Cl)=CC2=C1CCC2,2.57
ASAP-0029092,CN1N=CC2=C(C(=O)NC3=CC=C4CNCC4=C3)C=C(Br)C=C21,4.66
ASAP-0028981,CNC(=O)[C@H](NC1=CC(CN)=CC(C(=O)O)=C1)C1=CC(Cl)=CC(C2CC2)=C1,0.94
ASAP-0028990,OCC#C[C@H](NC1=CC=C2CNCC2=C1)C1=CC(Cl)=CC2=C1C=NN2,0.592
ASAP-0028904,N#C[C@H](NC1=CC=C2CNCC2=C1)C1=CC(Cl)=CC2=C1C=NN2,1.1
ASAP-0028903,CNC(=O)[C@H](NC1=CC(CN)=CC(C2=NNN=N2)=C1)C1=CC(Cl)=CC(C2CC2)=C1,0.302
ASAP-0027928,O=C(NC1=CC(Cl)=CC([C@H]2CN(CC3=CC=CC=C3)C[C@@H]2C2=CC=CC(C3=NNN=N3)=C2)=C1)OCC1=CC=CC=C1,0.2
ASAP-0027972,ClC1=CC=C2NC=C(CC3=CC=C(C4=NNN=N4)C=C3)C2=C1,8.4
ASAP-0027989,O=C(NC1=CC(Cl)=CC([C@H](NC2=CC=CC(C3=NNN=N3)=C2)C(=O)NCC2=CC=CC=C2)=C1)OCC1=CC=CC=C1,0.6
ASAP-0027983,C=CC[C@H](NC1=CC=C(C2=NNN=N2)C=C1)C1=CC(Cl)=CC(NC(=O)OCC2=CC=CC=C2)=C1,2.6
ASAP-0027959,CNC(=O)[C@H](NC1=CC=C(C2=NN=NN2)C=C1)C1=CC(Cl)=CC(C2CC2)=C1,1.6
ASAP-0027847,CC1=CC=CC=C1C1=NN=C(SC2=CC(C3=CC=CC=C3)=NC3=NC=NN23)O1,0.0109
ASAP-0027872,CCN1C(C)=NN=C1SC1=CC(C)=NC2=NC=NN12,0.401
ASAP-0027864,CC1=NC2=NC=NN2C(SC2=NN=C(C)O2)=C1,0.12
ASAP-0027858,ClC1=CC=CC(C2=NN=C(SC3=CC(C4=CC=CC=C4)=NC4=NC=NN34)O2)=C1,1.85
ASAP-0027841,CC1=NN=C(SC2=CC(C3=CC=CC=C3)=NC3=NC=NN23)O1,0.0448
ASAP-0027845,COC1=CC=C(C2=NN=C(SC3=CC(C)=NC4=NC=NN34)O2)C=C1,0.236
ASAP-0027839,O=C(NC1=CC(Cl)=CC(C2=CC=C3NC(C(=O)O)=CC3=C2)=C1)OCC1=CC=CC=C1,0.61
ASAP-0027846,O=C(O)CN1N=CC2=CC(C3=CC(Cl)=CC(NC(=O)OCC4=CC=CC=C4)=C3)=CC=C21,5.12
ASAP-0027823,C=CC[C@H](NC1=CC=CC(C2=NNN=N2)=C1)C1=CC(Cl)=CC(NC(=O)OCC2=CC=CC=C2)=C1,1.24
ASAP-0027763,C1=CC=C(C2=NC3=NC=NN3C(SC3=NN=C(N4CCOCC4)S3)=C2)C=C1,0.14
ASAP-0027787,O=S(=O)(NCCC1=NC=CC(O)=N1)N1CCNCC1,0.723
ASAP-0027741,N#C[C@H](NC1=CC=CC(C2=NNN=N2)=C1)C1=CC(Cl)=CC(NC(=O)OCC2=CC=CC=C2)=C1,3.23
ASAP-0027808,O=C(NC1=CC=C2CNCC2=C1)C1=CC(Cl)=CC2=C1C=NN2,1.8
ASAP-0027804,N#C[C@H](NC1=CC=CC(C(=O)O)=C1)C1=CC(Cl)=CC2=C1C=NN2,1.22
ASAP-0027768,NCC1=CC(C(=O)O)=CC([C@@H]2C[C@H]2C2=CC(Cl)=CC(NC(=O)OCC3=CC=CC=C3)=C2)=C1,0.819
ASAP-0027762,CNCC1=NC2=NC=NN2C(SC2=NN=C(C3=CC=C(Cl)C=C3)N2C)=C1,0.441
ASAP-0027759,CNC(=O)[C@H](NC1=CC(Cl)=CC(NC(=O)OCC2=CC=CC=C2)=C1)C1=CC=CC(C2=NNN=N2)=C1,1.39
ASAP-0027758,CNC(=O)[C@H](NC1=CC=CC(C2=NNN=N2)=C1)C1=CC(Cl)=CC2=C1C=NN2,0.863
ASAP-0027659,CC1=CSC(SC2=CC(C3=CC=CC=C3)=NC3=NC=NN23)=N1,0.636
ASAP-0027661,COC1=CC=C(C2=NN=C(SC3=CC(C4=CC=CC=C4)=NC4=NC=NN34)N2C)C=C1,0.657
ASAP-0027553,C1=CC=C(C2=NC3=NN=CN3C(SC3=NC(C4=CC=CC=N4)=NO3)=C2)C=C1,0.00854
ASAP-0023327,CCN1C(C)=NN=C1SC1=CC(C2=CC=CC=C2)=NC2=NC=NN12,0.0862
ASAP-0023462,O=C(O)COC1=CC=CC(NC(=O)C2=CC(Cl)=CC(NC(=O)OCC3=CC=CC=C3)=C2)=C1,1.1
ASAP-0023443,CN1C(SC2=CC(C3=NOC=C3)=NC3=NC=NN23)=NN=C1C1=CC=C(Cl)C=C1,0.392
ASAP-0023493,CC1=CC=C(C2=NN=C(SC3=CC(C4=CC=CC=C4)=NC4=NC=NN34)O2)C=C1,1.85
ASAP-0023517,ClC1=CC=C(C2=CN=C(SC3=CC(C4=CC=CC=C4)=NC4=NN=CN34)O2)C=C1,0.289
ASAP-0023516,COC1=CC=CC(C2=NN=C(SC3=CC(C4=CC=CC=C4)=NC4=NC=NN34)O2)=C1,0.0142
ASAP-0023274,O=C(NC1=CC(Cl)=CC(C(=O)NC2=CC=CC(N3N=NNC3=O)=C2)=C1)OCC1=CC=CC=C1,9.46
ASAP-0023270,O=C(NC1=CC(Cl)=CC(C(=O)NC2=CC=CC(C3=NN=NN3)=C2)=C1)OCC1=CC=CC=C1,5.06
ASAP-0023164,CC1=CC=C2OC(SC3=CC(C4=CC=CC=C4)=NC4=NC=NN34)=NC2=C1,2.87
ASAP-0023249,O=C(N[C@H]1[C@H]2CCCCC[C@H]2[C@H]1C(=O)NC1=CC=CC(C2CCNCC2)=C1)OCC1=CC=CC=C1,0.395
ASAP-0023183,COC1=CC=C(C2=NN=C(SC3=CC(C4=CC=CC=C4)=NC4=NC=NN34)O2)C=C1,0.00274
ASAP-0023182,ClC1=CC=C(C2=NN=C(SC3=CC(C4=CC=CC=C4)=NC4=NC=NN34)O2)C=C1,0.00871
ASAP-0023266,CC[C@H](CC1=NN=NN1)C1=CC=C(NC(=O)C2=CC(Cl)=CC(NC(=O)OCC3=CC=CC=C3)=C2)C=C1,2.79
ASAP-0022872,CN1C(SC2=CC(C3=CC=CC=C3)=NC3=NC=NN23)=NN=C1C1=CC=NC=C1,0.0237
ASAP-0022831,C1=CC=C(C2=NC3=NC=NN3C(SC3=NC=CO3)=C2)C=C1,0.0232
ASAP-0022679,CC(C)COC1=NOC2=CC(OCCCC3=CC(C(=O)N(C)C)=NO3)=CC=C12,2.67
ASAP-0022579,CC(C)COC1=CC=C2C(OCCCC3=CC(C(=O)N(C)C)=NO3)=NOC2=C1,7.05
ASAP-0022881,CC1=CC=C(C2=NN=C(SC3=CC(C4=CC=CC=C4)=NC4=NC=NN34)N2C)C=C1,0.00929
ASAP-0022528,CCC1=C(C2=CC=C(Cl)C=C2)SC(C(=O)NC2=CC=CC(CN)=C2)=C1,0.995
ASAP-0022538,CC(C)C1=NC2=C(C(=O)NC3=CC=CC(CN)=C3)C=CC=C2N1,3.84
ASAP-0022474,NCC1=CC=CC(NC(=O)C2=CC=CN3C=C(CN4CCCC4)N=C23)=C1,5.25
ASAP-0021312,CN(C)C(=O)C1=NOC(CCCOC2=CC=C3C(OCC4CC4)=NOC3=C2)=C1,5.07
ASAP-0021658,CCOC1=NOC2=CC(OCCCC3=CC(C(=O)N(C)C)=NO3)=CC=C12,14.8
ASAP-0021134,CCOC1=NOC2=C(C)C(OCCCC3=CC(C(=O)N(C)C)=NO3)=CC=C12,15.8
ASAP-0021262,CCOC1=NOC2=CC(OCCCC3=CC(C(=O)N(C)C)=NO3)=C(C)C=C12,4.12
ASAP-0021119,CC1=CC=C(NC(=O)C2=CC(Cl)=CC(NC(=O)OCC3=CC=CC=C3)=C2)C=C1CN,0.0873
ASAP-0021070,C#CCCC1=CC=C(OCCCC2=CC(C(=O)N(C)C)=NO2)C=C1,19.3
ASAP-0021039,NCC1=CC=CC([C@H]2C[C@@H]2C2=CC(Cl)=CC(NC(=O)OCC3=CC=CC=C3)=C2)=C1,1.66
ASAP-0021061,O=C(NC1=CC(Cl)=CC(C(=O)NC2=NNC3=C2CNC3)=C1)OCC1=CC=CC=C1,1.44
ASAP-0020849,NCC1=CC=CC(NC(=O)C2=CC(Cl)=CC(CN)=C2)=C1,1.96
ASAP-0020936,CN(C)C(=O)C1=NOC(CCCOC2=CC=CC(F)=C2)=C1,34.8
ASAP-0020930,O=C1NC(=O)[C@H](CC2=NC3=C(COCC3)S2)C2=CC=CC=C12,5.44
ASAP-0020875,CC1=CC(C2=NOC(C(F)(F)F)=N2)=CC=C1COCCC1=CC(C(=O)N(C)C)=NO1,15.2
ASAP-0020904,C#CCCCCC1=CC=C(OCCCC2=CC(C(=O)N(C)C)=NO2)C=C1,7.87
ASAP-0020843,CN(C)C(=O)C1=NOC(CCCOC2=CC=C(F)C=C2)=C1,34.4
ASAP-0020827,CC1=CC(C2=NOC(C(F)(F)F)=N2)=CC=C1OCCCC1=NC(C2=CC=NC=C2)=NO1,1.01
ASAP-0020873,CN(C)C(=O)C1=NOC(CCCOC2=CC=C(C3=NOC(C4CC4)=N3)C=C2)=C1,23.9
ASAP-0020818,CN(C)C(=O)C1=NOC(CCCOC2=CC=C(CCC3CCNCC3)C=C2)=C1,12.8
ASAP-0020915,O=C(NC1=CC(Cl)=CC(C(=O)NC2=CC=C3CNCC3=C2)=C1)OCC1=CC=CC=C1,1.25
ASAP-0017673,O=C(O)C1=CC(Cl)=CC=C1S(=O)(=O)NC1CCN(C2=NC(C3CC3)=CC(C(F)(F)F)=N2)CC1,3.65
ASAP-0017614,CC1=NN=C(CCCOC2=CC=C(C3=NOC(C(F)(F)F)=N3)C=C2C)N1,13.8
ASAP-0017622,CN(C)C(=O)C1=NOC(CCCN2C=CC3=CC(C4=NOC(C(F)(F)F)=N4)=CC=C32)=C1,1.02
ASAP-0017652,CN(C)C(=O)C1=NOC(CCCN2C=CC3=NC(C4=NOC(C(F)(F)F)=N4)=CC=C32)=C1,20.7
ASAP-0017708,O=C(NC1=CC(Cl)=CC(C(=O)NC2=CC=CC(C3CCNCC3)=C2)=C1)OCC1=CC=CC=C1,1.8
ASAP-0017692,NCCC1=CC=C(NC(=O)C2=CC(Cl)=CC(NC(=O)OCC3=CC=CC=C3)=C2)C=C1,0.791
ASAP-0017520,CC1=CC(OCC2=CC=CC=C2)=CC=C1NS(=O)(=O)C1=CC=C(Cl)C=C1C(=O)O,4.61
ASAP-0017501,CCOC1=CC=CC(C2=CC=C(S(=O)(=O)NC3=CC=C(Cl)C=C3C(=O)O)C=C2)=C1,6.22
ASAP-0017573,O=C(O)C1=CC(Cl)=CC=C1NS(=O)(=O)C1=CC=C(C2=CC=CC=C2Cl)C=C1,7.59
ASAP-0017585,O=C(O)C1=CC(Cl)=C(F)C=C1S(=O)(=O)NC1=CC=C(OC2=CC=CC=C2Cl)C=C1,4.29
ASAP-0017583,NCC1=CC=CC(NC(=O)C[C@H](NC(=O)OCC2=CC=CC=C2)C2=CC=C(OCC3=CC=CC=C3)C(Br)=C2)=C1,0.783
ASAP-0017434,CC1=CC(C2=NOC(C(F)(F)F)=N2)=CC=C1OCCCC1=CC(C(=O)N2CCCC2)=NO1,0.542
ASAP-0017436,CCOC1=NOC2=CC(OCCC3CCN(C4=CC=C(C)N=N4)CC3)=CC=C12,2.41
ASAP-0017443,CC1=CC(C2=NOC(C(F)(F)F)=N2)=CC=C1OCCCC1=NC=CN1,1.89
ASAP-0017442,CC1=CC(C2=NOC(C(F)(F)F)=N2)=CC=C1OCCCC1=NC2=CC=CC=C2N1,0.598
ASAP-0017444,COC1=CC=C2NC(CCCOC3=CC=C(C4=NOC(C(F)(F)F)=N4)C=C3C)=NC2=N1,1.79
ASAP-0017440,CC1=CC(C2=NOC(C(F)(F)F)=N2)=CC=C1OCCCC1=NN=CO1,12.1
ASAP-0017438,CC1=CC(C2=NOC(C(F)(F)F)=N2)=CC=C1OCCCC1=NC(C2=CC=CN=C2)=NO1,0.434
ASAP-0017437,CN(C)C(=O)C1=NOC(CCCOC2=CC=C3CCCCC3=C2F)=C1,13.0
ASAP-0017441,CCOC(=O)C1=CC=C(OCCC2CCN(C3=CC=C(C)N=N3)CC2)C=C1,9.01
ASAP-0017292,CC1=NN=C(CCCOC2=CC=C(C3=NOC(C(F)(F)F)=N3)C=C2C)O1,8.89
ASAP-0017304,CC1=CC(C2=NOC(C(F)(F)F)=N2)=CC=C1OCCCC1=CC=CC=N1,0.55
ASAP-0017303,CC1=CC(C2=NOC(C(F)(F)F)=N2)=CC=C1OCCCC1=CC(C(=O)N2CC[C@](C)(O)C2)=NO1,2.25
ASAP-0017302,CC1=CC(C2=NOC(C(F)(F)F)=N2)=CC=C1OCCCC1=CC(C(=O)N2CC[C@@H](O)C2)=NO1,2.09
ASAP-0017297,CN(C)C(=O)C1=NOC(CCCN2N=CC3=CC(C4=NOC(C(F)(F)F)=N4)=CC=C32)=C1,10.9
ASAP-0017287,CC1=CC(C2=NOC(C(F)(F)F)=N2)=CC=C1OCCCC1=CC=CN=C1,0.578
ASAP-0017295,CC1=CC(C2=NOC(C(F)(F)F)=N2)=CC=C1OCCCC1=CSN=N1,1.26
ASAP-0017294,CC1=CC(C2=NOC(C(F)(F)F)=N2)=CC=C1OCCCC1=CN=CO1,1.58
ASAP-0017306,CC1=CC=NC=C1CCCOC1=CC=C(C2=NOC(C(F)(F)F)=N2)C=C1C,0.0927
ASAP-0017291,CC1=NOC(CCCOC2=CC=C(C3=NOC(C(F)(F)F)=N3)C=C2C)=N1,2.84
ASAP-0017290,CC1=CC(C2=NOC(C(F)(F)F)=N2)=CC=C1OCCCC1=CC=NC=C1,0.468
ASAP-0017288,CC1=CC(C2=NOC(C(F)(F)F)=N2)=CC=C1OCCCC1=CC(C(=O)N(C)C)=NO1,2.26
ASAP-0017312,CC1=CC(C2=NOC(C(F)(F)F)=N2)=CC=C1OCCCC1=NN=C(C(F)F)O1,1.93
ASAP-0017285,CC1=CC(C2=NOC(C(F)(F)F)=N2)=CC=C1OCCCC1=CNN=C1,0.511
ASAP-0017296,CC1=NC(C2=CC=C(OCCCCCN3CCN(C4=CC=NC(N)=C4)C3=O)C=C2)=NO1,1.89
ASAP-0017286,CC1=CC(C2=NOC(C(F)(F)F)=N2)=CC=C1OCCCC1=CON=C1,3.0
ASAP-0017284,NC1=NC(C2=CC=CC=C2)=NC2=C1C(NC1=CC=C(C(F)(F)F)C=C1)=NN2,1.76
ASAP-0017289,CC1=CC(C2=NOC(C(F)(F)F)=N2)=CC=C1OCCCC1=CN(C)N=C1,0.696
ASAP-0017308,CC1=CC(C2=NOC(C(F)(F)F)=N2)=CC=C1OCCCC1=CC(C(=O)N2CCOCC2)=NO1,1.64
ASAP-0017298,CCON=CC1=CC=C(OCCC2CCN(C3=CC=C(C)N=N3)CC2)C=C1,7.2
ASAP-0017309,CC1=CC(C2=NOC(C(F)(F)F)=N2)=CC=C1CCOCC1=CC(C(=O)N(C)C)=NO1,4.04
ASAP-0017305,CC1=CC(C2=NOC(C(F)(F)F)=N2)=CC=C1OCCCC1=CC(C(=O)N2CC[C@H](O)C2)=NO1,2.47
ASAP-0017311,CC1=CC(C2=NOC(C(F)(F)F)=N2)=CC=C1OCCCC1=NN=NN1C1=CC=CC=C1,1.99
ASAP-0017037,O=C1NC(=O)[C@@H](CC2=CC=C3OCOC3=C2)C2=CC=CC=C12,6.56
ASAP-0016818,CC(C)CNC(=O)C1=CC(Cl)=C(F)C=C1NS(=O)(=O)C1=CC=C(OC2=CC=CC=C2Cl)C=C1,2.39
ASAP-0016843,O=C(NCC(F)(F)F)C1=CC(Cl)=C(F)C=C1NS(=O)(=O)C1=CC=C(OC2=CC=CC=C2Cl)C=C1,2.4
ASAP-0016784,NCC1=CC=CC(NC(=O)C2=CC(OCC3=CC=CC=C3)=CC=C2CNC(=O)OCC2=CC=CC=C2)=C1,1.75
ASAP-0016778,NCC1=CC=CC(NC(=O)CN(C(=O)OCC2=CC=CC=C2)C2=CC=C(OCC3=CC=CC=C3)C=C2)=C1,0.899
ASAP-0016768,CC1=CC(C2=CC=C([C@H](NC(=O)OCC3=CC=CC=C3)C(=O)NC3=CC=CC(CN)=C3)C=C2)=CS1,1.19
ASAP-0016672,O=C(NC1=CC=C2OCOC2=C1)NC1=CNC(=O)C2=CC=CC=C12,1.8
ASAP-0016664,O=C1NC(=O)[C@H](CC2=CC=CC(Cl)=C2)C2=CC=CC=C12,8.65
ASAP-0016806,NCC1=CC=CC(NC(=O)C2=CC(Cl)=CC(NC(=O)OCC3=CC=CC=C3)=C2)=C1,2.11
ASAP-0016554,NCC1=CC=CC(NC(=O)C[C@H](NC(=O)OCC2=CC=CC=C2)C2=CC=C(OCC3=CC=CC=C3)C=C2)=C1,1.04
ASAP-0016485,O=C(CC1=CNN=C1)NC1=CNC(=O)C2=CC=CC=C12,1.05
ASAP-0016445,CC1=CC(NC(=O)NC2=CNC(=O)C3=CC=C(F)C=C23)=NO1,7.03
ASAP-0016345,O=C1C2=CC=CC=C2[C@H](CC2=CC=C(O)C=C2)C(=O)N1CC1=CC=C2OCOC2=C1,4.32
ASAP-0016386,NCC1=CC=CC(CNC(=O)[C@H](NC(=O)OCC2=CC=CC=C2)C2=CC=C(OCC3=CC=CC=C3)C=C2)=C1,1.44
ASAP-0016242,NCC1=CC=CC(NC(=O)[C@H](NC(=O)OCC2=CC=CC=C2)C(C2CCC2)C2CCC2)=C1,1.6
ASAP-0016236,C1=CC=C2SC(C3CCN(CC4=CNC5=CC=CC=C45)CC3)=NC2=C1,5.82
ASAP-0016164,COC1=CC=C(CNC(=O)NC2=CNC(=O)C3=CC=NC=C23)C=N1,1.31
ASAP-0016130,O=C(NCC1=CC=CC=N1)NC1=CNC(=O)C2=CC(Cl)=CC=C12,1.53
ASAP-0016121,NCC1=CC=CC(NC(=O)[C@H](NC(=O)OCC2=CC=CC=C2)C2CCCCC2)=C1,1.58
ASAP-0016304,CC1=NOC(CCCOC2=C(C)C=C(C3=NOC(C(F)(F)F)=N3)C=C2C)=C1,1.42
ASAP-0015907,O=C(NCC1=CC=CC=N1)NC1=CNC(=O)C2=CC=CN=C12,2.8
ASAP-0015912,COC1=CC=CC=C1NC(=O)NC1=CNC(=O)C2=CC=CC=C12,3.17
ASAP-0015925,CNC(=O)C1=CC(Cl)=C(F)C=C1NS(=O)(=O)C1=CC=C(OC2=CC=CC=C2Cl)C=C1,6.11
ASAP-0015920,O=C(NCC1=CC=CC=N1)NC1=CNC(=O)C2=CC=C(F)C=C12,1.54
ASAP-0014722,C[C@H](C(=O)O)[C@@H](NC(=O)C1=NC=NC2=C1C=CN2)C1=CC=C(Br)C=C1,0.682
ASAP-0015892,CCCC[C@H](NC(=O)OC(C)(C)C)C(=O)N[C@H](C(=O)NCC1=CC=C(CN)C=C1)C1=CC=C(OCC2=CC=CC=C2)C=C1,0.833
ASAP-0015682,O=C(O)C1=CC(Cl)=CC=C1NS(=O)(=O)C1=CC=C(OC2=CC=CC=C2Cl)C=C1,4.01
ASAP-0015381,COC1=CC=C([C@H](CC2=NN=NN2)NC(=O)C2=NC=NC3=C2C=CN3)C=C1,1.07
ASAP-0015396,C1=CC=C2C(CN3CCC(C4=CNC5=CC=CN=C45)CC3)=CNC2=C1,4.6
ASAP-0015355,COC1=CC(CC2=C(C)ON=C2C2=CC=C(F)C=C2)=NC(N2CCNCC2)=N1,4.78
ASAP-0015367,NCC1=CC=CC(NC(=O)[C@@H](NC(=O)OCC2=CC=CC=C2)C2=CC=C(OCC3=CC=CC=C3)C=C2)=C1,1.53
ASAP-0015169,NC1=NN=C2C=CC(C3=CC=C4NC(=O)CNC4=C3)=CN12,1.66
ASAP-0014994,CNC(=O)C1=CC(Cl)=CC=C1NS(=O)(=O)C1=CC=C(OC2=CC=CC=C2Cl)C=C1,4.91
ASAP-0014913,CN1C=C(NC(=O)NCC2=CC=CC=N2)C2=CN=CC=C2C1=O,1.57
ASAP-0012944,O=C(/C=C/C1=CC=CC=C1)C(=O)N1CCN(CCC2=CC=CC=C2)CC1,3.0
ASAP-0014807,CC1=NC=CN1C[C@H](C)CNC(=O)C1=CC=C2COB(O)C2=C1,1.3
ASAP-0014822,C[C@H]1CN(C[C@H](O)CNC(=O)C2=CC=C3COB(O)C3=C2)CCO1,0.8
ASAP-0014818,CN1CCN(C)[C@H](CNC(=O)C2=CC=C3COB(O)C3=C2)C1,1.0
ASAP-0014817,O=C(C1=CC=C2COB(O)C2=C1)N1CCN[C@H](C2=CC=CC=C2)C1,5.2
ASAP-0014813,O=C(C[C@H]1CCN2C=NC=C2C1)NC1=CC=CC(B(O)O)=C1,3.6
ASAP-0014761,CC1=CC(NC(=O)NC2=CNC(=O)C3=CC=CC=C23)=NO1,5.37
ASAP-0014724,CN1CC[C@H](NC(=O)C2=CC=CC(B(O)O)=C2)[C@H]1C1=CC=C(Cl)C=C1,14.9
ASAP-0014734,CN(C(=O)C1=CC=C2COB(O)C2=C1)[C@H]1CCN(C2CC2)C1,12.0
ASAP-0014739,O=C(NC1=CC=CC(B(O)O)=C1)[C@H]1CCN2CCC[C@H]2C1,3.3
ASAP-0014731,O=C(NC1=CC=CC(B(O)O)=C1)[C@H]1CCN(CC2=CC=CC=C2)C1,13.5
ASAP-0014809,CN(C)C[C@H]1C[C@H](NC(=O)C2=CC=C3COB(O)C3=C2)C1,0.9
ASAP-0014613,C[C@H]1CN(C2=CN=CC3=CC=CC=C23)C(=O)[C@@]12CN(CC1=CC=NN=C1)C(=O)C1=CC=C(F)C=C12,1.0
ASAP-0014544,CNC(=O)CN1C[C@@]2(C(=O)N(C3=CN=CC4=CC=CC=C34)C[C@@H]2CNC2=CC=C(Cl)N=N2)C2=CC(Cl)=CC=C2C1=O,0.5
ASAP-0013892,CNC(=O)CN1C[C@@]2(C(=O)N(C3=CN=CC4=CC=CC=C34)C[C@@H]2CNC2=CN=CS2)C2=CC(Cl)=CC=C2C1=O,0.6
ASAP-0013898,C[C@H]1CN(C2=CN=CC3=CC=CC=C23)C(=O)[C@@]12CN(CCN1CCN(S(C)(=O)=O)CC1)C(=O)C1=CC=C(Cl)C=C12,1.33
ASAP-0013925,O=C1C2=CC=C(Cl)C=C2[C@@]2(CN1CCN1CCOCC1)C(=O)N(C1=CN=CC3=CC=CC=C13)C[C@@H]2CNC1=NC=CC=N1,1.17
ASAP-0013827,CCNC(=O)C1=CC2=C(N[C@H](C3=CC=C4OCCOC4=C3)C(C)C)N=CN=C2N1,2.9
ASAP-0013814,CNC(=O)CN1C[C@@]2(C(=O)N(C3=CN=CC4=CC=CC=C34)C[C@@H]2CNC2=C(C)N=CS2)C2=CC(Cl)=CC=C2C1=O,0.6
ASAP-0013824,CCNC(=O)C1=CC2=C(N[C@H](C3=CC=C4OCCOC4=C3)C(C)C)N=CN=C2N1,2.7
ASAP-0013833,CC(C)[C@H](NC1=NC=NC2=C1C=C(C1=CN(CC(=O)N(C)C)N=C1)N2)C1=CC=C2OCCOC2=C1,2.05
ASAP-0013837,CC(C)[C@H](NC1=NC=NC2=C1C=C(C1=CN(CC(=O)N(C)C)N=C1)N2)C1=CC=C2OCCOC2=C1,1.62
ASAP-0013747,CC(C)[C@H](NC1=NC=NC2=C1C=C(C1=CN(CC(=O)N(C)C)N=C1)N2)C1=CC=C2CCCS(=O)(=O)C2=C1,0.555
ASAP-0013744,CC(C)[C@H](NC1=NC=NC2=C1C=C(C1=CN(CC(=O)N(C)C)N=C1)N2)C1=CC=C2CCCS(=O)(=O)C2=C1,1.17
ASAP-0013717,CNC(=O)CN1C[C@@]2(C(=O)N(C3=CN=CC4=CC=CC=C34)C[C@@H]2CS(=O)(=O)NC)C2=CC(Cl)=CC=C2C1=O,0.142
ASAP-0013646,COC1=CC=C(C(=O)NC2=CC=CC(/C=C3/C(=O)NC(=O)C4=CC=CC=C34)=C2)C=C1,2.33
ASAP-0013722,CC1=NOC(CN2C[C@@]3(C(=O)N(C4=CN=CC5=CC=CC=C45)C[C@@H]3C)C3=CC(F)=CC=C3C2=O)=C1,12.5
ASAP-0013721,C[C@H]1CN(C2=CN=CC3=CC=CC=C23)C(=O)[C@@]12CN(CC1=NN=NN1C)C(=O)C1=CC=C(F)C=C12,3.02
ASAP-0013720,C[C@H]1CN(C2=CN=CC3=CC=CC=C23)C(=O)[C@@]12CN(CC1=NC=CN1C)C(=O)C1=CC=C(F)C=C12,6.7
ASAP-0013719,C[C@H]1CN(C2=CN=CC3=CC=CC=C23)C(=O)[C@@]12CN(CC#N)C(=O)C1=CC=C(F)C=C12,8.26
ASAP-0013718,CNC(=O)CN1C[C@@]2(C(=O)N(C3=CN=CC4=CC=CC=C34)C[C@@H]2CN2N=CN=N2)C2=CC(Cl)=CC=C2C1=O,0.29
ASAP-0013716,CNC(=O)CN1C[C@@]2(C(=O)N(C3=CN=CC4=CC=CC=C34)C[C@@H]2CNC2=CN=C(C)S2)C2=CC(Cl)=CC=C2C1=O,0.371
ASAP-0013398,CCN1N=CC=C1CN1C[C@@]2(C(=O)N(C3=CN=CC4=CC=CC=C34)C[C@@H]2C)C2=CC(F)=CC=C2C1=O,16.5
ASAP-0013413,C[C@H]1CN(C2=CN=CC3=CC=CC=C23)C(=O)[C@@]12CN(CC1=CC=NN1C)C(=O)C1=CC=C(F)C=C12,6.24
ASAP-0013412,C[C@H]1CN(C2=CN=CC3=CC=CC=C23)C(=O)[C@@]12CN(CC1=CNN=N1)C(=O)C1=CC=C(F)C=C12,1.97
ASAP-0013405,CNC(=O)CN1C[C@@]2(C(=O)N(C3=CN=CC4=CC=CC=C34)C[C@@H]2CN2C=CC=N2)C2=CC(Cl)=CC=C2C1=O,0.612
ASAP-0013407,CNCCN1C[C@@]2(C(=O)N(C3=CN=CC4=CC=CC=C34)C[C@@H]2C)C2=CC(F)=CC=C2C1=O,0.669
ASAP-0013414,C[C@H]1CN(C2=CN=CC3=CC=CC=C23)C(=O)[C@@]12CN(CC1=COC=N1)C(=O)C1=CC=C(F)C=C12,11.9
ASAP-0013423,CC1=CN=C(CN2C[C@@]3(C(=O)N(C4=CN=CC5=CC=CC=C45)C[C@@H]3C)C3=CC(F)=CC=C3C2=O)C=N1,12.6
ASAP-0013303,CNC(=O)CN1C[C@@]2(C(=O)N(C3=CN=CC4=CC=CC=C34)C[C@@H]2CS(=O)(=O)NC)C2=CC(F)=CC=C2C1=O,0.9
ASAP-0013302,CNC(=O)CN1C[C@@]2(C(=O)N(C3=CN=CC4=CC=CC=C34)C[C@@H]2CS(=O)(=O)N(C)C)C2=CC(Cl)=CC=C2C1=O,1.0
ASAP-0013311,CN1N=NC(CN2C[C@]3(CCN(C4=CN=CC5=CC=CC=C45)C3=O)C3=CC(Cl)=CC=C3C2=O)=N1,8.2
ASAP-0013308,CN1C=NC(CN2C[C@]3(CCN(C4=CN=CC5=CC=CC=C45)C3=O)C3=CC(Cl)=CC=C3C2=O)=N1,3.2
ASAP-0013306,CN1C=CC(CN2C[C@]3(CCN(C4=CN=CC5=CC=CC=C45)C3=O)C3=CC(Cl)=CC=C3C2=O)=N1,10.9
ASAP-0013313,CN1N=NN=C1CN1C[C@]2(CCN(C3=CN=CC4=CC=CC=C34)C2=O)C2=CC(Cl)=CC=C2C1=O,5.7
ASAP-0013310,CN1N=NC(CN2C[C@]3(CCN(C4=CN=CC5=CC=CC=C45)C3=O)C3=CC(Cl)=CC=C3C2=O)=N1,10.5
ASAP-0013309,CN1C=NC(CN2C[C@]3(CCN(C4=CN=CC5=CC=CC=C45)C3=O)C3=CC(Cl)=CC=C3C2=O)=N1,4.2
ASAP-0013307,CN1C=CC(CN2C[C@]3(CCN(C4=CN=CC5=CC=CC=C45)C3=O)C3=CC(Cl)=CC=C3C2=O)=N1,10.2
ASAP-0013305,C[C@H]1CN(C2=CN=CC3=CC=CC=C23)C(=O)[C@@]12CN(CC1=NNC=N1)C(=O)C1=CC=C(F)C=C12,1.6
ASAP-0013304,C[C@H]1CN(C2=CN=CC3=CC=CC=C23)C(=O)[C@@]12CN(CC1=CC(O)=NC=N1)C(=O)C1=CC=C(F)C=C12,1.0
ASAP-0013300,CNC(=O)CN1C[C@@]2(C(=O)N(C3=CN=CC4=CC=CC=C34)C[C@@H]2CNC2=CC=NC=N2)C2=CC(Cl)=CC=C2C1=O,2.1
ASAP-0013301,CNC(=O)CN1C[C@@]2(C(=O)N(C3=CN=CC4=CC=CC=C34)C[C@@H]2CNC2=CN=CC=N2)C2=CC(Cl)=CC=C2C1=O,1.0
ASAP-0013312,CN1N=NN=C1CN1C[C@]2(CCN(C3=CN=CC4=CC=CC=C34)C2=O)C2=CC(Cl)=CC=C2C1=O,3.8
ASAP-0013256,CC(C)[C@H](NC1=NC=NC2=C1C=C(C1=C(C#N)N(C)N=C1)N2)C1=CC=C2OCC(=O)NC2=C1,2.35
ASAP-0013274,C[C@H]1CN(C2=CN=CC3=CC=CC=C23)C(=O)[C@@]12CN(CC1=NC=CN1)C(=O)C1=CC=C(F)C=C12,4.92
ASAP-0013273,C[C@H]1CN(C2=CN=CC3=CC=CC=C23)C(=O)[C@@]12CN(CC1=CC=NN1)C(=O)C1=CC=C(F)C=C12,4.26
ASAP-0013249,C=CC(=O)N1CCCC2=C1C=CC=C2N(CC1=CC=CC(Cl)=C1)C(=O)CC1=CN=CC2=CC=CC=C12,2.14
ASAP-0013265,CNC(=O)CN1C[C@@]2(C(=O)N(C3=CN=CC4=CC=CC=C34)C[C@@H]2CNC2=CC=CC=C2)C2=CC(Cl)=CC=C2C1=O,1.08
ASAP-0013266,CNC(=O)CN1C[C@@]2(C(=O)N(C3=CN=CC4=CC=CC=C34)C[C@@H]2CNC2=CN(C)N=C2)C2=CC(Cl)=CC=C2C1=O,0.813
ASAP-0013268,CNC(=O)CN1C[C@@]2(C(=O)N(C3=CN=CC4=CC=CC=C34)C[C@@H]2CC2=NNN=N2)C2=CC(Cl)=CC=C2C1=O,1.24
ASAP-0013272,C[C@H]1CN(C2=CN=CC3=CC=CC=C23)C(=O)[C@@]12CN(CC1=CNC=N1)C(=O)C1=CC=C(F)C=C12,1.37
ASAP-0013255,CC(C)[C@H](NC1=NC=NC2=C1C=C(C1=C(C#N)N(C)N=C1)N2)C1=CC=C2OCC(=O)NC2=C1,1.22
ASAP-0012329,CC(C)[C@H](NC1=NC=NC2=C1C=C(C1=CN(C)N=C1)N2)C1=CC=C2CCCS(=O)(=O)C2=C1,1.5
ASAP-0012327,CC(C)[C@H](NC1=NC=NC2=C1C=C(C1=CN(C)N=C1)N2)C1=CC=C2CCCS(=O)(=O)C2=C1,1.18
ASAP-0012330,CC(C)(C)[C@H](NC1=NC=NC2=C1C=C(C1=CN(CC(N)=O)N=C1)N2)C1=CC=C2OCCOC2=C1,0.364
ASAP-0012325,CCNC(=O)C1=CC2=C(N[C@H](C3=CC=C4CCCS(=O)(=O)C4=C3)C(C)C)N=CN=C2N1,0.717
ASAP-0012317,CCNC(=O)C1=CC2=C(N[C@H](C3=CC=C4OCCS(=O)(=O)C4=C3)C(C)C)N=CN=C2N1,0.471
ASAP-0012320,CC(C)[C@H](NC1=NC=NC2=C1C=C(C1=CN=CC(S(C)(=O)=O)=C1)N2)C1=CC=C2CCCS(=O)(=O)C2=C1,0.491
ASAP-0012318,CC(C)[C@H](NC1=NC=NC2=C1C=CN2)C1=CC=C2OCCS(=O)(=O)C2=C1,4.4
ASAP-0012334,CC(C)[C@H](NC1=NC=NC2=C1C=C(C(=O)N[C@H]1CCN(C)C1)N2)C1=CC=C2CCCS(=O)(=O)C2=C1,0.175
ASAP-0012332,CC(C)(C)[C@H](NC1=NC=NC2=C1C=C(C1=CN(CC(N)=O)N=C1)N2)C1=CC=C2OCCOC2=C1,1.01
ASAP-0012337,CNCCN1C[C@@]2(C(=O)N(C3=CN=CC4=CC=CC=C34)C[C@@H]2C)C2=CC(Cl)=CC=C2C1=O,2.44
ASAP-0012336,CC(C)[C@H](NC1=NC=NC2=C1C=C(C(=O)N[C@H]1CCN(C)C1)N2)C1=CC=C2CCCS(=O)(=O)C2=C1,0.325
ASAP-0012338,CNC(=O)C1=CC=CC(C2=CC3=C(N[C@H](C4=CC=C5CCCS(=O)(=O)C5=C4)C(C)C)N=CN=C3N2)=C1,0.502
ASAP-0012340,CNC(=O)C1=CC2=C(N[C@H](C3=CC=C4CCCS(=O)(=O)C4=C3)C(C)C)N=CN=C2N1,0.891
ASAP-0012344,CNC(=O)C1=CC=CC(C2=CC3=C(N[C@H](C4=CC=C5CCCS(=O)(=O)C5=C4)C(C)C)N=CN=C3N2)=C1,0.627
ASAP-0012346,CNC(=O)C1=CC2=C(N[C@H](C3=CC=C4CCCS(=O)(=O)C4=C3)C(C)C)N=CN=C2N1,0.377
ASAP-0012339,CO[C@@H](C)CN1C[C@@]2(C(=O)N(C3=CN=CC4=CC=CC=C34)C[C@@H]2C)C2=CC(F)=CC=C2C1=O,27.7
ASAP-0012331,CO[C@@H](C)CN1C[C@@]2(C(=O)N(C3=CN=CC4=CC=CC=C34)C[C@@H]2C)C2=CC(Cl)=CC=C2C1=O,35.7
ASAP-0012333,CNC(=O)[C@@H](C)N1C[C@@]2(C(=O)N(C3=CN=CC4=CC=CC=C34)C[C@@H]2C)C2=CC(Cl)=CC=C2C1=O,8.52
ASAP-0012307,CC(C)[C@H](NC1=NC=NC2=C1C=C(C1=CN(CC(N)=O)N=C1)N2)C1=CC=C2OCCOC2=N1,1.27
ASAP-0012315,CC(C)[C@H](NC1=NC=NC2=C1C=C(C1=CN(CC(N)=O)N=C1)N2)C1=CC=C2OCCOC2=N1,0.47
ASAP-0012349,CCNC(=O)C1=CC2=C(N[C@H](C3=CC=C4CCCS(=O)(=O)C4=C3)C(C)C)N=CN=C2N1,0.532
ASAP-0011513,C[C@H]1CN(C2=CN=CC3=CC=CC=C23)C(=O)[C@@]12CN(CCN1CCOCC1)C(=O)C1=CC=C(Cl)C=C12,19.3
ASAP-0011428,CC(C)[C@H](NC1=NC=NC2=C1C=C(C1=CN(CC(N)=O)N=C1)N2)C1=CC=C2CCCS(=O)(=O)C2=C1,1.98
ASAP-0011448,CC1=NN(C)C=C1C1=CC2=C(N[C@H](C3=CC=C4CCCS(=O)(=O)C4=C3)C(C)C)N=CN=C2N1,3.69
ASAP-0011446,CC1=NN(C)C=C1C1=CC2=C(N[C@H](C3=CC=C4CCCS(=O)(=O)C4=C3)C(C)C)N=CN=C2N1,4.36
ASAP-0011432,CC(C)[C@H](NC1=NC=NC2=C1C=C(C1=CN(CC(N)=O)N=C1)N2)C1=CC=C2CCCS(=O)(=O)C2=C1,0.719
ASAP-0011528,CNC(=O)[C@@H](C)N1C[C@@]2(C(=O)N(C3=CN=CC4=CC=CC=C34)C[C@@H]2C)C2=CC(F)=CC=C2C1=O,1.6
ASAP-0011430,CNC(=O)CN1C[C@@]2(C(=O)N(C3=CN=CC4=CC=CC=C34)C[C@@H]2CC#N)C2=CC(Cl)=CC=C2C1=O,0.317
ASAP-0011445,C[C@H]1CN(C2=CN=CC3=CC=CC=C23)C(=O)[C@@]12CN(CCN1CCOCC1)C(=O)C1=CC=C(F)C=C12,9.99
ASAP-0011485,C[C@H]1CN(C2=CN=CC3=CC=CC=C23)C(=O)[C@@]12CN(CC1=CNN=C1)C(=O)C1=CC=C(F)C=C12,2.07
ASAP-0011359,CNC(=O)C1(N2C[C@@]3(C(=O)N(C4=CN=CC5=CC=CC=C45)C[C@@H]3C)C3=CC(F)=CC=C3C2=O)CC1,1.42
ASAP-0011358,CNC(=O)CN1C[C@@]2(C(=O)N(C3=CN=CC4=CC=CC=C34)C[C@@H]2CN2C=CN=N2)C2=CC(F)=CC=C2C1=O,0.46
ASAP-0011343,CCNC(=O)CN1C[C@@]2(C(=O)N(C3=CN=CC4=CC=CC=C34)C[C@@H]2C)C2=CC(F)=CC=C2C1=O,2.79
ASAP-0011243,CNCC1=CC(C2=CC3=C(N[C@H](C4=CC=C5CCNS(=O)(=O)C5=C4)C(C)C)N=CN=C3N2)=CO1,1.2
ASAP-0011247,CC(C)[C@H](NC1=NC=NC2=C1C(C(=O)NC1CC1)=CN2)C1=CC=C2CCCS(=O)(=O)C2=C1,1.27
ASAP-0011414,CNC(=O)CN1C[C@@]2(C(=O)N(C3=CN=CC4=CC=CC=C34)C[C@@H]2CS(C)(=O)=O)C2=CC(F)=CC=C2C1=O,0.48
ASAP-0011408,CC1CCC2(CC1)CCN(C(=O)CC1=CN=CC3=CC=CC=C13)C2,18.2
ASAP-0011185,C[C@H]1CN(C2=CN=CC3=CC=CC=C23)C(=O)[C@@]12CN(CC(=O)NC1CCC1)C(=O)C1=CC=C(Cl)C=C12,6.29
ASAP-0011176,CNCC1=CC(C2=CC3=C(N[C@H](C4=CC=C5CCCS(=O)(=O)C5=C4)C(C)C)N=CN=C3N2)=CO1,2.61
ASAP-0011156,CNC(=O)C1=CNC2=NC=NC(N[C@H](C3=CC=C4CCCS(=O)(=O)C4=C3)C(C)C)=C12,0.857
ASAP-0011144,CC(C)[C@H](NC1=NC=NC2=C1C=C(C1=C(C#N)N(C)N=C1)N2)C1=CC=C2CCCS(=O)(=O)C2=C1,4.33
ASAP-0011147,CC(C)[C@H](NC1=NC=NC2=C1C=C(C1=C(C#N)N(C)N=C1)N2)C1=CC=C2CCCS(=O)(=O)C2=C1,1.82
ASAP-0011153,CNC(=O)C1=CNC2=NC=NC(N[C@H](C3=CC=C4CCCS(=O)(=O)C4=C3)C(C)C)=C12,1.61
ASAP-0011171,CNC(=O)CN1C=C(C2=CC3=C(N[C@H](C4=CC=C5CCCS(=O)(=O)C5=C4)C(C)C)N=CN=C3N2)C=N1,0.396
ASAP-0011159,CC(C)(C)[C@H](NC1=NC=NC2=C1C=C(C1=CN(CC(N)=O)N=C1)N2)C1=CC=C2OCCOC2=N1,1.02
ASAP-0011207,CC(C)[C@H](NC1=NC=NC2=C1C(C(=O)NC1CC1)=CN2)C1=CC=C2CCCS(=O)(=O)C2=C1,2.97
ASAP-0011180,CC(C)[C@H](NC1=NC=NC2=C1C=C(C1=C(C#N)N(C)N=C1)N2)C1=CC=C2OCC(=O)NC2=N1,9.64
ASAP-0011184,CNC(=O)CN1C=C(C2=CC3=C(N[C@H](C4=CC=C5CCCS(=O)(=O)C5=C4)C(C)C)N=CN=C3N2)C=N1,0.916
ASAP-0011192,CC(C)[C@H](NC1=NC=NC2=C1C=C(C1=CN(C)N=C1)N2)C1=CC=C2CCNS(=O)(=O)C2=C1,1.58
ASAP-0011196,CC(C)[C@H](NC1=NC=NC2=C1C=C(C(=O)N[C@@H]1CCN(C)C1)N2)C1=CC=C2CCCS(=O)(=O)C2=C1,0.707
ASAP-0011198,CC(C)[C@H](NC1=NC=NC2=C1C=C(C(=O)N[C@@H]1CCN(C)C1)N2)C1=CC=C2CCCS(=O)(=O)C2=C1,2.94
ASAP-0011201,CC(C)[C@H](NC1=NC=NC2=C1C=C(C1=CC=C3N=NN(C)C3=C1)N2)C1=CC=C2CCCS(=O)(=O)C2=C1,0.827
ASAP-0011215,CC(C)[C@H](NC1=NC=NC2=C1C=C(C1=CN3C=NC=C3C=C1)N2)C1=CC=C2CCCS(=O)(=O)C2=C1,0.56
ASAP-0011177,CC(C)[C@H](NC1=NC=NC2=C1C=C(C1=C(C#N)N(C)N=C1)N2)C1=CC=C2OCC(=O)NC2=N1,9.35
ASAP-0011162,CC(C)(C)[C@H](NC1=NC=NC2=C1C=C(C1=CN(CC(N)=O)N=C1)N2)C1=CC=C2OCCOC2=N1,1.53
ASAP-0011221,CN1N=CC(C2=CC3=C(N[C@H](C4=CC=C5OCCOC5=N4)C(C)(C)C)N=CN=C3N2)=C1C#N,14.0
ASAP-0011169,CNCC1=CC(C2=CC3=C(N[C@H](C4=CC=C5CCCS(=O)(=O)C5=C4)C(C)C)N=CN=C3N2)=CO1,0.483
ASAP-0011219,CNC(=O)C1=CC2=C(N[C@H](C3=CC=C4OCC(=O)NC4=C3)C(C)C)N=CN=C2N1,1.21
ASAP-0011125,C[C@H]1CN(C2=CN=CC3=CC=CC=C23)C(=O)[C@@]12CN(CC(=O)NCC1(F)CC1)C(=O)C1=CC=C(F)C=C12,2.4
ASAP-0011076,CCNC(=O)C1=CC2=C(N[C@H](C3=CC=C4CCNS(=O)(=O)C4=C3)C(C)C)N=CN=C2N1,1.96
ASAP-0011059,C[C@H]1CN(C2=CN=CC3=CC=CC=C23)C(=O)[C@@]12CN(CC(=O)NCC1CC1)C(=O)C1=CC=C(F)C=C12,2.7
ASAP-0011052,CCNC(=O)CN1C[C@@]2(C(=O)N(C3=CN=CC4=CC=CC=C34)C[C@@H]2C)C2=CC(Cl)=CC=C2C1=O,2.1
ASAP-0011033,CC(C)[C@@H](NC1=NC=NC2=C1C=C(C1=C(C#N)N(C)N=C1)N2)C1=CC=C2OCCOC2=C1,5.11
ASAP-0011036,CN1C(=O)C2=CC=C(Cl)C=C2[C@]12CCCN(C1=CN=CC3=CC=CC=C13)C2=O,8.13
ASAP-0010877,CC1=CC=CC=C1OCC(=O)NC1=CN=CC(C2=CN=C3NC=CC3=C2)=C1,2.06
ASAP-0010980,CC(C)[C@H](NC1=NC=NC2=C1C=C(C1=C(C#N)N(C)N=C1)N2)C1=CC=C2OCCOC2=C1,5.56
ASAP-0010739,CC(C)[C@H](NC1=NC=NC(N)=C1Cl)C1=CC=C2CCCS(=O)(=O)C2=C1,10.1
ASAP-0010740,CN[C@H](C)CN1C[C@H](C(=O)NC2=CN=CC3=CC=CC=C23)C2=CC(Cl)=CC=C2C1=O,1.76
ASAP-0010744,COC1=CC=C([C@H](NC(=O)C2=C3C=CNC3=NC=N2)C(C)C2=NN=NN2)C=C1,1.13
ASAP-0010745,CNCC1=CC(C2=CC3=C(N[C@H](C4=CC=C5CCCS(=O)(=O)C5=C4)C(C)C)N=CN=C3N2)=CO1,1.61
ASAP-0010715,CC(C)[C@H](NC1=NC=NC2=C1C=C(C1=C(C#N)N(C)N=C1)N2)C1=CC=C2OCCOC2=N1,13.7
ASAP-0010716,CC(C)[C@H](NC1=NC=NC2=C1C=C(C1=C(C#N)N(C)N=C1)N2)C1=CC=C2OCCOC2=N1,14.6
ASAP-0010723,CNC(=O)CN1C=C(C2=CC3=C(N[C@H](C4=CC=C5CCCS(=O)(=O)C5=C4)C(C)C)N=CN=C3N2)C=N1,0.47
ASAP-0010712,CO[C@@H](C)CN1C[C@H](C(=O)NC2=CN=CC3=CC=CC=C23)C2=CC(Cl)=CC=C2C1=O,8.5
ASAP-0008711,CCNC(=O)C1=CC2=C(N[C@H](C3=CC=C4CCCS(=O)(=O)C4=C3)C(C)C)N=CN=C2N1,0.7
ASAP-0008685,CNC(=O)C1=CC2=C(N[C@H](C3=CC=C4CCCS(=O)(=O)C4=C3)C(C)C)N=CN=C2N1,0.46
ASAP-0008679,CC(C)[C@H](NC1=NC=NC2=C1C=C(C1=CN(CC(N)=O)N=C1)N2)C1=CC=C2CCCS(=O)(=O)C2=C1,0.32
ASAP-0008678,CC(C)[C@H](NC1=NC=NC2=C1C=C(C1=CN(C)N=C1)N2)C1=CC=C2CCCS(=O)(=O)C2=C1,1.73
ASAP-0008676,CC(C)[C@H](NC1=NC=NC2=C1C=CN2)C1=CC=C2CCCS(=O)(=O)C2=C1,3.55
ASAP-0008674,CC(C)[C@H](NC1=NC=NC2=C1C=CN2)C1=CC=C2CCCS(=O)(=O)C2=C1,5.5
ASAP-0008668,CC(C)[C@H](NC1=NC=NC2=C1C=C(C1=CN(CC(=O)N(C)C)N=C1)N2)C1=CC=C2CCCS(=O)(=O)C2=C1,0.67
ASAP-0008641,CNC(=O)C1=CNC2=NC=NC(N[C@H](C3=CC=C4CCCS(=O)(=O)C4=C3)C(C)C)=C12,2.23
ASAP-0008637,CNC(=O)C1=CNC2=NC=NC(N[C@H](C3=CC=C4OCC(=O)NC4=C3)C(C)C)=C12,4.26
ASAP-0008651,CC(C)[C@H](NC1=NC=NC2=C1C=C(C1=C(C#N)N(C)N=C1)N2)C1=CC=C2CCCS(=O)(=O)C2=C1,1.97
ASAP-0008650,COCCNC(=O)C1=CNC2=NC=NC(N[C@H](C3=CC=C4CCCS(=O)(=O)C4=C3)C(C)C)=C12,1.62
ASAP-0008648,CC(C)(C)[C@H](NC1=NC=NC2=C1C=C(C1=CN(CC(N)=O)N=C1)N2)C1=CC=C2OCCOC2=N1,0.822
ASAP-0008647,CC(C)[C@H](NC1=NC=NC2=C1C(C(=O)NC1CC1)=CN2)C1=CC=C2CCCS(=O)(=O)C2=C1,2.46
ASAP-0008645,CN1N=CC(C2=CC3=C(N[C@H](C4=CC=C5OCCOC5=N4)C(C)(C)C)N=CN=C3N2)=C1C#N,13.5
ASAP-0008644,CC(C)[C@H](NC1=NC=NC2=C1C=C(C1=C(C#N)N(C)N=C1)N2)C1=CC=C2OCC(=O)NC2=N1,9.83
ASAP-0008646,CC(C)[C@H](NC1=NC=NC2=C1C=C(C1=CN(CC(N)=O)N=C1)N2)C1=CC=C2OCCOC2=N1,2.46
ASAP-0008621,CC(C)[C@H](NC1=NC=NC2=C1C=C(C1=CN(CC(N)=O)N=C1)N2)C1=CC=C2OCC(=O)NC2=C1,1.36
ASAP-0008565,CNC(=O)CN1C=C(C2=CC3=C(N[C@H](C4=CC=C5OCCOC5=C4)C(C)C)N=CN=C3N2)C=N1,1.94
ASAP-0008571,CNC(=O)C1=CC2=C(N[C@H](C3=CC=C4OCC(=O)NC4=C3)C(C)C)N=CN=C2N1,0.873
ASAP-0008576,CC(C)[C@H](NC1=NC=NC2=C1C=C(C1=C(C#N)N(C)N=C1)N2)C1=CC=C2OCC(=O)NC2=C1,3.07
ASAP-0008581,CC(C)(C)[C@H](NC1=NC=NC2=C1C=C(C1=CN(CC(N)=O)N=C1)N2)C1=CC=C2OCCOC2=C1,1.66
ASAP-0008482,CC(C)[C@H](NC1=NC=NC2=C1C=C(C1=CN(CCC(N)=O)N=C1)N2)C1=CC=C2OCCOC2=C1,1.46
ASAP-0008484,CN1N=CC(C2=CC3=C(N[C@H](C4=CC=C5OCCOC5=C4)C(C)(C)C)N=CN=C3N2)=C1C#N,2.79
ASAP-0008485,CC(C)[C@H](NC1=NC=NC2=C1C=C(C1=CN(CC(=O)N(C)C)N=C1)N2)C1=CC=C2OCCOC2=C1,1.14
ASAP-0008431,CC(C)[C@H](NC1=NC=NC2=C1C=CN2)C1=CC=C2OCC(=O)NC2=C1,8.7
ASAP-0008445,C[C@H](C(=O)O)[C@H](NC(=O)C1=NC=NC2=C1C=CN2)C1=CC=C(Br)C=C1,1.4
ASAP-0008450,CC(C)[C@H](NC1=NC=NC2=C1C=C(C1=CN(CC(N)=O)N=C1)N2)C1=CC=C2OCCOC2=C1,1.87
ASAP-0008449,CC(C)[C@H](NC1=NC=NC2=C1C=C(C1=CN(CC(N)=O)N=C1)N2)C1=CC=C2OCCOC2=C1,1.09
ASAP-0008430,CC(C)[C@H](NC1=NC=NC2=C1C=CN2)C1=CC=C2OCC(=O)NC2=C1,3.4
ASAP-0008444,CCNC(=O)C1=CC2=C(N[C@H](C3=CC=C4OCCOC4=C3)C(C)C)N=CN=C2N1,2.41
ASAP-0008418,CC(C)[C@H](NC1=NC=NC2=C1C=C(C1=C(C#N)N(C)N=C1)N2)C1=CC=C2OCCOC2=N1,12.8
ASAP-0008399,CC(C)[C@H](NC1=NC=NC2=C1C(C(N)=O)=CN2)C1=CC=C2OCCOC2=C1,11.1
ASAP-0008406,CNC(=O)C1=CNC2=NC=NC(N[C@H](C3=CC=C4OCCOC4=C3)C(C)C)=C12,16.2
ASAP-0008340,COC1=CC=C([C@H](CC2=NN=NN2)NC(=O)C2=NC=NC3=C2C=CN3)C=C1,1.39
ASAP-0008348,CNC(=O)C1=CC2=C(N[C@H](C3=CC=C4OCCOC4=C3)C(C)C)N=CN=C2N1,1.96
ASAP-0008327,CC(C)[C@H](NC1=NC=NC2=C1C=CN2)C1=CC=C2CCCS(=O)(=O)C2=C1,3.3
ASAP-0008288,CC(C)[C@H](NC1=NC=NC2=C1C=C(C1=CN(CC(N)=O)N=C1)N2)C1=CC=C2OCCOC2=C1,0.9
ASAP-0008279,CC(C)[C@H](NC1=NC=NC2=C1C=CN2)C1=CC=C2OCCOC2=C1,31.5
ASAP-0008270,CC(C)[C@H](NC1=NC=NC2=C1C=CN2)C1=CC=C2OCCOC2=N1,20.7
ASAP-0008275,CC(C)[C@H](NC1=NC=NC2=C1C=C(C1=C(C#N)N(C)N=C1)N2)C1=CC=C2OCCOC2=C1,4.2
ASAP-0000775,C[C@H]1CN(C2=CN=CC3=CC=CC=C23)C(=O)[C@@]12CN(CC(=O)NCC1=NN(C)C=C1)C(=O)C1=CC=C(Cl)C=C12,1.51
ASAP-0000774,C[C@H]1CN(C2=CN=CC3=CC=CC=C23)C(=O)[C@@]12CN(CC(=O)NCC1=CC=NN1C)C(=O)C1=CC=C(Cl)C=C12,0.844
ASAP-0000767,CC(C)NC[C@H](O)COC1=CC=C(CC(N)=O)C=C1,0.7
ASAP-0000768,C[C@H](C(=O)O)C1=CC=CC(C(=O)C2=CC=CC=C2)=C1,14.6
ASAP-0000769,C=C[C@H]1CN2CC[C@H]1C[C@@H]2[C@@H](O)C1=CC=NC2=CC=C(OC)C=C12,13.9
ASAP-0000770,C[C@H]1O[C@@H](O[C@H]2[C@@H](O)C[C@H](O[C@H]3[C@@H](O)C[C@H](O[C@H]4CC[C@@]5(C)[C@H](CC[C@@H]6[C@@H]5C[C@@H](O)[C@]5(C)[C@@H](C7=CC(=O)OC7)CC[C@]65O)C4)O[C@@H]3C)O[C@@H]2C)C[C@H](O)[C@@H]1O,0.6
ASAP-0000738,CNC(=O)CN1C[C@]2(C(=O)N(C3=CN=CC4=CC=CC=C34)C[C@H]2CC2CC2)C2=CC(Cl)=CC=C2C1=O,1.73
ASAP-0000733,CNC(=O)CN1C[C@@]2(C(=O)N(C3=CN=CC4=CC=CC=C34)C[C@@H]2C)C2=CC(Cl)=CC=C2C1=O,2.7
ASAP-0000627,O=C(NC1=C2NC=C(C(=O)N[C@H]3C4=CC=CC=C4C[C@H]3C(=O)O)C2=CC=C1)NC1CC1,1.8
ASAP-0000591,COC1=CC=C([C@H](CC(=O)O)NC(=O)C2=NC=NC3=C2C=CN3)C=C1,1.7
ASAP-0000528,CNC(=O)CN1C[C@]2(CCN(C3=CN=CC4=CC=C(OC[C@H](O)CN(C)C)C=C34)C2=O)C2=CC(Cl)=CC=C2C1=O,1.4
ASAP-0000541,CNC(=O)CN1C[C@@]2(C(=O)N(C3=CN=CC4=CC=CC=C34)C[C@@H]2C)C2=CC=CC=C2C1=O,1.1
ASAP-0000502,COC1=CC=C2C(=C1)CCN(C1=NC=NC3=C1C=CN3)[C@H]2C(C)C,7.0
ASAP-0000450,CC(C)[C@H](NC1=NC=NC2=C1C=CN2)C1=CC=C2OCCOC2=C1,26.8
ASAP-0000453,CC(C)[C@H](CO)NC1=NC=NC2=C1C=CN2,13.1
ASAP-0000272,CNC(=O)CN1C[C@@]2(C(=O)N(C3=CN=CC4=CC=CC=C34)C[C@@H]2C)C2=C(C=CC(F)=C2)C1=O,1.7
ASAP-0000175,C=CC(=O)NC1=CC=CC(N(CC2=CC=CC(Cl)=C2)C(=O)CC2=CN=CC3=CC=CC=C23)=C1,8.0
ASAP-0000136,O=C(O)C[C@H](NC(=O)C1=NC=NC2=C1C=CN2)C1=CC=C(Br)C=C1,2.6
ASAP-0000132,O=C(NC1=CC=CC=C1)NC1=CC=C(C(=O)NC2C3=C(CC2C(=O)O)C(O)=CC=C3)C=C1,0.7
ASAP-0031558,CC(C)[C@H]1C2=C(CCN1C(=O)CC1=CN=CC3=CC=CC=C13)SC=C2,21.8
ASAP-0031372,CC(C)C1(C)CCN(C(=O)CC2=CN=CC3=CC=CC=C23)CC1,19.4
ASAP-0031411,O=C(CC1=CN=CC2=CC=CC=C12)N1CCC2=C(C=CS2)C12CCC2,18.9
ASAP-0031442,CC1(CC(F)(F)F)CCN(C(=O)CC2=CN=CC3=CC=CC=C23)CC1,22.6
ASAP-0031187,CCC1=CC=C([C@H]2C[C@H](C)CCN2C(=O)CC2=CN=CC3=CC=CC=C23)O1,14.2
ASAP-0031242,O=C(CC1=CN=CC2=CC=CC=C12)N1CCC2=C(C1)N=CS2,21.2
ASAP-0031213,CC1=CN=CC(CC(=O)N2CCC3=C(C=CS3)C2)=C1,34.5
ASAP-0031146,CC(C)C1(F)CCN(C(=O)CC2=CN=CC3=CC=CC=C23)CC1,21.8
ASAP-0030055,COCC1CCN(C(=O)CC2=CN=CC3=CC=CC=C23)CC1,28.1
ASAP-0029987,O=C1C2=CC=C(Cl)C=C2[C@@]2(CN1CC1=NNC=C1)C(=O)N(C1=CN=CC3=CC=CC=C13)C[C@@H]2CNC1=NN=C(C(F)(F)F)O1,0.204
ASAP-0029984,O=C1C2=CC=C(Cl)C=C2[C@@]2(CN1CC1=NNC=C1)C(=O)N(C1=CN=CC3=CC=CC=C13)C[C@@H]2CNC1=NN=CS1,0.0725
ASAP-0029947,O=C(CC1=CN=CC2=CC=CC=C12)N1CCC(C(F)(F)F)CC1,25.3
ASAP-0029694,CC1=NC=CC(CN2C[C@@]3(C(=O)N(C4=CN=CC5=CC=CC=C45)C[C@@H]3CNC3=NN=CO3)C3=CC(Cl)=CC=C3C2=O)=N1,0.432
ASAP-0029657,CCC1CCN(C(=O)CC2=CN=CC3=CC=CC=C23)CC1,24.9
ASAP-0029741,CC1=NC=CC(CN2C[C@@]3(C(=O)N(C4=CN=CC5=CC=CC=C45)C[C@@H]3CNC3=NN=C(C(F)(F)F)O3)C3=CC(Cl)=CC=C3C2=O)=N1,0.918
ASAP-0029738,C[C@@H]1CCN(C(=O)CC2=CN=CC3=CC=CC=C23)[C@H](C)C1,24.8
ASAP-0029707,CC1(C)CCN(C(=O)CC2=CN=CC3=CC=CC=C23)CC1,26.8
ASAP-0029604,CC(C)C1CCN(C(=O)CC2=CN=CC3=CC=CC=C23)CC1,21.4
ASAP-0029643,CC1=NC=CC(CN2C[C@@]3(C(=O)N(C4=CN=CC5=CC=CC=C45)C[C@@H]3CNC3=NN=C(C)O3)C3=CC(Cl)=CC=C3C2=O)=N1,0.566
ASAP-0029634,C[C@H]1C[C@@H](C)N(C(=O)CC2=CN=CC3=CC=CC=C23)[C@@H](C)C1,22.5
ASAP-0029560,CC1=NC=CC(CN2C[C@@]3(C(=O)N(C4=CN=CC5=CC=CC=C45)C[C@@H]3CNC3=NN=CS3)C3=CC(Cl)=CC=C3C2=O)=N1,0.636
ASAP-0029539,O=C(CC1=CN=CC2=CC=CC=C12)N1CCC(C(F)F)CC1,24.9
ASAP-0029423,CC(F)(F)C1CCN(C(=O)CC2=CN=CC3=CC=CC=C23)CC1,23.7
ASAP-0029287,CC(C)CC1(C)CCN(C(=O)CC2=CN=CC3=CC=CC=C23)CC1,15.4
ASAP-0028999,O=C(CC1=CN=CC2=CC=CC=C12)N(CC1=CC=CC(Cl)=C1)C1=CC=C2N=CNC2=C1,5.94
ASAP-0028832,COC1=CC=C(N(CC2=CC=CC(Cl)=C2)C(=O)CC2=CN=CC=C2C)C=C1,14.4
ASAP-0028820,C[C@H]1C2=C(CCN1C(=O)CC1=CN=CC3=CC=CC=C13)SC=C2,28.7
ASAP-0028829,C[C@H]1CCN(C(=O)CC2=CN=CC3=CC=CC=C23)C1,28.7
ASAP-0028830,C[C@H]1CCN1C(=O)CC1=CN=CC2=CC=CC=C12,32.1
ASAP-0028818,CC1=NC2=CC=C(N(CC3=CC=CC(Cl)=C3)C(=O)CC3=CN=CC4=CC=CC=C34)C=C2N1,5.85
ASAP-0028833,O=C(CC1=CN=CC2=CC=CC=C12)N1CCCN2N=CC=C2C1,19.4
ASAP-0028823,O=C(CC1=CN=CC2=CC=CC=C12)N1CCC2=C(Cl)C=CC=C2C1,23.9
ASAP-0028815,O=C(CC1=CN=CC2=CC=CC=C12)N1CCN2N=CC=C2C1,19.4
ASAP-0028819,C[C@H]1C2=C(CCN1C(=O)CC1=CN=CC3=CC=CC=C13)SC=C2,31.9
ASAP-0028810,O=C(CC1=CN=CC2=CC=CC=C12)N1CCC1,27.3
ASAP-0028872,C[C@H]1CCN(C(=O)CC2=CN=CC3=CC=CC=C23)CCO1,28.6
ASAP-0028866,CC1CN(C(=O)CC2=CN=CC3=CC=CC=C23)C1,34.6
ASAP-0028843,O=C(CC1=CN=CC2=CC=CC=C12)N1CCCOCC1,27.9
ASAP-0028890,CN(C)C(=O)CC1=CN=CC2=CC=CC=C12,32.2
ASAP-0028889,C[C@H]1CCOCCN1C(=O)CC1=CN=CC2=CC=CC=C12,34.1
ASAP-0028881,C[C@H]1CN(C(=O)CC2=CN=CC3=CC=CC=C23)CCCO1,30.5
ASAP-0028867,O=C(CC1=CN=CC2=CC=CC=C12)N1CCCCC1,30.3
ASAP-0028856,CC1CCN(C(=O)CC2=CN=CC3=CC=CC=C23)CC1,29.4
ASAP-0028855,CN1C=NC2=C1CCN(C(=O)CC1=CN=CC3=CC=CC=C13)C2,5.31
ASAP-0028844,CC1=NC2=C(CCN(C(=O)CC3=CN=CC4=CC=CC=C34)C2)N1C,4.65
ASAP-0028841,O=C(CC1=CN=CC2=CC=CC=C12)N1CCCC1,35.6
ASAP-0028838,CC[C@H]1C2=C(CCN1C(=O)CC1=CN=CC3=CC=CC=C13)SC=C2,29.0
ASAP-0028837,CC[C@H]1C2=C(CCN1C(=O)CC1=CN=CC3=CC=CC=C13)SC=C2,35.5
ASAP-0028804,C[C@H]1CN(C(=O)CC2=CN=CC3=CC=CC=C23)CCO1,27.3
ASAP-0028002,O=C(CC1=CN=CC2=CC=CC=C12)N(CC1=CC=CC(Cl)=C1)C1=CC=C2C=CNC2=C1,1.3
ASAP-0028001,COC1=CC=C(N(CC2=CC=CC(Cl)=C2)C(=O)CC2=CN=CC(C)=C2)C=C1,22.7
ASAP-0027976,O=C(CC1=CN=CC2=CC=CC=C12)N1CCC2=C(C=CS2)C1,31.5
ASAP-0027997,O=C(CC1=CN=CC2=CC=CC=C12)N1CCCCCC1,26.9
ASAP-0028004,C[C@H]1CCCN(C(=O)CC2=CN=CC3=CC=CC=C23)C1,28.8
ASAP-0027927,C[C@H]1COCCN(C(=O)CC2=CN=CC3=CC=CC=C23)C1,33.5
ASAP-0028012,C[C@H]1CCCCN1C(=O)CC1=CN=CC2=CC=CC=C12,25.2
ASAP-0027975,O=C(CC1=CN=CC2=CC=CC=C12)N1CCC2=C(C1)N=CN2,1.77
ASAP-0027948,C[C@H]1COCCCN1C(=O)CC1=CN=CC2=CC=CC=C12,25.8
ASAP-0027930,C[C@H]1CCCN1C(=O)CC1=CN=CC2=CC=CC=C12,26.9
ASAP-0027942,O=C(CC1=CN=CC2=CC=CC=C12)N1CCOCC1,34.0
ASAP-0027924,COC1=CC=C(N(CC2=CC=CC(Cl)=C2)C(=O)CC2=CC=CN=C2)C=C1,26.5
ASAP-0027949,C[C@H]1CCCCCN1C(=O)CC1=CN=CC2=CC=CC=C12,34.3
ASAP-0027969,C[C@H]1CCCCN(C(=O)CC2=CN=CC3=CC=CC=C23)C1,26.5
ASAP-0027986,C[C@H]1COCCN1C(=O)CC1=CN=CC2=CC=CC=C12,33.1
ASAP-0027994,C[C@H]1CCCN(C(=O)CC2=CN=CC3=CC=CC=C23)CC1,29.0
ASAP-0027780,O=C1C2=CC=C(Cl)C=C2[C@@]2(CN1CC1CNC1)C(=O)N(C1=CN=CC3=CC=CC=C13)C[C@@H]2CNC1=NC=CS1,0.464
ASAP-0023179,CC1=NC2=NC=NN2C(SC2=NN=C(C3=CC=C(Cl)C=C3)N2C)=C1,0.0547
ASAP-0022922,CC1=NN=C(SC2=CC(C3=CC=CC=C3)=NC3=NC=NN23)N1C,0.0737
ASAP-0021174,CCS(=O)(=O)N[C@H]1CN(C2=CN=CC3=CC=CC=C23)C(=O)[C@@]12CN(CC(=O)NC)C(=O)C1=CC=C(Cl)C=C12,1.03
ASAP-0020941,CNC(=O)CN1C[C@@]2(C(=O)N(C3=CN=CC4=CC=CC=C34)C[C@@H]2NC(C)=O)C2=CC(Cl)=CC=C2C1=O,0.403
ASAP-0017647,O=C1C2=CC=C(Cl)C=C2[C@@]2(CN1CC1=CC=NN=C1)C(=O)N(C1=CN=CC3=CC=CC=C13)C[C@@H]2CNC1=NN=CS1,0.555
ASAP-0017685,CNC(=O)CN1C[C@]2(C(=O)N(C3=CN=CC4=CC=CC=C34)C[C@H]2OCC2CC2)C2=CC(Cl)=CC=C2C1=O,1.45
ASAP-0017714,COC(=O)N[C@H](C(=O)N1C[C@H](C(F)(F)F)C[C@H]1C(=O)N[C@H](C#N)C[C@@H]1CCNC1=O)C(C)(C)C,0.457
ASAP-0017386,CCO[C@H]1CN(C2=CN=CC3=CC=CC=C23)C(=O)[C@@]12CN(CC(=O)NC)C(=O)C1=CC=C(Cl)C=C12,3.52
ASAP-0017058,O=C1C2=CC=C(Cl)C=C2[C@@]2(CN1CC1=NN=CO1)C(=O)N(C1=CN=CC3=CC=CC=C13)C[C@@H]2CNC1=NC=NC=N1,0.409
ASAP-0016973,COC(=O)N[C@H](C(=O)N1C[C@H](C(F)(F)F)C[C@H]1C(=O)N[C@H](C#N)C[C@@H]1CCNC1=O)C(C)(C)C,0.894
ASAP-0016902,CNC(=O)CN1C[C@@]2(C(=O)N(C3=CN=CC4=CC=CC=C34)C[C@@H]2NCC2CC2)C2=CC(Cl)=CC=C2C1=O,1.44
ASAP-0016974,COC(=O)N[C@H](C(=O)N1C[C@H](C(F)(F)F)C[C@H]1C(=O)N[C@H](C#N)C[C@@H]1CCNC1=O)C(C)(C)C,0.554
ASAP-0016838,CNC(=O)CN1C[C@@]2(C(=O)N(C3=CN=CC4=CC=CC=C34)C[C@@H]2NS(C)(=O)=O)C2=CC(Cl)=CC=C2C1=O,0.42
ASAP-0016592,CNC(=O)CN1C[C@@]2(C(=O)N(C3=CN=CC4=CC=CC=C34)C[C@@H]2NC)C2=CC(Cl)=CC=C2C1=O,0.857
ASAP-0016591,C[C@H]1CN(CCN2C[C@@]3(C(=O)N(C4=CN=CC5=CC=CC=C45)C[C@@H]3C)C3=CC(Cl)=CC=C3C2=O)C[C@@H](C)O1,22.8
ASAP-0016541,CNC(=O)CN1C[C@@]2(C(=O)N(C3=CN=CC4=CC=CC=C34)C[C@@H]2COCC2CC2)C2=CC(Cl)=CC=C2C1=O,2.59
ASAP-0016543,CNC(=O)CN1C[C@@]2(C(=O)N(C3=CN=CC4=CC=CC=C34)C[C@@H]2NC(C)C)C2=CC(Cl)=CC=C2C1=O,1.73
ASAP-0016539,O=C1C2=CC=C(Cl)C=C2[C@@]2(CN1CC1=CC=NN=C1)C(=O)N(C1=CN=CC3=CC=CC=C13)C[C@@H]2CNC1=CC=NC=N1,0.819
ASAP-0016542,C[C@H]1CN(C2=CN=CC3=CC=CC=C23)C(=O)[C@@]12CN(CCN1CCC1)C(=O)C1=CC=C(Cl)C=C12,4.86
ASAP-0016508,CNC(=O)CN1C[C@@]2(C(=O)N(C3=CN=CC4=CC=CC=C34)C[C@@H]2N)C2=CC(Cl)=CC=C2C1=O,0.693
ASAP-0016094,C=CC(=O)N1CCCC2=CC=C(N(CC3=CC=CC(Cl)=C3)C(=O)CC3=CN=CC4=CC=CC=C34)C=C21,0.518
ASAP-0015900,C[C@H]1CN(C2=CN=CC3=CC=CC=C23)C(=O)[C@@]12CN(C1CCNCC1)C(=O)C1=CC=C(Cl)C=C12,0.525
ASAP-0015906,CC1=NN=C(CN2C[C@@]3(C(=O)N(C4=CN=CC5=CC=CC=C45)C[C@@H]3CNC3=CC=NC=N3)C3=CC(Cl)=CC=C3C2=O)O1,0.561
ASAP-0015904,O=C1C2=CC=C(Cl)C=C2[C@@]2(CN1CC1COC1)C(=O)N(C1=CN=CC3=CC=CC=C13)C[C@@H]2CNC1=CC=NC=N1,0.376
ASAP-0015777,CNCCN1C[C@@]2(C(=O)N(C3=CN=CC4=CC=CC=C34)C[C@@H]2CS(=O)(=O)N(C)C)C2=CC(Cl)=CC=C2C1=O,1.57
ASAP-0015773,CNCCN1C[C@@]2(C(=O)N(C3=CN=CC4=CC=CC=C34)C[C@@H]2COCC2CC2)C2=CC(Cl)=CC=C2C1=O,1.95
ASAP-0015657,C[C@H]1CN(CCN2C[C@@]3(C(=O)N(C4=CN=CC5=CC=CC=C45)C[C@@H]3C)C3=CC(Cl)=CC=C3C2=O)[C@@H](C)CO1,16.7
ASAP-0015666,C[C@H]1CN(C2=CN=CC3=CC=CC=C23)C(=O)[C@@]12CN(CCN1C[C@H]3CC[C@H](C1)O3)C(=O)C1=CC=C(Cl)C=C12,19.7
ASAP-0015648,CNC(=O)CN1C[C@@]2(C(=O)N(C3=CN=CC4=CC=CC=C34)C[C@@H]2COC2CCC2)C2=CC(Cl)=CC=C2C1=O,3.45
ASAP-0015656,C[C@@H]1CN(CCN2C[C@@]3(C(=O)N(C4=CN=CC5=CC=CC=C45)C[C@@H]3C)C3=CC(Cl)=CC=C3C2=O)[C@H](C)CO1,24.0
ASAP-0015660,C[C@H]1CN(C2=CN=CC3=CC=CC=C23)C(=O)[C@@]12CN(CCN1CC(F)(F)C1)C(=O)C1=CC=C(Cl)C=C12,21.5
ASAP-0015663,C[C@H]1CN(CCN2C[C@@]3(C(=O)N(C4=CN=CC5=CC=CC=C45)C[C@@H]3C)C3=CC(Cl)=CC=C3C2=O)C[C@H](C)O1,23.0
ASAP-0015672,C[C@H]1CN(C2=CN=CC3=CC=CC=C23)C(=O)[C@@]12CN(CCN1C[C@H]3C[C@@H]1CO3)C(=O)C1=CC=C(Cl)C=C12,5.57
ASAP-0015669,C[C@H]1CN(C2=CN=CC3=CC=CC=C23)C(=O)[C@@]12CN(CCN1C[C@@H]3COC[C@@H]3C1)C(=O)C1=CC=C(Cl)C=C12,7.02
ASAP-0015677,C[C@@H]1CN(CCN2C[C@@]3(C(=O)N(C4=CN=CC5=CC=CC=C45)C[C@@H]3C)C3=CC(Cl)=CC=C3C2=O)CCO1,11.7
ASAP-0015679,C[C@@H]1CN(CCN2C[C@@]3(C(=O)N(C4=CN=CC5=CC=CC=C45)C[C@@H]3C)C3=CC(Cl)=CC=C3C2=O)C[C@@H](C)O1,22.5
ASAP-0015514,C[C@H]1CN(CCN2C[C@@]3(C(=O)N(C4=CN=CC5=CC=CC=C45)C[C@@H]3C)C3=CC(Cl)=CC=C3C2=O)CCO1,14.6
ASAP-0015512,C[C@H]1COC[C@@H](C)N1CCN1C[C@@]2(C(=O)N(C3=CN=CC4=CC=CC=C34)C[C@@H]2C)C2=CC(Cl)=CC=C2C1=O,24.6
ASAP-0015508,C[C@H]1CN(C2=CN=CC3=CC=CC=C23)C(=O)[C@@]12CN(CCN1CCOC(C)(C)C1)C(=O)C1=CC=C(Cl)C=C12,27.5
ASAP-0015376,C[C@@H]1COC[C@@H](C)N1CCN1C[C@@]2(C(=O)N(C3=CN=CC4=CC=CC=C34)C[C@@H]2C)C2=CC(Cl)=CC=C2C1=O,18.3
ASAP-0015239,CNC(=O)CN1C[C@@]2(C(=O)N(C3=CN=CC4=CC=CC=C34)C[C@@H]2CNC2=NN=CS2)C2=CC(Cl)=CC=C2C1=O,0.7
ASAP-0015078,CNC(=O)CN1C[C@@]2(C(=O)N(C3=CN=CC4=CC=CC=C34)C[C@@H]2CCl)C2=CC(Cl)=CC=C2C1=O,1.6
ASAP-0015108,CNC(=O)CN1C[C@@]2(C(=O)N(C3=CN=CC4=CC=CC=C34)C[C@@H]2CNC2=NC=NC=N2)C2=CC(Cl)=CC=C2C1=O,0.3
ASAP-0015092,C[C@H]1CN(C2=CN=CC3=CC=CC=C23)C(=O)[C@@]12CN(CCN1CCC3(COC3)C1)C(=O)C1=CC=C(Cl)C=C12,2.3
ASAP-0014936,COC[C@H]1CN(C2=CN=CC3=CC=CC=C23)C(=O)[C@@]12CN(CC1=CNC=N1)C(=O)C1=CC=C(Cl)C=C12,1.0
ASAP-0014948,COC[C@H]1CN(C2=CN=CC3=CC=CC=C23)C(=O)[C@@]12CN(CC1=NC=CN1)C(=O)C1=CC=C(Cl)C=C12,3.5
ASAP-0014794,C[C@H]1CN(C2=CN=CC3=CC=CC=C23)C(=O)[C@@]12CN(CC1=CC=NC=N1)C(=O)C1=CC=C(F)C=C12,4.4
ASAP-0014745,C[C@H]1CN(C2=CN=CC3=CC=CC=C23)C(=O)[C@@]12CN(CC1=NC=CO1)C(=O)C1=CC=C(F)C=C12,10.5
ASAP-0014758,C[C@H]1CN(C2=CN=CC3=CC=CC=C23)C(=O)[C@@]12CN(CC1=NN(C)N=N1)C(=O)C1=CC=C(F)C=C12,5.9
ASAP-0014753,C[C@H]1CN(C2=CN=CC3=CC=CC=C23)C(=O)[C@@]12CN(CC1=NN(C)N=C1)C(=O)C1=CC=C(F)C=C12,10.5
ASAP-0014750,CC1=NC(CN2C[C@@]3(C(=O)N(C4=CN=CC5=CC=CC=C45)C[C@@H]3C)C3=CC(F)=CC=C3C2=O)=CO1,9.5
ASAP-0014762,CC1=NC(CN2C[C@@]3(C(=O)N(C4=CN=CC5=CC=CC=C45)C[C@@H]3C)C3=CC(F)=CC=C3C2=O)=NO1,8.1
ASAP-0014717,C[C@H]1CN(C2=CN=CC3=CC=CC=C23)C(=O)[C@@]12CN(CCN1CCS(=O)(=O)CC1)C(=O)C1=CC=C(Cl)C=C12,1.7
ASAP-0014769,C[C@H]1CN(C2=CN=CC3=CC=CC=C23)C(=O)[C@@]12CN(CC1=NN(C)C=N1)C(=O)C1=CC=C(F)C=C12,1.3
ASAP-0014764,C[C@H]1CN(C2=CN=CC3=CC=CC=C23)C(=O)[C@@]12CN(CC1=NOC=C1)C(=O)C1=CC=C(F)C=C12,12.1
ASAP-0014770,C[C@H]1CN(C2=CN=CC3=CC=CC=C23)C(=O)[C@@]12CN(CC1=NN(C)C=C1)C(=O)C1=CC=C(F)C=C12,9.9
ASAP-0014773,C[C@H]1CN(C2=CN=CC3=CC=CC=C23)C(=O)[C@@]12CN(CC1=CN(C)N=C1)C(=O)C1=CC=C(F)C=C12,3.9
ASAP-0014789,COC[C@H]1CN(C2=CN=CC3=CC=CC=C23)C(=O)[C@@]12CN(CC1=CC=NN1)C(=O)C1=CC=C(Cl)C=C12,2.6
ASAP-0014632,C[C@H]1CN(C2=CN=CC3=CC=CC=C23)C(=O)[C@@]12CN(CCN1CCCC1=O)C(=O)C1=CC=C(Cl)C=C12,2.6
ASAP-0014619,CC1=NC=C(CN2C[C@@]3(C(=O)N(C4=CN=CC5=CC=CC=C45)C[C@@H]3C)C3=CC(F)=CC=C3C2=O)O1,5.1
