Molecule name,SMILES,pIC50 (SARS-CoV-2 Mpro)
ASAP-0000142,C=C(CN1CCC2=C(C=C(Cl)C=C2)C1C(=O)NC1=CN=CC2=CC=CC=C12)C(N)=O,5.29
ASAP-0000144,C=C(CN1CCC2=C(C=C(Cl)C=C2)C1C(=O)NC1=CN=CC2=CC=CC=C12)C(=O)OC,6.11
ASAP-0000145,C=C(CN1CCC2=C(C=C(Cl)C=C2)C1C(=O)NC1=CN=CC2=CC=CC=C12)C(=O)O,5.62
ASAP-0000146,C=C(CN(C(=O)C1CCOC2=C1C=C(Cl)C=C2)C1=CN=CC2=CC=CC=C12)C(=O)NC1=CC=CC=C1,6.45
ASAP-0000147,C=C(CN(C(=O)C1CCOC2=C1C=C(Cl)C=C2)C1=CN=CC2=CC=CC=C12)C(N)=O,5.56
ASAP-0000150,CN1C(=O)N(C2=CN=CC3=CC=CC=C23)C(=O)C12CN(CC1=CC=CC=C1)C2,5.4
ASAP-0000153,O=C1N[C@]2(C[C@@H](C3=C(Cl)C=CC=C3)C2)C(=O)N1C1=CN=CC2=CC=CC=C12,7.84
ASAP-0000154,CN1CCN(C2=CC=CC=C2NC(=O)CN2CC3=CC=C(Cl)C=C3[C@H](C(=O)NC3=CN=CC4=CC=CC=C34)C2)CC1,5.78
ASAP-0000155,O=C(CN1CC2=CC=C(Cl)C=C2[C@H](C(=O)NC2=CN=CC3=CC=CC=C23)C1)NCC1=CC=CC(Br)=C1,7.35
ASAP-0000156,O=C(CN1CC2=CC=C(Cl)C=C2[C@H](C(=O)NC2=CN=CC3=CC=CC=C23)C1)NC1=CC=C(N2CCOCC2=O)C=C1,7.17
ASAP-0000157,O=C(CN1CC2=CC=C(Cl)C=C2[C@H](C(=O)NC2=CN=CC3=CC=CC=C23)C1)NCC1=CC=CC=C1,7.22
ASAP-0000158,O=C(CN1CC2=CC=C(Cl)C=C2[C@H](C(=O)NC2=CN=CC3=CC=CC=C23)C1)NCC1=CC=C(Br)C=C1,6.86
ASAP-0000159,O=C(CN1CC2=CC=C(Cl)C=C2[C@H](C(=O)NC2=CN=CC3=CC=CC=C23)C1)NCC1=CC(Cl)=CC(Cl)=C1,7.16
ASAP-0000160,O=C(CN1CC2=CC=C(Cl)C=C2[C@H](C(=O)NC2=CN=CC3=CC=CC=C23)C1)NCC1=CC=C2OCOC2=C1,6.95
ASAP-0000161,O=C(CN1CC2=CC=C(Cl)C=C2[C@H](C(=O)NC2=CN=CC3=CC=CC=C23)C1)NCC1=CC=C(F)C=C1,7.11
ASAP-0000162,O=C(CN1CC2=CC=C(Cl)C=C2[C@H](C(=O)NC2=CN=CC3=CC=CC=C23)C1)NCC1=CC=CC(Cl)=C1,7.02
ASAP-0000163,CC(C)(NC(=O)CN1CC2=CC=C(Cl)C=C2[C@H](C(=O)NC2=CN=CC3=CC=CC=C23)C1)C1=CC=CC=C1,6.74
ASAP-0000164,CC(=O)NC1=CC=C(NC(=O)CN2CC3=CC=C(Cl)C=C3[C@H](C(=O)NC3=CN=CC4=CC=CC=C34)C2)C=C1,7.47
ASAP-0000165,CC(C)(C)N(CC1=CC=CC=C1)C(=O)CN1CC2=CC=C(Cl)C=C2[C@H](C(=O)NC2=CN=CC3=CC=CC=C23)C1,6.0
ASAP-0000166,CC(=O)NC1=CC=C(N(C)C(=O)CN2CC3=CC=C(Cl)C=C3[C@H](C(=O)NC3=CN=CC4=CC=CC=C34)C2)C=C1,5.83
ASAP-0000167,O=C(CN1CC2=CC=C(Cl)C=C2[C@H](C(=O)NC2=CN=CC3=CC=CC=C23)C1)NCC1=CC=C(CCO)C=C1,7.1
ASAP-0000168,O=C(CN1CC2=CC=C(Cl)C=C2[C@H](C(=O)NC2=CN=CC3=CC=CC=C23)C1)NCC1=CC=CC(F)=C1,7.14
ASAP-0000169,O=C(CN1CC2=CC=C(Cl)C=C2[C@H](C(=O)NC2=CN=CC3=CC=CC=C23)C1)NCCC1=CC=CC(Cl)=C1,7.21
ASAP-0000170,CN(CCC1=CC=CC=C1)C(=O)CN1CC2=CC=C(Cl)C=C2[C@H](C(=O)NC2=CN=CC3=CC=CC=C23)C1,6.01
ASAP-0000171,O=C1C(C2=CC(Cl)=CC=C2)=CN=C(S)N1C1=CN=CC2=CC=CC=C12,6.86
ASAP-0000173,C=CC(=O)NC1=C(N(CC2=CC=CC(Cl)=C2)C(=O)CC2=CN=CC3=CC=CC=C23)C=CC=C1,5.16
ASAP-0000176,C=CC(=O)NC(C(=O)NC1=CN=CC2=CC=CC=C12)C1=CC(Cl)=C(Cl)C=C1,5.5
ASAP-0000179,O=C1[C@@H]2CCCCN2C(=O)N1C1=CN=CC2=CC=CC=C12,4.19
ASAP-0000180,C[C@H]1CC[C@@H]2C(=O)N(C3=CN=CC4=CC=CC=C34)C(=O)N2C1,4.65
ASAP-0000181,C[C@H]1CC[C@H]2C(=O)N(C3=CN=CC4=CC=CC=C34)C(=O)N2C1,4.37
ASAP-0000182,C[C@H]1CC[C@@H]2C(=O)N(C3=CN=CC4=CC=CC=C34)C(=O)N2C1,4.21
ASAP-0000184,O=C1N[C@]2(C[C@@H](C3=CC=C(Cl)C=C3)C2)C(=O)N1C1=CN=CC2=CC=CC=C12,7.04
ASAP-0000185,O=C1N[C@]2(C[C@@H](C3=CC=CC=C3)C2)C(=O)N1C1=CN=CC2=CC=CC=C12,6.87
ASAP-0000186,CO[C@H]1CCN2C(=O)N(C3=CN=CC4=CC=CC=C34)C(=O)[C@@H]2C1,4.03
ASAP-0000187,O=C(O)CN1CC2=CC=C(Cl)C=C2[C@H](C(=O)NC2=CN=CC3=CC=CC=C23)C1,5.01
ASAP-0000204,O=C(CN1CC2=CC=C(Cl)C=C2[C@H](C(=O)NC2=CN=CC3=CC=CC=C23)C1)NCC1=C(Cl)C=CC=C1Cl,6.75
ASAP-0000205,COC1=CC(CNC(=O)CN2CC3=CC=C(Cl)C=C3[C@H](C(=O)NC3=CN=CC4=CC=CC=C34)C2)=CC(OC)=C1,7.16
ASAP-0000206,O=C(CN1CC2=CC=C(Cl)C=C2[C@H](C(=O)NC2=CN=CC3=CC=CC=C23)C1)NC1=CC=C2SC=NC2=C1,6.93
ASAP-0000207,COC1=CC=C(CNC(=O)CN2CC3=CC=C(Cl)C=C3[C@H](C(=O)NC3=CN=CC4=CC=CC=C34)C2)C=C1OC,6.94
ASAP-0000208,O=C(CN1CC2=CC=C(Cl)C=C2[C@H](C(=O)NC2=CN=CC3=CC=CC=C23)C1)NC1=CC=CC=C1,7.01
ASAP-0000209,CC1=CC=C2NC=C(CCNC(=O)CN3CC4=CC=C(Cl)C=C4[C@H](C(=O)NC4=CN=CC5=CC=CC=C45)C3)C2=C1,7.12
ASAP-0000210,CCOC1=CC=C(CNC(=O)CN2CC3=CC=C(Cl)C=C3[C@H](C(=O)NC3=CN=CC4=CC=CC=C34)C2)C=C1,6.9
ASAP-0000211,O=C(CN1CC2=CC=C(Cl)C=C2[C@H](C(=O)NC2=CN=CC3=CC=CC=C23)C1)NCCC1=CC=C(C(F)F)C=C1,7.3
ASAP-0000212,CCOC1=CC=CC=C1CNC(=O)CN1CC2=CC=C(Cl)C=C2[C@H](C(=O)NC2=CN=CC3=CC=CC=C23)C1,6.94
ASAP-0000213,O=C(CN1CC2=CC=C(Cl)C=C2[C@H](C(=O)NC2=CN=CC3=CC=CC=C23)C1)NCCC1=CC=C(C(F)(F)F)C=C1,7.15
ASAP-0000214,CN1CCN(C2=CC=C(NC(=O)CN3CC4=CC=C(Cl)C=C4[C@H](C(=O)NC4=CN=CC5=CC=CC=C45)C3)C=C2F)CC1,7.24
ASAP-0000215,CCC1=CC=C(CNC(=O)CN2CC3=CC=C(Cl)C=C3[C@H](C(=O)NC3=CN=CC4=CC=CC=C34)C2)C=C1,6.99
ASAP-0000216,CCOC1=CC=CC(CNC(=O)CN2CC3=CC=C(Cl)C=C3[C@H](C(=O)NC3=CN=CC4=CC=CC=C34)C2)=C1,7.05
ASAP-0000217,CC1=CC=C(CNC(=O)CN2CC3=CC=C(Cl)C=C3[C@H](C(=O)NC3=CN=CC4=CC=CC=C34)C2)C=C1,6.96
ASAP-0000218,O=C(CN1CC2=CC=C(Cl)C=C2[C@H](C(=O)NC2=CN=CC3=CC=CC=C23)C1)NC(C1=CC=CC=C1)C1=CC=CC=C1,7.04
ASAP-0000219,CN1CCN(C2=CC=C(NC(=O)CN3CC4=CC=C(Cl)C=C4[C@H](C(=O)NC4=CN=CC5=CC=CC=C45)C3)C=C2)CC1,6.69
ASAP-0000220,COC1=CC=C(CNC(=O)CN2CC3=CC=C(Cl)C=C3[C@H](C(=O)NC3=CN=CC4=CC=CC=C34)C2)C=C1,7.08
ASAP-0000221,CCN1CCN(C2=CC=C(NC(=O)CN3CC4=CC=C(Cl)C=C4[C@H](C(=O)NC4=CN=CC5=CC=CC=C45)C3)C=C2)CC1,7.55
ASAP-0000222,COC1=CC=CC(CNC(=O)CN2CC3=CC=C(Cl)C=C3[C@H](C(=O)NC3=CN=CC4=CC=CC=C34)C2)=C1,7.08
ASAP-0000223,COC1=CC=CC=C1CNC(=O)CN1CC2=CC=C(Cl)C=C2[C@H](C(=O)NC2=CN=CC3=CC=CC=C23)C1,6.96
ASAP-0000224,O=C(CN1CC2=CC=C(Cl)C=C2[C@H](C(=O)NC2=CN=CC3=CC=CC=C23)C1)NCCC1=CC=C(Cl)C=C1Cl,6.97
ASAP-0000225,O=C(CN1CC2=CC=C(Cl)C=C2[C@H](C(=O)NC2=CN=CC3=CC=CC=C23)C1)NCCC1=CC=C(Cl)C(Cl)=C1,7.15
ASAP-0000226,CCN1CCN(C2=CC=C(NC(=O)CN3CC4=CC=C(Cl)C=C4[C@H](C(=O)NC4=CN=CC5=CC=CC=C45)C3)C=C2F)CC1,7.43
ASAP-0000227,CC1=CC=C(CCNC(=O)CN2CC3=CC=C(Cl)C=C3[C@H](C(=O)NC3=CN=CC4=CC=CC=C34)C2)C=C1,7.12
ASAP-0000228,CO[C@H]1CC[C@@H]2C(=O)N(C3=CN=CC4=CC=CC=C34)C(=O)N2C1,4.22
ASAP-0000229,CO[C@H]1CC[C@@H]2C(=O)N(C3=CN=CC4=CC=CC=C34)C(=O)N2C1,4.43
ASAP-0000235,O=C1[C@@H]2CN(CC3=CC=CC=C3)CCN2C(=O)N1C1=CN=CC2=CC=CC=C12,5.54
ASAP-0000237,C[C@H]1CCN2C(=O)N(C3=CN=CC4=CC=CC=C34)C(=O)[C@@H]2C1,4.12
ASAP-0000238,C[C@H]1CCN2C(=O)N(C3=CN=CC4=CC=CC=C34)C(=O)[C@@H]2C1,4.1
ASAP-0000240,CNC(=O)CN1C[C@@]2(C(=O)N(C3=CN=CC4=CC=CC=C34)C[C@H]2C)C2=CC(Cl)=CC=C2C1=O,5.62
ASAP-0000241,O=C1N[C@]2(C[C@H](C3=CC=CC=C3)C2)C(=O)N1C1=CN=CC2=CC=CC=C12,6.69
ASAP-0000271,C[C@H]1CC[C@]2(CO1)NC(=O)N(C1=CN=CC3=CC=CC=C13)C2=O,4.19
ASAP-0000273,C[C@H]1CCN2C(=O)N(C3=CN=CC4=CC=CC=C34)C(=O)[C@H]2C1,4.12
ASAP-0000275,CNC(=O)CN1C[C@]2(C(=O)N(C3=CN=CC4=CC=CC=C34)CC2(C)C)C2=C(C=CC(Cl)=C2)C1=O,5.18
ASAP-0000362,O=C(CN1CC2=C(C=C(Cl)C=C2)[C@H](C(=O)NC2=CN=CC3=CC=CC=C23)C1)NC1=NC=C(C(F)(F)F)C=C1,6.39
ASAP-0000370,CC(C)(C)[C@H](NC(=O)C(F)(F)F)C(=O)N1C[C@H]2[C@@H]([C@H]1C(=O)N[C@H](C#N)C[C@@H]1CCNC1=O)C2(C)C,8.68
ASAP-0000378,C[C@H]1OCCC[C@]12NC(=O)N(C1=CN=CC3=CC=CC=C13)C2=O,4.02
ASAP-0000431,CNC(=O)CN1C[C@]2(C(=O)N(C3=CN=CC4=CC=CC=C34)C[C@H]2COC)C2=CC(Cl)=CC=C2C1=O,5.73
ASAP-0000432,CCS(=O)(=O)N1CC2(C1)C(=O)N(C1=CN=CC3=CC=CC=C13)C(=O)N2C,4.76
ASAP-0000433,CNC(=O)CN1C[C@]2(C(=O)N(C3=CN=CC4=CC=CC=C34)C[C@@H]2C)C2=CC(F)=CC=C2C1=O,5.39
ASAP-0000434,CN1C(=O)N(C2=CN=CC3=CC=CC=C23)C(=O)C12CN(S(=O)(=O)C1CC1)C2,4.74
ASAP-0000435,CNC(=O)CN1C[C@]2(C(=O)N(C3=CN=CC4=CC=CC=C34)C[C@H]2CC2=CC=CC=C2)C2=CC(Cl)=CC=C2C1=O,5.81
ASAP-0000436,CNC(=O)CN1C[C@@]2(C(=O)N(C3=CN=CC4=CC=CC=C34)C[C@H]2CC2=CC=CC=C2)C2=CC(Cl)=CC=C2C1=O,5.43
ASAP-0000437,CNC(=O)CN1C[C@]2(C(=O)N(C3=CN=CC4=CC=CC=C34)C[C@H]2CO)C2=CC(Cl)=CC=C2C1=O,6.38
ASAP-0000438,O=C1C[C@H](CC2=CC=CC=C2)CN1C1=CN=CC2=CC=CC=C12,4.91
ASAP-0000439,CNC(=O)CN1C[C@]2(C(=O)N(C3=CN=CC4=CC=CC=C34)C[C@@H]2CC2=CC=CC=C2)C2=CC(Cl)=CC=C2C1=O,5.2
ASAP-0000440,O=C1N[C@]2(CCOC3=CC=NC=C32)C(=O)N1C1=CN=CC2=CC=CC=C12,4.27
ASAP-0000441,NS(=O)(=O)C1=CC=C2OCC[C@]3(NC(=O)N(C4=CN=CC5=CC=CC=C45)C3=O)C2=C1,4.65
ASAP-0000442,C[C@H]1COC[C@@]2(C1)NC(=O)N(C1=CN=CC3=CC=CC=C13)C2=O,4.24
ASAP-0000445,CN1C(=O)N(C2=CN=CC3=CC=CC=C23)C(=O)C12CN(S(=O)(=O)C1=CC=CC=C1)C2,5.12
ASAP-0000446,CC1(C)CCN(S(C)(=O)=O)C[C@]12NC(=O)N(C1=CN=CC3=CC=CC=C13)C2=O,4.47
ASAP-0000447,C[C@H]1COC[C@]2(C1)NC(=O)N(C1=CN=CC3=CC=CC=C13)C2=O,5.21
ASAP-0000483,NS(=O)(=O)OCC(=O)N1CCN(S(=O)(=O)C2=CSC=C2)[C@H](C(=O)NCC2=CC=CC=N2)C1,4.09
ASAP-0000484,C=C(CN(C(=O)NC1=CN=CC2=CC=CC=C12)C1=CC=CC(Cl)=C1)C(=O)O,5.49
ASAP-0000485,O=C1[C@H](C2=CC=C(Cl)C(Cl)=C2)C[C@H](O)CN1C1=CN=CC2=CC=CC=C12,5.47
ASAP-0000514,CNS(=O)(=O)OCC(=O)N1CCN(CC2=CC=CC(Cl)=C2)[C@H](CC(C)C)C1,5.78
ASAP-0000516,C[C@H](NC(=O)COS(N)(=O)=O)C1=CC(Cl)=CC(C2=CC=C(S(N)(=O)=O)C=C2)=C1,5.75
ASAP-0000517,CC(C)C[C@H]1CN(C(=O)COS(N)(=O)=O)CCN1CC1=CC=CC(Cl)=C1,5.17
ASAP-0000518,CC(C)C[C@H]1CN(C(=O)COS(=O)(=O)N(C)C)CCN1CC1=CC=CC(Cl)=C1,5.99
ASAP-0000519,C=C(CN(C(=O)NC1=CN=CC2=CC=CC=C12)C1=CC=CC(Cl)=C1)C(=O)NCC,5.77
ASAP-0000520,C=C(CN(C(=O)NC1=CN=CC2=CC=CC=C12)C1=CC=CC(Cl)=C1)C(N)=O,5.19
ASAP-0000521,C[C@H]1CC[C@]2(CN1S(C)(=O)=O)NC(=O)N(C1=CN=CC3=CC=CC=C13)C2=O,4.45
ASAP-0000522,O=C1N[C@H](CC2=CC=CC=C2)C(=O)N1C1=CN=CC2=CC=CC=C12,4.5
ASAP-0000523,CNC(=O)CN1C[C@]2(C(=O)N(C3=CN=CC4=CC=CC=C34)C[C@H]2CO)C2=CC(Cl)=CC=C2C1=O,6.47
ASAP-0000524,O=C1C[C@H](CC2=CC=CC=C2)C(=O)N1C1=CN=CC2=CC=CC=C12,4.62
ASAP-0000525,O=C1N[C@H](CC2CC2)C(=O)N1C1=CN=CC2=CC=CC=C12,4.31
ASAP-0000526,CNC(=O)CN1C[C@@]2(C(=O)N(C3=CN=CC4=CC=CC=C34)C[C@@H]2CC2=CC=CC=C2)C2=CC(Cl)=CC=C2C1=O,7.16
ASAP-0000527,O=C1N[C@@H](CC2=CC=CC=C2)C(=O)N1C1=CN=CC2=CC=CC=C12,4.4
ASAP-0000529,NC(=O)C1=CC=C2OCC[C@]3(NC(=O)N(C4=CN=CC5=CC=CC=C45)C3=O)C2=C1,4.85
ASAP-0000530,C=C(CN(C(=O)[C@H]1CCOC2=CC=C(Cl)C=C21)C1=CN=CC2=CC=CC=C12)C(=O)NC1=CC=C(Cl)C=C1,5.18
ASAP-0000531,CC(=O)N1C[C@@]2(CC[C@H]1C)NC(=O)N(C1=CN=CC3=CC=CC=C13)C2=O,4.36
ASAP-0000532,CN1C(=O)N(C2=CN=CC3=CC=CC=C23)C(=O)[C@@H]1CC1=CC=CC=C1,4.06
ASAP-0000533,C[C@H]1CC[C@@]2(CN1S(C)(=O)=O)NC(=O)N(C1=CN=CC3=CC=CC=C13)C2=O,4.12
ASAP-0000534,CN1N=CC2=CN=CC(NC(=O)[C@H]3CNS(=O)(=O)C4=CC=C(Cl)C=C43)=C21,6.06
ASAP-0000535,CN1N=CC2=CN=CC(NC(=O)[C@H]3CNS(=O)(=O)C4=CC=C(Cl)C=C43)=C21,5.07
ASAP-0000536,CN1C(CC2=CC=CC=C2)=NN(C2=CN=CC3=CC=CC=C23)C1=O,5.04
ASAP-0000537,CNS(=O)(=O)OCC(=O)N[C@H](C)C1=CC(Cl)=CC(C2=CC=C(S(N)(=O)=O)C=C2)=C1,5.76
ASAP-0000538,C=C(CN(C(=O)[C@H]1CCOC2=CC=C(Cl)C=C21)C1=CN=CC2=CC=CC=C12)C(=O)NCC1=CC=CC=C1,5.24
ASAP-0000539,CC(=O)N1C[C@]2(CC[C@H]1C)NC(=O)N(C1=CN=CC3=CC=CC=C13)C2=O,4.21
ASAP-0000542,CNC(=O)CN1C[C@]2(C(=O)N(C3=CN=CC4=CC=CC=C34)CC23CC3)C2=CC(Cl)=CC=C2C1=O,6.1
ASAP-0000544,C=C(CN(C(=O)[C@H]1CCOC2=CC=C(Cl)C=C21)C1=CN=CC2=CC=CC=C12)C(=O)N(C)C1=CC=CC=C1,5.55
ASAP-0000572,CN1C=NC(CN2C(=O)N/C(=N\C3=CC4=CN(C)N=C4C=C3Cl)N(CC3=CC(F)=C(F)C=C3F)C2=O)=N1,8.43
ASAP-0000573,CCCCNC(=O)C1=CN=C([C@H](NC(=O)CCl)C2=CC=CC(Cl)=C2)S1,5.25
ASAP-0000574,CN1C(=O)N(C2=CN=CC3=CC=CC=C23)C(=O)[C@H]1CC1=CC=CC=C1,4.06
ASAP-0000575,O=C1C[C@H](CC2=CC=CC=C2Cl)CN1C1=CN=CC2=CC=CC=C12,5.14
ASAP-0000576,COC1=CC=CC(CNC(=O)CN2C[C@]3(C(=O)N(C4=CN=CC5=CC=CC=C45)C[C@@H]3C)C3=CC=CC=C3C2=O)=C1,4.59
ASAP-0000577,O=C1N[C@]2(C[C@@H](C3=C(F)C=CC=C3F)C2)C(=O)N1C1=CN=CC2=CC=CC=C12,7.06
ASAP-0000578,O=C1N[C@@]2(CC[C@H](C3=CC=CC=C3)OC2)C(=O)N1C1=CN=CC2=CC=CC=C12,5.2
ASAP-0000579,O=C1N[C@]2(CC[C@H](C3=CC=CC=C3)OC2)C(=O)N1C1=CN=CC2=CC=CC=C12,5.69
ASAP-0000580,COC1=CC=CC(CNC(=O)CN2C[C@@]3(C(=O)N(C4=CN=CC5=CC=CC=C45)C[C@@H]3C)C3=CC=CC=C3C2=O)=C1,6.31
ASAP-0000581,O=C1C[C@H](CC2=CC=CC=C2)NN1C1=CN=CC2=CC=CC=C12,5.16
ASAP-0000637,O=C(NCC1=CC=CC=N1)[C@H]1CN(C(=O)COS(=O)(=O)NC2=CC=CC=C2)CCN1S(=O)(=O)C1=CSC=C1,4.75
ASAP-0000638,CNS(=O)(=O)OCC(=O)N1CCN(S(=O)(=O)C2=CSC=C2)[C@H](C(=O)NCC2=CC=CC=N2)C1,4.79
ASAP-0000640,CC1=CN=CC(CC(=O)NC2=CN=CC3=CC=CC=C23)=C1,4.99
ASAP-0000641,O=C(C[C@H]1CCCC(F)(F)C1)NC1=CN=CC2=CC=CC=C12,5.23
ASAP-0000644,COC1=CC=C(C)C=C1CC(=O)NC1=CN=CC2=CC=CC=C12,5.25
ASAP-0000646,CC1=CC(F)=CC(CC(=O)NC2=CN=CC3=CC=CC=C23)=C1,5.79
ASAP-0000647,O=C1C[C@H](C(=O)NC2=CN=CC3=CC=CC=C23)C2=CC=CC=C2N1,4.65
ASAP-0000648,O=C(CC1=C(F)C=C(F)C(F)=C1)NC1=CN=CC2=CC=CC=C12,5.69
ASAP-0000650,CC1=CC=C(F)C(CC(=O)NC2=CN=CC3=CC=CC=C23)=C1,5.29
ASAP-0000651,C[C@H]1CN(C2=CN=CC3=CC=CC=C23)C(=O)[C@@]12CN(CC(=O)NCC1=CC=NN1C)C(=O)C1=CC=CC=C12,5.82
ASAP-0000652,C[C@H]1CN(C2=CN=CC3=CC=CC=C23)C(=O)[C@@]12CN(CC(=O)NCC1=NN(C)C=C1)C(=O)C1=CC=CC=C12,5.59
ASAP-0000653,O=C(CC1=CC(F)=CN=C1)NC1=CN=CC2=CC=CC=C12,5.33
ASAP-0000654,COC1=CC=CC(CNC(=O)CN2C[C@@]3(C(=O)N(C4=CN=CC5=CC=CC=C45)C[C@@H]3C)C3=CC(Cl)=CC=C3C2=O)=C1,7.16
ASAP-0000655,CC1=CC=C(F)C=C1C(F)(F)C(=O)NC1=CN=CC2=CC=CC=C12,5.0
ASAP-0000656,O=C(NC1=CN=CC2=CC=CC=C12)C(F)(F)C1=CC=C(F)C(F)=C1,5.16
ASAP-0000657,CC(F)(F)[C@H](C(=O)NC1=CN=CC2=CC=CC=C12)C1=CC=CC=C1,4.91
ASAP-0000658,O=C(NC1=CN=CC2=CC=CC=C12)C(F)(F)C1=CC(F)=CC(F)=C1,5.53
ASAP-0000710,O=C(CC1=CC(F)=CC=C1F)NC1=CN=CC2=CC=CC=C12,5.69
ASAP-0000711,O=C(CC1=C(F)C(F)=CC=C1)NC1=CN=CC2=CC=CC=C12,4.66
ASAP-0000712,O=C(CC1=CC=CC=C1F)NC1=CN=CC2=CC=CC=C12,4.44
ASAP-0000713,CC[C@H](C(=O)NC1=CN=CC2=CC=CC=C12)C1=CC=CC=C1,5.03
ASAP-0000714,CC1=CC(F)=CC=C1C(F)(F)C(=O)NC1=CN=CC2=CC=CC=C12,4.56
ASAP-0000715,C[C@H]1COC2=CC=CC=C2[C@H]1C(=O)NC1=CN=CC2=CC=CC=C12,4.71
ASAP-0000716,CC1=CC=C(F)C=C1CC(=O)NC1=CN=CC2=CC=CC=C12,5.73
ASAP-0000717,O=C(CC1=CC(F)=CC=C1Cl)NC1=CN=CC2=CC=CC=C12,5.56
ASAP-0000718,CC1=CC2=C(C=C1C)[C@H](C(=O)NC1=CN=CC3=CC=CC=C13)CO2,5.34
ASAP-0000719,O=C(NC1=CN=CC2=CC=CC=C12)[C@H](CC(F)(F)F)C1=CC(F)=CC=C1,5.2
ASAP-0000720,C[C@H](C(=O)NC1=CN=CC2=CC=CC=C12)C1=CC=CC(Cl)=C1,5.94
ASAP-0000721,CC1=CC=CC(CC(=O)NC2=CN=CC3=CC=CC=C23)=C1F,4.2
ASAP-0000722,O=C(CC1=C(F)C(F)=CC=C1F)NC1=CN=CC2=CC=CC=C12,4.51
ASAP-0000723,O=C(CC1=CC=C(F)C(F)=C1F)NC1=CN=CC2=CC=CC=C12,4.8
ASAP-0000725,CC[C@H](C(=O)NC1=CN=CC2=CC=CC=C12)C1=CC(F)=C(F)C(F)=C1,6.11
ASAP-0000726,CC1=CC=C([C@H](C(=O)NC2=CN=CC3=CC=CC=C23)C2CC2)C=C1,4.73
ASAP-0000727,O=C(CC1=CC(F)=CC(F)=C1F)NC1=CN=CC2=CC=CC=C12,5.82
ASAP-0000728,O=C(NC1=CN=CC2=CC=CC=C12)[C@H]1COC2=CC=C(F)C=C21,5.46
ASAP-0000729,O=C(CC1=CC=C(F)C=C1F)NC1=CN=CC2=CC=CC=C12,4.6
ASAP-0000730,O=C(CC1=CC(Cl)=CC=C1F)NC1=CN=CC2=CC=CC=C12,5.97
ASAP-0000731,O=C(CC1=CC(F)=CC(F)=C1)NC1=CN=CC2=CC=CC=C12,6.19
ASAP-0000732,O=C1N[C@]2(CCOC3=CC=CC=C32)C(=O)N1C1=CN=CC2=CC=CC=C12,4.82
ASAP-0000734,CNC(=O)CN1C[C@@]2(C(=O)N(C3=CN=CC4=CC=CC=C34)C[C@@H]2C)C2=CC=C(F)C=C2C1=O,6.28
ASAP-0000735,O=C1N[C@]2(CCOC3=CC=C(CO)C=C32)C(=O)N1C1=CN=CC2=CC=CC=C12,4.87
ASAP-0000737,CNC(=O)CN1C[C@]2(C(=O)N(C3=CN=CC4=CC=CC=C34)C[C@H]2CC2CC2)C2=CC(Cl)=CC=C2C1=O,5.27
ASAP-0000771,CCCCNC(=O)C1=CN=C([C@H](NC(=O)CCl)C2=CC=CC=C2)S1,4.72
ASAP-0000772,COC1=CC=C(CNC2=CN=C([C@H](NC(=O)CCl)C3=CC=CC=C3)S2)C(OC)=C1,4.33
ASAP-0000773,CNC(=O)CN1C[C@@]2(C(=O)N(C3=CN=CC=C3C3CC3)C[C@@H]2C)C2=CC(Cl)=CC=C2C1=O,6.33
ASAP-0000794,CN1N=CC(C2CCC2)=C1CNC(=O)C1=CN=CC2=CC=CC=C12,4.25
ASAP-0000795,O=C(NCCC1=CNC2=NC=C(F)C=C12)C1=CN=CC2=CC=CC=C12,4.42
ASAP-0000798,CC(C)(NC(=O)C1=CN=CC2=CC=CC=C12)C1=CC=CC(C#N)=C1,4.23
ASAP-0000799,C[C@H](NC(=O)C1=CN=CC2=CC=CC=C12)C1=NC2=CC=CC=C2N1C,4.06
ASAP-0000801,CNC(=O)CN1C[C@@]2(C(=O)N(C3=CN=CC4=CC=CC=C34)C[C@@H]2C)C2=CC=CC(F)=C2C1=O,5.89
ASAP-0000805,O=C(NCCC(=O)N1CCCCC1)C1=CN=CC2=CC=CC=C12,4.09
ASAP-0000807,CNC(=O)CN1C[C@@]2(C(=O)N(C3=CN=CC4=CC=CC=C34)C[C@@H]2C)C2=CN=CC=C2C1=O,5.59
ASAP-0000808,O=C(NCC1=CNC2=CC=C(F)C=C12)C1=CN=CC2=CC=CC=C12,4.72
ASAP-0000809,CC1=CC=CC2=C1C=C(CNC(=O)C1=CN=CC3=CC=CC=C13)N2,4.87
ASAP-0000810,CN1C2=CC=CC=C2N(CCNC(=O)C2=CN=CC3=CC=CC=C23)S1(=O)=O,4.15
ASAP-0000811,O=C(NCC1=CC2=C(CCCC2)N=C1O)C1=CN=CC2=CC=CC=C12,4.46
ASAP-0000819,O=C(NCC1=NC2=CC(Cl)=CC=C2S1)C1=CN=CC2=CC=CC=C12,4.04
ASAP-0000821,O=C(NCCC1=CNC2=CC=C(Cl)C=C12)C1=CN=CC2=CC=CC=C12,4.91
ASAP-0000824,CN1C(CNC(=O)C2=CN=CC3=CC=CC=C23)=NC2=CC=CC=C21,4.07
ASAP-0000832,COC1=CC=C2NC=C(CCNC(=O)C3=CN=CC4=CC=CC=C34)C2=C1,4.24
ASAP-0000835,O=C(C1=CN=CC2=CC=CC=C12)N1CCC(CC2=CC=C(F)C=C2)CC1,5.1
ASAP-0000840,O=C(NCCC1=CNC2=CC=C(F)C=C12)C1=CN=CC2=CC=CC=C12,4.82
ASAP-0000846,O=C(NCCC1=CNC2=NC=C(Cl)C=C12)C1=CN=CC2=CC=CC=C12,4.32
ASAP-0000858,O=C(NCCOC1=CC(Cl)=CC=N1)C1=CN=CC2=CC=CC=C12,4.8
ASAP-0000863,O=C(NCC1=NC2=CC=CC=C2N1)C1=CN=CC2=CC=CC=C12,4.23
ASAP-0008245,O=C1C(C2=CC=CC(Cl)=C2)=CN=CN1C1=CN=CC2=CC=CC=C12,5.78
ASAP-0008255,CC1=NC=C(C2=CC=CC(Cl)=C2)C(=O)N1C1=CN=CC2=CC=CC=C12,4.8
ASAP-0008269,CC(C)C[C@H](NC(=O)OC1CC2(C1)CN(C(=O)CC1=CC=CC=C1)C2)C(=O)N[C@H](C=O)C[C@@H]1CCNC1=O,4.2
ASAP-0008284,CC(C)C[C@H]1CN(C(=O)COS(=O)(=O)N2CCCC2)CCN1CC1=CC=CC(Cl)=C1,5.83
ASAP-0008285,CC(C)C[C@H]1CN(C(=O)COS(=O)(=O)N2CCCCC2)CCN1CC1=CC=CC(Cl)=C1,6.41
ASAP-0008313,CN1C[C@H](C(=O)NC2=CN=CC3=CC=CC=C23)C2=CC(Cl)=CC=C2C1=O,5.17
ASAP-0008314,CN1C[C@H](C(=O)NC2=CN=CC3=CC=CC=C23)C2=CC(Cl)=CC=C2C1=O,6.65
ASAP-0008315,CC(C)C[C@H]1CN(C(=O)COS(=O)(=O)N2CCOCC2)CCN1CC1=CC=CC(Cl)=C1,6.9
ASAP-0008316,CNC(=O)CN1C[C@]2(C[C@H](COC)N(C3=CN=CC4=CC=CC=C34)C2=O)C2=CC(Cl)=CC=C2C1=O,4.27
ASAP-0008329,CN1C[C@H](C(=O)NC2=CN=CC3=CC=CC=C23)C2=CC(F)=CC=C2C1=O,5.02
ASAP-0008330,CN1C[C@H](C(=O)NC2=CN=CC3=CC=CC=C23)C2=CC(F)=CC=C2C1=O,6.34
ASAP-0008331,CC(C)C[C@H]1CN(C(=O)COS(=O)(=O)N2CCNCC2)CCN1CC1=CC=CC(Cl)=C1,6.92
ASAP-0008332,CN1C[C@H](C(=O)NC2=CN=CC3=CC=CC=C23)C2=CC=CC=C2C1=O,5.22
ASAP-0008333,C=C(CN(C(=O)[C@H]1CN(CC(=O)NC)CC2=CC=C(Cl)C=C21)C1=CN=CC2=CC=CC=C12)C(=O)O,4.88
ASAP-0008356,O=C(CC1=CN=CC2=CC=CC=C12)N1CCC[C@H]1C1=C(Cl)C=CC=C1Cl,4.38
ASAP-0008358,C[C@H]1CN(C2=CN=CC3=CC=CC=C23)C(=O)[C@]12CN1N=NC=C1C1=CC=C(Cl)C=C12,4.11
ASAP-0008359,N#CC1=CC=C(N(CC2=CC=CC=C2)C(=O)CC2=CN=CC3=CC=CC=C23)C=C1,4.89
ASAP-0008360,CN1C[C@H](C(=O)NC2=CN=CC3=CC=CC=C23)C2=CC(C(F)(F)F)=CC=C2C1=O,4.75
ASAP-0008361,CN1C[C@H](C(=O)NC2=CN=CC3=CC=CC=C23)C2=CC(C(F)(F)F)=CC=C2C1=O,5.44
ASAP-0008362,CN1C[C@]2(CCCN(C3=CN=CC4=CC=CC=C34)C2=O)C2=CC(Cl)=CC=C2C1=O,5.98
ASAP-0008364,C[C@H]1CN(C2=CN=CC3=CC=CC=C23)C(=O)[C@@]12CN1N=NC=C1C1=CC=C(Cl)C=C12,6.18
ASAP-0008365,O=C(CC1=CN=CC2=CC=CC=C12)N1CC2=CC=CC=C2OCC12CC2,4.45
ASAP-0008366,O=C(CC1=CN=CC2=CC=CC=C12)N1CCCC2=CC=CC=C21,4.68
ASAP-0008367,CN(C(=O)CC1=CN=CC2=CC=CC=C12)[C@H](C1=CC=C(Cl)C=C1)C1CC1,4.8
ASAP-0008368,O=C(CC1=CN=CC2=CC=CC=C12)N1CC[C@H]2CCCC[C@H]21,4.5
ASAP-0008369,CC1=CC=C(F)C(CN(C)C(=O)CC2=CN=CC3=CC=CC=C23)=C1F,4.24
ASAP-0008370,O=C(CC1=CN=CC2=CC=CC=C12)N1CCC2=CC=C(Cl)C=C2CC1,5.43
ASAP-0008371,CN(CC1=CC=CC(Cl)=C1)C(=O)CC1=CN=CC2=CC=CC=C12,5.23
ASAP-0008372,CN(CCC1=CC=CC=C1Cl)C(=O)CC1=CN=CC2=CC=CC=C12,4.56
ASAP-0008373,O=C(CC1=CN=CC2=CC=CC=C12)N(CC1=CC=CS1)C1=CC=CC=C1,5.0
ASAP-0008374,COC1=CC=C(N(CC2=CC=CC=C2)C(=O)CC2=CN=CC3=CC=CC=C23)C=C1,5.37
ASAP-0008375,O=C(CC1=CN=CC2=CC=CC=C12)N1CCC[C@H]2CCC(F)(F)C[C@H]21,4.46
ASAP-0008376,O=C(CC1=CN=CC2=CC=CC=C12)N(CC1=CC=CC(F)=C1)C1CC1,5.52
ASAP-0008382,C[C@H]1[C@H]2CCCC[C@H]2CN1C(=O)CC1=CN=CC2=CC=CC=C12,5.02
ASAP-0008383,O=C(CC1=CN=CC2=CC=CC=C12)NCC1=CC=CC(Cl)=C1,5.25
ASAP-0008384,C[C@H]1CC[C@H]2CCCN(C(=O)CC3=CN=CC4=CC=CC=C34)[C@H]2C1,4.92
ASAP-0008385,O=C(CC1=CN=CC2=CC=CC=C12)N1CC[C@H]2CCCC[C@H]2CC1,5.88
ASAP-0008386,CC1=CC=CC(CN(C(=O)CC2=CN=CC3=CC=CC=C23)C2CC2)=C1,5.04
ASAP-0008387,CCCN(CCC1=CC=CS1)C(=O)CC1=CN=CC2=CC=CC=C12,4.68
ASAP-0008388,O=C(CC1=CN=CC2=CC=CC=C12)N1CCCCCC2=CC=CC=C2C1,5.79
ASAP-0008392,O=C(CC1=CN=CC2=CC=CC=C12)N1CCC[C@H]1C1=CC=C(Cl)C=C1,4.68
ASAP-0008393,O=C(CC1=CN=CC2=CC=CC=C12)N(CC1=CC=CC=C1)C1=CC=CC=C1,5.11
ASAP-0008394,CC(C)N(CC1=CC=CC(Cl)=C1)C(=O)CC1=CN=CC2=CC=CC=C12,5.82
ASAP-0008401,CN1C[C@H](C(=O)NC2=CN=CC3=CC=CC=C23)C2=CC(C3CC3)=CC=C2C1=O,5.55
ASAP-0008402,CN1C[C@H](C(=O)NC2=CN=CC3=CC=CC=C23)C2=CC(C3CC3)=CC=C2C1=O,4.09
ASAP-0008404,O=C(CC1=CN=CC2=CC=CC=C12)N(CC1=CC=C(F)C=C1)C1CCCCC1,5.05
ASAP-0008405,C[C@H](C1=CC=CC=C1)N(CC1=CC=CC=C1)C(=O)CC1=CN=CC2=CC=CC=C12,5.15
ASAP-0008408,O=C(CC1=CN=CC2=CC=CC=C12)N(CC1=CC=CC=C1)CC1=CC=C(F)C=C1,5.0
ASAP-0008409,O=C(CC1=CN=CC2=CC=CC=C12)N(CC1=CC=CC=C1O)C1=CC=C(F)C=C1,4.78
ASAP-0008410,O=C(CC1=CN=CC2=CC=CC=C12)N1CCC[C@H]1C1=C(F)C=CC(Cl)=C1F,5.38
ASAP-0008411,CN1C[C@]2(CCN(C3=CN=CC4=CC=CC=C34)C2=O)C2=CC(Cl)=CC=C2C1=O,6.31
ASAP-0008415,O=C(CC1=CN=CC2=CC=CC=C12)N(CC1=CC=C2NC=CC2=C1)CC1=CC=CS1,4.97
ASAP-0008420,CNC(=O)CN1C[C@@]2(C(=O)N(C3=CN=CC4=CC=CC=C34)C[C@@H]2CC2=CC=CC=C2)C2=CC(F)=CC=C2C1=O,6.96
ASAP-0008427,N=C(N)NC1=CC=C(OC(=O)NC2=CC=CC=C2)C=C1,5.68
ASAP-0008428,O=C(CC1=CC(F)=C(F)C(F)=C1)NC1=CN=CC2=CC=CC=C12,6.33
ASAP-0008429,N=C(N)NCCC1=CC=C(OC(=O)NC2=CC=CC=C2)C=C1,4.8
ASAP-0008432,O=C(CC1=CN=CC2=CC=CC=C12)N1CC(F)(F)C[C@H]2CCCC[C@H]21,4.03
ASAP-0008433,CN1C[C@H](C(=O)NC2=CN=CC3=CC=CC=C23)C2=CC(C#N)=CC=C2C1=O,6.08
ASAP-0008434,CN1C[C@H](C(=O)NC2=CN=CC3=CC=CC=C23)C2=CC(C#N)=CC=C2C1=O,4.92
ASAP-0008439,N#CC1(N(C(=O)CC2=CN=CC3=CC=CC=C23)C2=CC=CC=C2)CCCCC1,4.85
ASAP-0008440,CC(C)(C#N)NC(=O)[C@H](CC1=CC=CC(Cl)=C1)C1=CN=CC2=CC=CC=C12,4.12
ASAP-0008442,O=C1N(C2=CN=CC3=CC=CC=C23)CCC[C@]12CCOC1=CC=C(Cl)C=C12,6.53
ASAP-0008448,CNC(=O)CN1C[C@@]2(C(=O)N(C3=CN=CC4=CC=CC=C34)C[C@@H]2C)C2=C(F)C=CC=C2C1=O,4.38
ASAP-0008451,COC1=CC=C2C=NC=C(CC(=O)N(CC3=CC=CC(Cl)=C3)C3=CC=C(N(C)C)C=N3)C2=C1,6.69
ASAP-0008452,CNC(=O)CN1C[C@]2(C(=O)N(C3=CN=CC4=CC=CC=C34)C3=CC=CC=C32)C2=CC(F)=CC=C2C1=O,6.44
ASAP-0008453,COC1=CC2=CN=CC(CC(=O)N(CC3=CC=CC(Cl)=C3)C3=CC=C(N(C)C)C=N3)=C2C=C1OC,5.84
ASAP-0008466,C=C(CN(C(=O)[C@H]1CN(CC(=O)NC)CC2=CC=C(Cl)C=C21)C1=CN=CC2=CC=CC=C12)C(=O)NC1=CC=CC=C1,7.1
ASAP-0008470,N=C(N)NCC1=CC=C(OC(=O)NC2=CC=CC=C2)C=C1,5.13
ASAP-0008473,CNC(=O)C1=CC=C2C(=O)N(C)C[C@H](C(=O)NC3=CN=CC4=CC=CC=C34)C2=C1,4.4
ASAP-0008475,C=C(CN(C(=O)[C@H]1CN(CC(=O)NC)CC2=CC=C(Cl)C=C21)C1=CN=CC2=CC=CC=C12)C(=O)NC,6.72
ASAP-0008477,C#CC1=CC=C2C(=O)N(C)C[C@H](C(=O)NC3=CN=CC4=CC=CC=C34)C2=C1,4.19
ASAP-0008483,C#CC1=CC=C2C(=O)N(C)C[C@H](C(=O)NC3=CN=CC4=CC=CC=C34)C2=C1,5.13
ASAP-0008488,O=C(CC1=CN=CC2=CC=CC=C12)N(CC1=CC=CC(Cl)=C1)C1=CC=CC=N1,5.88
ASAP-0008499,C=C(CN(C(=O)[C@H]1CN(CC(=O)NC)CC2=CC=C(Cl)C=C21)C1=CN=CC2=CC=CC=C12)C(=O)N1CCOCC1,5.25
ASAP-0008501,C[C@H](C1=CC=CC=C1)N(C(=O)CC1=CN=CC2=CC=CC=C12)C1CCN(C)CC1,4.7
ASAP-0008502,CNC(=O)C1=CC(Br)=CC([N+](=O)[O-])=C1N[C@@H]1CCCC[C@@H]1NC(=O)C1=CN=CC2=CC=CC=C12,8.22
ASAP-0008585,CN1C[C@H](C(=O)NC2=CN=CC3=CC=CC=C23)C2=CC(CO)=CC=C2C1=O,4.34
ASAP-0008588,C[C@H](N(CC1=CC=CC=C1)C(=O)CC1=CN=CC2=CC=CC=C12)C(F)(F)F,4.33
ASAP-0008591,CCN1C=CC(CN(C(=O)CC2=CN=CC3=CC=CC=C23)C2=CC=C(C(C)C)C=C2)=N1,5.38
ASAP-0008595,C[C@H]1C[C@H](C2=CC=CC=C2)N(C(=O)CC2=CN=CC3=CC=CC=C23)C1,4.82
ASAP-0008597,O=C(NCC1=CC=CS1)[C@@H]1CN(C(=O)C2=CC=CN=C2)CCN1C1=CC=C(Cl)C(Cl)=C1,6.91
ASAP-0008599,CC1=CC=CC(CN(CC2=CC=CC=N2)C(=O)CC2=CN=CC3=CC=CC=C23)=C1,4.48
ASAP-0008601,O=C(CC1=CN=CC2=CC=CC=C12)N1CC[C@H](C2=CC=C(O)C=C2)C1,4.55
ASAP-0008603,O=C(CC1=CN=CC2=CC=CC=C12)N1CC2=CC=CC=C2C[C@H]1C1=CC=CC=C1,5.49
ASAP-0008605,O=C(CC1=CN=CC2=CC=CC=C12)N(CCC(F)(F)F)CC1=CC=CC=C1,4.78
ASAP-0008606,CC(C)CCN(CC1=CC=CC=C1)C(=O)CC1=CN=CC2=CC=CC=C12,5.13
ASAP-0008609,O=C(CC1=CN=CC2=CC=CC=C12)N(CC1=CC=C(F)C=C1)CC1CC1,4.99
ASAP-0008612,C=C(CN(C(=O)[C@H]1CN(CC(=O)NC)CC2=CC=C(Cl)C=C21)C1=CN=CC2=CC=CC=C12)C(=O)N1CCCCC1,4.99
ASAP-0008624,O=C(CC1=CN=CC2=CC=CC=C12)NC1=CC=CC=C1,4.0
ASAP-0008625,N#CC1=CC=CC(NC(=O)CC2=CN=CC3=CC=CC=C23)=C1,4.5
ASAP-0008626,O=C(CC1=CN=CC2=CC=CC=C12)N1CCCN2C=CC=C2C1,4.51
ASAP-0008627,O=C(CC1=CN=CC2=CC=CC=C12)N(CC1=CC=CC=C1)C1CCC1,5.13
ASAP-0008629,O=C(CC1=CN=CC2=CC=CC=C12)N1CCCCCC[C@H]1C1=CC=CC=C1,5.27
ASAP-0008631,CN(C)C(=O)CN(CC1=CC=CC=C1)C(=O)CC1=CN=CC2=CC=CC=C12,4.55
ASAP-0008632,O=C(CC1=CN=CC2=CC=CC=C12)N(CCC(F)(F)F)C1CCCCC1,4.18
ASAP-0008634,O=C(CC1=CN=CC2=CC=CC=C12)N(CC1=CC(F)=CC=C1F)C1CCCC1,5.95
ASAP-0008635,CN(C)CCN(CC1=CC=CC(Cl)=C1)C(=O)CC1=CN=CC2=CC=CC=C12,4.67
ASAP-0008636,O=C(CC1=CN=CC2=CC=CC=C12)N(CC1=CC=CC=C1)[C@H]1CCCC12CCC2,4.95
ASAP-0008638,C[C@H](O)CN1C[C@H](C(=O)NC2=CN=CC3=CC=CC=C23)C2=CC(Cl)=CC=C2C1=O,5.31
ASAP-0008639,C[C@H](O)CN1C[C@H](C(=O)NC2=CN=CC3=CC=CC=C23)C2=CC(Cl)=CC=C2C1=O,6.86
ASAP-0008642,CN(C)C1=CC=C(N(CC2=CC=CC(Cl)=C2)C(=O)CC2=CN=CC3=CC=CC=C23)N=C1,6.5
ASAP-0008652,CNC(=O)CN1C[C@]2(C(=O)N(C3=CN=CC4=CC=CC=C34)C3=CC=CC=C32)C2=CC(F)=CC=C2C1=O,4.55
ASAP-0008653,CNC(=O)CN1C[C@]2(C(=O)N(C3=CN=CC4=CC=CC=C34)C3=CC=CC=C32)C2=CC(F)=CC=C2C1=O,6.87
ASAP-0008659,O=C(NCC1=CC=CS1)[C@@H]1CN(C(=O)C2=CN=CC3=CC=CC=C23)CCN1C1=CC=C(Cl)C(Cl)=C1,7.89
ASAP-0008661,CNC(=O)CN1C[C@@]2(C[C@H](CO)N(C3=CN=CC4=CC=CC=C34)C2=O)C2=CC(Cl)=CC=C2C1=O,6.31
ASAP-0008663,C[C@@H](O)CN1C[C@H](C(=O)NC2=CN=CC3=CC=CC=C23)C2=CC(Cl)=CC=C2C1=O,4.78
ASAP-0008665,CNC(=O)[C@@H](C)N1C[C@H](C(=O)NC2=CN=CC3=CC=CC=C23)C2=CC(Cl)=CC=C2C1=O,7.43
ASAP-0008667,CNC(=O)[C@@H](C)N1C[C@H](C(=O)NC2=CN=CC3=CC=CC=C23)C2=CC(Cl)=CC=C2C1=O,5.98
ASAP-0008669,C[C@@H](O)CN1C[C@H](C(=O)NC2=CN=CC3=CC=CC=C23)C2=CC(Cl)=CC=C2C1=O,6.84
ASAP-0008671,CNC(=O)[C@H](C)N1C[C@H](C(=O)NC2=CN=CC3=CC=CC=C23)C2=CC(Cl)=CC=C2C1=O,6.69
ASAP-0008672,CNC(=O)[C@H](C)N1C[C@H](C(=O)NC2=CN=CC3=CC=CC=C23)C2=CC(Cl)=CC=C2C1=O,7.11
ASAP-0008675,CNCCN1C[C@H](C(=O)NC2=CN=CC3=CC=CC=C23)C2=CC(Cl)=CC=C2C1=O,6.96
ASAP-0010711,CO[C@H](C)CN1C[C@H](C(=O)NC2=CN=CC3=CC=CC=C23)C2=CC(Cl)=CC=C2C1=O,6.74
ASAP-0010713,CO[C@@H](C)CN1C[C@H](C(=O)NC2=CN=CC3=CC=CC=C23)C2=CC(Cl)=CC=C2C1=O,4.33
ASAP-0010714,CO[C@H](C)CN1C[C@H](C(=O)NC2=CN=CC3=CC=CC=C23)C2=CC(Cl)=CC=C2C1=O,6.44
ASAP-0010719,CC(C)C[C@H]1CN(C(=O)COS(=O)(=O)N2CCOCC2)CCN1CC1=CC=CC(F)=C1,5.95
ASAP-0010721,O=C(COS(=O)(=O)N1CCOCC1)N1CCN(CC2=CC=CC(Cl)=C2)[C@H]2CCCC[C@H]21,5.88
ASAP-0010722,CNC(=O)CN1C[C@]2(C(=O)N(C3=CN=CC4=CC=CC=C34)C/C2=C\F)C2=CC(Cl)=CC=C2C1=O,6.75
ASAP-0010724,CC(=O)N1CCN(S(=O)(=O)OCC(=O)N2CCN(CC3=CC=CC(Cl)=C3)[C@H](CC(C)C)C2)CC1,7.14
ASAP-0010725,C=C1CN(C2=CN=CC3=CC=CC=C23)C(=O)[C@]12CN(CC1=CC=C(OC)C=C1OC)C(=O)C1=CC=C(F)C=C12,7.0
ASAP-0010726,CC(C)C[C@H]1CN(C(=O)COS(=O)(=O)N2CCOCC2)CCN1CC1=CC(Cl)=CC2=CC=CC=C12,6.79
ASAP-0010734,O=C(CN1CC2=CC=C(Cl)C=C2[C@H](C(=O)NC2=CN=CC3=CC=CC=C23)C1)NCCCCCOC1=CC=CC2=C1C(=O)N([C@H]1CCC(=O)NC1=O)C2=O,7.23
ASAP-0010735,O=C(CN1CC2=CC=C(Cl)C=C2[C@H](C(=O)NC2=CN=CC3=CC=CC=C23)C1)NCCCCCCCOC1=CC=CC2=C1C(=O)N([C@H]1CCC(=O)NC1=O)C2=O,6.81
ASAP-0010736,O=C(CN1CC2=CC=C(Cl)C=C2[C@H](C(=O)NC2=CN=CC3=CC=CC=C23)C1)NCCOCCOCCOCCOC1=CC=CC2=C1C(=O)N([C@H]1CCC(=O)NC1=O)C2=O,6.47
ASAP-0010742,CN[C@@H](C)CN1C[C@H](C(=O)NC2=CN=CC3=CC=CC=C23)C2=CC(Cl)=CC=C2C1=O,6.79
ASAP-0010746,O=C(CN1CC2=CC=C(Cl)C=C2[C@H](C(=O)NC2=CN=CC3=CC=CC=C23)C1)NCCOCCOCCOC1=CC=CC2=C1C(=O)N([C@H]1CCC(=O)NC1=O)C2=O,5.9
ASAP-0010748,O=C1CC[C@H](N2C(=O)C3=CC=C(N4CCN(C5=CC=C(NC(=O)CN6CC7=CC=C(Cl)C=C7[C@H](C(=O)NC7=CN=CC8=CC=CC=C78)C6)C=C5)CC4)C=C3C2=O)C(=O)N1,7.09
ASAP-0010750,O=C(CN1CC2=CC=C(Cl)C=C2[C@H](C(=O)NC2=CN=CC3=CC=CC=C23)C1)NCCOCCOCCOCCOCCOC1=CC=CC2=C1C(=O)N([C@H]1CCC(=O)NC1=O)C2=O,6.35
ASAP-0010751,O=C(CN1CC2=CC=C(Cl)C=C2[C@H](C(=O)NC2=CN=CC3=CC=CC=C23)C1)NCCOCCOCCOCCNC1=CC=CC2=C1C(=O)N([C@H]1CCC(=O)NC1=O)C2=O,6.14
ASAP-0010753,O=C(COS(=O)(=O)N1CCOCC1)N1CCN(CC2=CC=CC(Cl)=C2)[C@H]2CS(=O)(=O)C[C@H]21,6.62
ASAP-0010910,CN1C(=O)C2=CC=C(Cl)C=C2[C@]12CCN(C1=CN=CC3=CC=CC=C13)C2=O,4.73
ASAP-0010940,O=C1N[C@]2(CCOC3=CC=C(C(F)F)C=C32)C(=O)N1C1=CN=CC2=CC=CC=C12,5.44
ASAP-0011017,C=CC(=O)NC1=CC=CC(N(CC2=CC=CC(C3=COC=C3)=C2)C(=O)CC2=CN=CC3=CC=CC=C23)=C1,4.81
ASAP-0011039,O=C(CC1=CN=CC2=CC=CC=C12)N(CC1=CC=CC(Cl)=C1)C12CC(C1)N(CC1COC1)C2,5.4
ASAP-0011040,C=CC(=O)N1CCC2=C1C=CC=C2N(CC1=CC=CC(Cl)=C1)C(=O)CC1=CN=CC2=CC=CC=C12,5.08
ASAP-0011041,C=CC(=O)N(C)C1=CC=CC(N(CC2=CC=CC(Cl)=C2)C(=O)CC2=CN=CC3=CC=CC=C23)=C1,5.76
ASAP-0011042,C=CC(=O)NC1=CC=CC(N(CC2=CC=C(Cl)C=C2Cl)C(=O)CC2=CN=CC3=CC=CC=C23)=C1,4.22
ASAP-0011043,C=CC(=O)NC1=CC=CC(N(CC2=CC(Cl)=CC=C2Cl)C(=O)CC2=CN=CC3=CC=CC=C23)=C1,4.79
ASAP-0011044,C=CC(=O)NC1=CC=C(F)C(N(CC2=CC=CC(Cl)=C2)C(=O)CC2=CN=CC3=CC=CC=C23)=C1,5.28
ASAP-0011065,CN1C(=O)[C@]2(CCN(C3=CN=CC4=CC=CC=C34)C2=O)C2=CC(Cl)=CC=C21,4.04
ASAP-0011067,CN1C(=O)[C@]2(CCN(C3=CN=CC4=CC=CC=C34)C2=O)C2=CC(Cl)=CC=C21,6.38
ASAP-0011126,O=C(CC1=CN=CC2=CC=CC=C12)N(CC1=CC=CC(Cl)=C1)C12CC(C1)N(C1CC1)C2,5.31
ASAP-0011128,O=C(CC1=CN=CC2=CC=CC=C12)N(CC1=CC=CC(Cl)=C1)[C@]12CC[C@H](C1)N(CC1COC1)C2,4.7
ASAP-0011129,CNC(=O)C1(N2C[C@@]3(C(=O)N(C4=CN=CC5=CC=CC=C45)C[C@@H]3C)C3=CC(Cl)=CC=C3C2=O)CC1,8.04
ASAP-0011130,CC(=O)C1=CC=CC(CN2CCN(C(=O)COS(=O)(=O)N3CCOCC3)C[C@H]2CC(C)C)=C1,6.13
ASAP-0011131,C=CC(=O)NC1=CC=CC(N(CC2=CC=CC3=C2OC=C3)C(=O)CC2=CN=CC3=CC=CC=C23)=C1,4.77
ASAP-0011133,C[C@H]1CN(C2=CN=CC3=CC=CC=C23)C(=O)[C@@]12CN(CC(=O)NC(C)(C)C)C(=O)C1=CC=C(Cl)C=C12,6.19
ASAP-0011135,O=C(CC1=CN=CC2=CC=CC=C12)N1CC2=CC=CC(F)=C2OC2=CC=CC=C21,5.26
ASAP-0011139,CNC(=O)CN1C[C@@]2(C(=O)N(C3=CN=CC4=CC=CC=C34)C[C@@H]2CC#N)C2=CC(F)=CC=C2C1=O,6.77
ASAP-0011140,CC(C)NC(=O)CN1C[C@@]2(C(=O)N(C3=CN=CC4=CC=CC=C34)C[C@@H]2C)C2=CC(Cl)=CC=C2C1=O,6.53
ASAP-0011141,C[C@H]1CN(C2=CN=CC3=CC=CC=C23)C(=O)[C@@]12CN(CC(=O)NCC1CC1)C(=O)C1=CC=C(Cl)C=C12,7.23
ASAP-0011143,C[C@H]1CN(C2=CN=CC3=CC=CC=C23)C(=O)[C@@]12CN1CC(=O)NN=C1C1=CC=C(Cl)C=C12,6.35
ASAP-0011148,O=C(CC1=CN=CC2=CC=CC=C12)N1CCCC[C@H]1CC1=CC=CC=C1,4.51
ASAP-0011151,O=C(CC1=CN=CC2=CC=CC=C12)N1CC[C@H](COC2=CC=CC=C2)C1,4.1
ASAP-0011155,O=C(CC1=CN=CC2=CC=CC=C12)N1CCC(C2CCC2)CC1,5.67
ASAP-0011157,O=C(CC1=CN=CC2=CC=CC=C12)N1CCCC2(CCC2)C1,4.56
ASAP-0011160,O=C(CC1=CN=CC2=CC=CC=C12)N1CC(C2CCCCC2)C1,4.74
ASAP-0011164,O=C(CC1=CN=CC2=CC=CC=C12)N1CCCC2(CCC2)CC1,5.79
ASAP-0011165,CNC(=O)CN1C[C@@]2(C(=O)N(C3=CN=CC4=CC=CC=C34)C[C@@H]2COCCF)C2=CC(F)=CC=C2C1=O,6.96
ASAP-0011173,O=C(CC1=CN=CC2=CC=CC=C12)N1CCCC2=C(C=CS2)C1,5.84
ASAP-0011175,CC[C@H]1C2=C(CCN1C(=O)CC1=CN=CC3=CC=CC=C13)SC=C2,6.28
ASAP-0011179,O=C(CC1=CN=CC2=CC=CC=C12)N1CCC(C2=CC=CC=C2)CC1,4.49
ASAP-0011181,C[C@H]1CN(C2=CN=CC3=CC=CC=C23)C(=O)[C@@]12CN(CC(=O)NC(C)(C)C)C(=O)C1=CC=C(F)C=C12,6.53
ASAP-0011187,COC1=CC=CC([C@H]2CCN(C(=O)CC3=CN=CC4=CC=CC=C34)C2)=C1,4.43
ASAP-0011191,O=C(CC1=CN=CC2=CC=CC=C12)N1CCC[C@H](CC2CC2)C1,4.82
ASAP-0011194,O=C(CC1=CN=CC2=CC=CC=C12)N1CCC[C@H]1CC1CCC1,5.15
ASAP-0011195,CC(C)(C#N)C1=CC=C(N(CC2=CC=CC(Cl)=C2)C(=O)CC2=CN=CC3=CC=CC=C23)C=C1,6.2
ASAP-0011200,N#CCC1=CC=C(N(CC2=CC=CC(Cl)=C2)C(=O)CC2=CN=CC3=CC=CC=C23)C=C1,6.03
ASAP-0011202,COC1=CC=C(N(CC2=CC=CC(Cl)=C2)C(=O)CC2=CN=CC3=CC=CC=C23)C=C1,5.92
ASAP-0011212,O=C(CC1=CN=CC2=CC=CC=C12)N1CCC2(CC1)CCC(F)(F)C2,5.43
ASAP-0011214,O=C(CC1=CN=CC2=CC=CC=C12)N1CCC(C2=CC=CC(F)=C2)CC1,4.71
ASAP-0011216,O=C(CC1=CN=CC2=CC=CC=C12)N1CC[C@H](C2=CC=C(Cl)C=C2)C1,4.25
ASAP-0011218,CC1=CC=C(C[C@H]2CCCN(C(=O)CC3=CN=CC4=CC=CC=C34)C2)C=C1,4.55
ASAP-0011220,O=C(CC1=CN=CC2=CC=CC=C12)N1CC[C@H](CC2=CC=C(C(F)F)C=C2)C1,4.18
ASAP-0011222,O=C(CC1=CN=CC2=CC=CC=C12)N1CC2=CC=CC=C2[C@H](C2=CC=CS2)C1,4.56
ASAP-0011223,O=C(CC1=CN=CC2=CC=CC=C12)N1CCCCC2=CC=CC=C2C1,5.24
ASAP-0011224,O=C(CC1=CN=CC2=CC=CC=C12)N1CCC([C@H](F)C2=CC=CC=C2F)CC1,4.5
ASAP-0011225,O=C(CC1=CN=CC2=CC=CC=C12)N1CC[C@H](C2CCCCC2)C1,5.26
ASAP-0011226,O=C(CC1=CN=CC2=CC=CC=C12)N1CCC[C@H](C2=CC=CC=C2)C1,4.74
ASAP-0011227,O=C(CC1=CN=CC2=CC=CC=C12)N1CCC[C@H](C2=NC=CO2)C1,4.12
ASAP-0011228,O=C(CC1=CN=CC2=CC=CC=C12)N1CCC(C2CCCC2)CC1,5.35
ASAP-0011230,O=C(CC1=CN=CC2=CC=CC=C12)N1CCC[C@H]1C1=CC=CC=C1,4.99
ASAP-0011231,CN(C)C1=CC=CC([C@H]2CCCN2C(=O)CC2=CN=CC3=CC=CC=C23)=C1,4.34
ASAP-0011232,O=C(CC1=CN=CC2=CC=CC=C12)N1CCC[C@H]1C1=CC(F)=CC(F)=C1,5.73
ASAP-0011233,CC(C)NC(=O)CN1C[C@@]2(C(=O)N(C3=CN=CC4=CC=CC=C34)C[C@@H]2C)C2=CC(F)=CC=C2C1=O,6.65
ASAP-0011235,O=C(CC1=CN=CC2=CC=CC=C12)N1CCSC[C@H]1C1=CC=CS1,5.27
ASAP-0011241,O=C(CC1=CN=CC2=CC=CC=C12)N1CCS[C@H](C2=CC=CC=C2)C1,4.81
ASAP-0011245,O=C(CC1=CN=CC2=CC=CC=C12)N1CCCSC[C@H]1C(F)(F)F,4.36
ASAP-0011246,C=CC(=O)NC1=CC=CC(N(CC2=CC=CC3=C2SC=C3)C(=O)CC2=CN=CC3=CC=CC=C23)=C1,4.55
ASAP-0011254,O=C(CC1=CN=CC2=CC=CC=C12)N1CCC[C@H]1CC1CC1,4.88
ASAP-0011258,O=C(CC1=CN=CC2=CC=CC=C12)N1CCCC[C@H]1C1=CN=CS1,4.49
ASAP-0011260,O=C(CC1=CN=CC2=CC=CC=C12)N1CCCC2(CCCC2)C1,4.98
ASAP-0011262,CC1=CC=C([C@H]2CCCN2C(=O)CC2=CN=CC3=CC=CC=C23)C=C1,4.32
ASAP-0011268,O=C(CC1=CN=CC2=CC=CC=C12)N1CC[C@H](CC2CCC2)C1,5.03
ASAP-0011269,O=C(CC1=CN=CC2=CC=CC=C12)N1CCO[C@H](C2=CSC=C2)C1,4.56
ASAP-0011272,O=C(CC1=CN=CC2=CC=CC=C12)N1CC(CCC2=CC=CC=C2)C1,4.54
ASAP-0011276,O=C(CC1=CN=CC2=CC=CC=C12)N1CCC[C@H](N2C=CC=N2)C1,4.2
ASAP-0011280,O=C(CC1=CN=CC2=CC=CC=C12)N1CCCN2C3=CC=CC=C3C[C@H]2C1,4.84
ASAP-0011283,CN1N=CC=C1[C@H]1CCN(C(=O)CC2=CN=CC3=CC=CC=C23)C1,4.26
ASAP-0011285,O=C(CC1=CN=CC2=CC=CC=C12)N1CCCC[C@H]1C1=CC=CC=C1,5.11
ASAP-0011288,O=C(CC1=CN=CC2=CC=CC=C12)N1CCC[C@H](C2CCC2)C1,5.17
ASAP-0011290,O=C(CC1=CN=CC2=CC=CC=C12)N1CCC[C@H]1C1CCCC1,5.59
ASAP-0011292,O=C(CC1=CN=CC2=CC=CC=C12)N1CCC[C@H](CC(F)(F)F)C1,4.99
ASAP-0011294,O=C(CC1=CN=CC2=CC=CC=C12)N1C[C@H](CF)C2(CCCC2)C1,5.43
ASAP-0011296,O=C(CC1=CN=CC2=CC=CC=C12)N1CCC(CC2=CC(F)=CC=C2F)CC1,4.27
ASAP-0011298,O=C(CC1=CN=CC2=CC=CC=C12)N1CCC[C@H]1CC1=CC=CC=N1,4.11
ASAP-0011300,O=C(CC1=CN=CC2=CC=CC=C12)N1C[C@H](F)[C@H](C2=CC=CC=C2)C1,4.76
ASAP-0011304,O=C(CC1=CN=CC2=CC=CC=C12)N1CC[C@H](CC2=CC=C(O)C=C2)C1,4.06
ASAP-0011306,O=C(CC1=CN=CC2=CC=CC=C12)N1CCC[C@](F)(C2=CC=CC=C2)C1,4.55
ASAP-0011308,O=C(CC1=CN=CC2=CC=CC=C12)N1CCC(F)(C2=CC=CC=C2)CC1,4.63
ASAP-0011309,O=C(CC1=CN=CC2=CC=CC=C12)N1CC[C@H](C2=NC=CO2)C1,4.02
ASAP-0011312,O=C(CC1=CN=CC2=CC=CC=C12)N1CC[C@H](CC2=CC=CC(Cl)=C2)C1,4.98
ASAP-0011314,O=C(CC1=CN=CC2=CC=CC=C12)N1CCC[C@H](CCC(F)(F)F)C1,4.76
ASAP-0011318,O=C(CC1=CN=CC2=CC=CC=C12)N1CC(CC2CCC2)C1,4.94
ASAP-0011320,O=C(CC1=CN=CC2=CC=CC=C12)N1CC[C@H](C2=CC=CC(Cl)=C2)C1,5.04
ASAP-0011322,CC1=CC=NC([C@H]2CCN(C(=O)CC3=CN=CC4=CC=CC=C34)C2)=C1,4.06
ASAP-0011324,O=C(CC1=CN=CC2=CC=CC=C12)N1CCC2(CCCCC2)CC1,5.99
ASAP-0011325,O=C(CC1=CN=CC2=CC=CC=C12)N1CCC(C2=CN=CO2)CC1,4.4
ASAP-0011329,O=C(CC1=CN=CC2=CC=CC=C12)N1CCC[C@H](C2=CN=CO2)C1,4.06
ASAP-0011332,N#CC1=CC=C2C(=C1)OC1=C(F)C=CC=C1CN2C(=O)CC1=CN=CC2=CC=CC=C12,4.81
ASAP-0011334,O=C(CC1=CN=CC2=CC=CC=C12)N1CCC(CC2CCC2)CC1,4.97
ASAP-0011336,O=C(CC1=CN=CC2=CC=CC=C12)N1CCC(C2=CC=CS2)CC1,4.86
ASAP-0011338,O=C1NC2=CC=C(Cl)C=C2[C@]12CCN(C1=CN=CC3=CC=CC=C13)C2=O,6.44
ASAP-0011340,O=C1NC2=CC=C(Cl)C=C2[C@]12CCN(C1=CN=CC3=CC=CC=C13)C2=O,4.05
ASAP-0011346,C[C@H](CO)C[C@H]1CN(C(=O)CCl)CCN1CC1=CC=CC(Cl)=C1,6.32
ASAP-0011347,C[C@H]1CN(C2=CN=CC3=CC=CC=C23)C(=O)[C@@]12CN(CC(=O)NC1CCC1)C(=O)C1=CC=C(F)C=C12,6.76
ASAP-0011349,C[C@H]1CN(C2=CN=CC3=CC=CC=C23)C(=O)[C@@]12CN(CC(=O)NC1COC1)C(=O)C1=CC=C(Cl)C=C12,6.77
ASAP-0011362,O=C(CC1=CN=CC2=CC=CC=C12)N1CCSC[C@H]1C1CCC1,4.61
ASAP-0011364,O=C(CC1=CN=CC2=CC=CC=C12)N1C[C@H](F)C[C@H]1C1=CC=CC=C1,4.77
ASAP-0011368,C[C@H]1CN(C2=CN=CC3=CC=CC=C23)C(=O)[C@@]12CN(CC(=O)NCC1(F)CC1)C(=O)C1=CC=C(Cl)C=C12,7.03
ASAP-0011379,CC[C@H](C1=CC=CC=C1)[C@H]1CCCN1C(=O)CC1=CN=CC2=CC=CC=C12,4.92
ASAP-0011382,CC1=CSC([C@H]2CCCN2C(=O)CC2=CN=CC3=CC=CC=C23)=N1,4.32
ASAP-0011385,O=C(CC1=CN=CC2=CC=CC=C12)N1CC[C@H](C2=CC=CN=C2)C1,4.1
ASAP-0011390,CC1=CSC([C@H]2CCCN(C(=O)CC3=CN=CC4=CC=CC=C34)C2)=N1,4.19
ASAP-0011398,O=C(CC1=CN=CC2=CC=CC=C12)N1CCC[C@H]1C1=CC=CC=N1,4.24
ASAP-0011400,O=C(CC1=CN=CC2=CC=CC=C12)N1CCC[C@H]1C1=CN=C2C=CC=CC2=C1,4.01
ASAP-0011402,O=C(CC1=CN=CC2=CC=CC=C12)N1C[C@H](C2=CC=CC=C2)O[C@H](C2=CC=C(F)C=C2)C1,4.17
ASAP-0011404,O=C(CC1=CN=CC2=CC=CC=C12)N1CC[C@H](C2=NC=CS2)C1,4.29
ASAP-0011405,O=C(CC1=CN=CC2=CC=CC=C12)N1CCC[C@H](C2=NC=CS2)C1,4.33
ASAP-0011412,O=C(CC1=CN=CC2=CC=CC=C12)N1CCOC[C@H]1C1=CC=CS1,4.53
ASAP-0011415,N#CC1=CC=C(N(CC2=CC=CC(Cl)=C2)C(=O)CC2=CN=CC3=CC=CC=C23)C=C1,5.37
ASAP-0011434,O=C(CC1=CN=CC2=CC=CC=C12)N1CCC[C@H]1C1=CC=CC(F)=C1,5.77
ASAP-0011438,O=C(CC1=CN=CC2=CC=CC=C12)N1CCCSC[C@H]1C1CC1,4.22
ASAP-0011443,O=C(CC1=CN=CC2=CC=CC=C12)N1CCSC[C@H]1C1=CC=CC=C1,4.94
ASAP-0011449,O=C(CC1=CN=CC2=CC=CC=C12)N1CCC[C@H](C2CCC2)CC1,5.48
ASAP-0011451,O=C(CC1=CN=CC2=CC=CC=C12)N1CCCC[C@H](C2=CC=CC=C2)C1,4.78
ASAP-0011454,O=C(CC1=CN=CC2=CC=CC=C12)N1CC[C@H](OC2=CC=CC=C2)C1,4.26
ASAP-0011456,O=C(CC1=CN=CC2=CC=CC=C12)N1CCC[C@H]1CC1CCCCC1,5.05
ASAP-0011458,O=C(CC1=CN=CC2=CC=CC=C12)N1CCC[C@H]1CC1=CC=CS1,4.86
ASAP-0011460,O=C(CC1=CN=CC2=CC=CC=C12)N1CC[C@H](SC2=CC=CC(Cl)=C2)C1,4.53
ASAP-0011463,O=C(CC1=CN=CC2=CC=CC=C12)N1CC[C@H](C2=CC=CC=C2)C1,4.69
ASAP-0011464,O=C(CC1=CN=CC2=CC=CC=C12)N1CC[C@](F)(C2=CC=CC(C(F)(F)F)=C2)C1,4.38
ASAP-0011465,O=C(CC1=CN=CC2=CC=CC=C12)N1CCC[C@H]1CN1CCC(F)(F)CC1,4.47
ASAP-0011466,O=C(CC1=CN=CC2=CC=CC=C12)N1CCC[C@H]1CC1=CC=C(F)C=C1F,4.65
ASAP-0011467,O=C(CC1=CN=CC2=CC=CC=C12)N1CC(F)(F)C[C@H]1C1=CC=CC=C1,4.55
ASAP-0011468,O=C(CC1=CN=CC2=CC=CC=C12)N1CC[C@](F)(C2=CC=CC(Cl)=C2)C1,4.78
ASAP-0011469,O=C(CC1=CN=CC2=CC=CC=C12)N1CC[C@H]1CC1=CC=CC=C1,4.74
ASAP-0011470,O=C(CC1=CN=CC2=CC=CC=C12)N1CCCCC[C@H]1CC1=CC=CS1,4.85
ASAP-0011471,O=C(CC1=CN=CC2=CC=CC=C12)N1CC[C@H](C2(C3=CC=CC=C3)CC2)C1,4.95
ASAP-0011472,O=C(CC1=CN=CC2=CC=CC=C12)N1CCC[C@H]1CC1=CC=C(F)C=C1,4.65
ASAP-0011473,O=C(CC1=CN=CC2=CC=CC=C12)N1CCC[C@H]1C1CCCCCC1,5.01
ASAP-0011474,O=C(CC1=CN=CC2=CC=CC=C12)N1CCCC[C@H]1CCC1=CC=CC=C1,4.67
ASAP-0011475,O=C(CC1=CN=CC2=CC=CC=C12)N1CC[C@H](C2=CC=CC=C2F)C1,4.84
ASAP-0011476,O=C(CC1=CN=CC2=CC=CC=C12)N1CCOC[C@H]1C1=NC2=CC=CC=C2S1,4.01
ASAP-0011477,O=C(CC1=CN=CC2=CC=CC=C12)N1CCC[C@H]1C1=CC2=CC=CC=C2S1,4.56
ASAP-0011478,O=C(CC1=CN=CC2=CC=CC=C12)N1CC[C@H](C2CCC(F)(F)CC2)C1,4.42
ASAP-0011479,O=C(CC1=CN=CC2=CC=CC=C12)N1CCCC[C@H]1C1=NC2=CC=CC=C2S1,4.45
ASAP-0011480,CCC[C@]1(CC2=CC=CC=C2)CCCN1C(=O)CC1=CN=CC2=CC=CC=C12,5.1
ASAP-0011481,O=C(CC1=CN=CC2=CC=CC=C12)N1CC[C@](C2=CC=CC=C2)(C(F)(F)F)C1,4.75
ASAP-0011482,O=C(CC1=CN=CC2=CC=CC=C12)N1CCCC[C@H]1C1CCCC1,5.34
ASAP-0011483,C[C@H]1CN(C2=CN=CC3=CC=CC=C23)C(=O)[C@@]12CN(CC(=O)NC1COC1)C(=O)C1=CC=C(F)C=C12,6.44
ASAP-0011484,O=C(CC1=CN=CC2=CC=CC=C12)N1CCN(CC2=CC=CC=C2)C[C@H]1C1CC1,4.51
ASAP-0011487,O=C(CC1=CN=CC2=CC=CC=C12)N1C[C@H](F)C[C@H]1C1=CC=CC(F)=C1,5.58
ASAP-0011489,O=C(CC1=CN=CC2=CC=CC=C12)N1CCC[C@H](C[C@H]2CCOC2)C1,4.33
ASAP-0011490,O=C(CC1=CN=CC2=CC=CC=C12)N1CC[C@H](CC2=CC=CC=N2)C1,4.15
ASAP-0011491,O=C([C@H]1CC2=CC=CC=C2CN1C(=O)CC1=CN=CC2=CC=CC=C12)N1CCCC1,4.61
ASAP-0011492,C[C@H]1C[C@H](C2=CSC=C2)CN1C(=O)CC1=CN=CC2=CC=CC=C12,5.05
ASAP-0011493,O=C(CC1=CN=CC2=CC=CC=C12)N1CC[C@H]1CC1CCCC1,4.92
ASAP-0011494,C[C@H](C1=CC=CC=C1)[C@H]1CCCN(C(=O)CC2=CN=CC3=CC=CC=C23)C1,4.77
ASAP-0011495,O=C(CC1=CN=CC2=CC=CC=C12)N1CC(CC2=CSC=C2)C1,4.65
ASAP-0011499,CN1C[C@H](CC2=CC=CC=C2)N(C(=O)CC2=CN=CC3=CC=CC=C23)CC1=O,4.49
ASAP-0011500,CN(C1=CC=CC=C1)[C@H]1CCN(C(=O)CC2=CN=CC3=CC=CC=C23)C1,4.51
ASAP-0011501,CC1=CC([C@H]2CCN(C(=O)CC3=CN=CC4=CC=CC=C34)C2)=CS1,5.09
ASAP-0011502,O=C(CC1=CN=CC2=CC=CC=C12)N1CCC(C2=NC=CS2)CC1,4.44
ASAP-0011503,CC1=NC([C@H]2CCCN2C(=O)CC2=CN=CC3=CC=CC=C23)=CS1,4.67
ASAP-0011504,O=C(CC1=CN=CC2=CC=CC=C12)N1CCN(C2=CC=CN=C2)CC1,4.04
ASAP-0011505,O=C(CC1=CN=CC2=CC=CC=C12)N1CCCC2=CC=CC=C2CC1,5.01
ASAP-0011507,O=C(CC1=CN=CC2=CC=CC=C12)N1CCC(C2=NC=CO2)CC1,4.11
ASAP-0011509,C[C@H]1CC[C@H](C2=CC=CC=C2)N(C(=O)CC2=CN=CC3=CC=CC=C23)C1,5.02
ASAP-0011512,O=C(CC1=CN=CC2=CC=CC=C12)N1CC[C@H](N2CCCCC2)C1,4.08
ASAP-0011515,O=C(CC1=CN=CC2=CC=CC=C12)N1CC[C@](F)(C2=CC=CC=C2)C1,4.73
ASAP-0011516,O=C(CC1=CN=CC2=CC=CC=C12)N1CCN(CC2=CC=CC=C2)C[C@H]1C1=CC=CC=C1,5.15
ASAP-0011518,C[C@]1(C2=CC=C(F)C=C2)CCN(C(=O)CC2=CN=CC3=CC=CC=C23)C1,4.84
ASAP-0011519,O=C(CC1=CN=CC2=CC=CC=C12)N1CCC[C@H](N2C=CN=C2)C1,4.21
ASAP-0011526,CC1=CC=CC=C1C[C@H]1CCCN1C(=O)CC1=CN=CC2=CC=CC=C12,4.43
ASAP-0011527,O=C(CC1=CN=CC2=CC=CC=C12)N1CCC(C2=CSC=N2)CC1,4.1
ASAP-0011531,C=CC(=O)NC1=CC=C(Cl)C(N(CC2=CC=CC(Cl)=C2)C(=O)CC2=CN=CC3=CC=CC=C23)=C1,5.3
ASAP-0011533,CC1(C)CN(C(=O)CC2=CN=CC3=CC=CC=C23)[C@H]1C1=CC=CS1,4.86
ASAP-0011656,C=C(CN(C(=O)[C@H]1CN(CC(=O)NC)CC2=CC=C(Cl)C=C21)C1=CN=CC2=CC=CC=C12)C(=O)NCC1=CC=C(OC)C=C1Cl,7.48
ASAP-0011676,C=C(CN(C(=O)[C@H]1CN(CC(=O)NC)CC2=CC=C(Cl)C=C21)C1=CN=CC2=CC=CC=C12)C(=O)NCC1=CC=C(Br)C=C1C,6.84
ASAP-0012168,C=C(CN(C(=O)[C@H]1CN(CC(=O)NC)CC2=CC=C(Cl)C=C21)C1=CN=CC2=CC=CC=C12)C(=O)NC1=NC=C(C(F)(F)F)C=C1,6.53
ASAP-0012326,C=C(CNC1=CC=CC(N(CC2=CC=CC(Cl)=C2)C(=O)CC2=CN=CC3=CC=CC=C23)=C1)C(=O)NC1=CC=CC=C1,4.99
ASAP-0012341,O=C(CC1=CN=CC2=CC=CC=C12)N1CC2=CC=CC=C2[C@H](CC2CCCCC2)C1,4.77
ASAP-0012343,O=C(CC1=CN=CC2=CC=CC=C12)N1CC2=CC=CC=C2[C@H](C2=CC=CC=C2)C1,4.55
ASAP-0012422,CC1=CC(NC(=O)NC2=CN(CC(C)C)C(=O)C3=CC=CC=C23)=NO1,5.2
ASAP-0013251,C=CC(=O)NC1=CC=CC(N(CC2=CC=CC(C(=N)N)=C2)C(=O)CC2=CN=CC3=CC=CC=C23)=C1,5.18
ASAP-0013267,CNC(=O)CN1C[C@@]2(C(=O)N(C3=CN=CC4=CC=CC=C34)C[C@@H]2COC)C2=CC(Cl)=CC=C2C1=O,7.54
ASAP-0013270,COC[C@H]1CN(C2=CN=CC3=CC=CC=C23)C(=O)[C@@]12CN(C)C(=O)C1=CC=C(Cl)C=C12,5.48
ASAP-0013279,O=C(CCl)N1CCN(CC2=CC=CC(Cl)=C2)[C@H]2CS(=O)(=O)C[C@H]21,7.26
ASAP-0013315,C=C(CN(C(=O)[C@H]1CN(CC(=O)NC)C(=O)C2=CC=C(Cl)C=C21)C1=CN=CC2=CC=CC=C12)C(=O)O,5.46
ASAP-0013402,CN1C[C@H](C(=O)NC2=CN=CC3=CC=CC=C23)C2=CC(CC#N)=CC=C2C1=O,4.02
ASAP-0013403,CN1C[C@H](C(=O)NC2=CN=CC3=CC=CC=C23)C2=CC(CC#N)=CC=C2C1=O,4.39
ASAP-0013404,CNC(=O)CN1C[C@@]2(C(=O)N(C3=CN=CC4=CC=CC=C34)C[C@@H]2CS(=O)(=O)N(C)C)C2=CC(F)=CC=C2C1=O,6.83
ASAP-0013612,CC1=CC=CC=C1NC(=O)C[C@H]1SC(=O)N(C2=CC=CC=C2)C1=O,6.23
ASAP-0013646,COC1=CC=C(C(=O)NC2=CC=CC(/C=C3/C(=O)NC(=O)C4=CC=CC=C34)=C2)C=C1,5.04
ASAP-0013713,C=C(CN(C)C1=CC=CC(N(CC2=CC=CC(Cl)=C2)C(=O)CC2=CN=CC3=CC=CC=C23)=C1)C(=O)NC1=CC=CC=C1,4.46
ASAP-0013715,CCC(=O)NC1=CC=CC(N(CC2=CC=CC=C2)C(=O)CC2=CN=CC3=CC=CC=C23)=C1,4.55
ASAP-0013735,C[C@H]1CN(C2=CN=CC3=CC=CC=C23)C(=O)[C@@]12CN(CC1=NN=CN1C)C(=O)C1=CC=C(F)C=C12,6.37
ASAP-0013743,C=C(CN(C(=O)[C@H]1CN(CC(=O)NC)CC2=CC=C(Cl)C=C21)C1=CN=CC2=CC=CC=C12)C(=O)NCC1=CC=C(OC)C=C1Cl,7.91
ASAP-0013832,CNC(=O)CN1C[C@@]2(C(=O)N(C3=CN=CC4=CC=CC=C34)C[C@@H]2COC(C)C)C2=CC(Cl)=CC=C2C1=O,6.94
ASAP-0013834,CNC(=O)CN1C[C@@]2(C(=O)N(C3=CN=CC4=CC=CC=C34)C[C@@H]2COC(C)C)C2=CC(F)=CC=C2C1=O,6.73
ASAP-0013836,C=C(CN(C(=O)[C@H]1CN(CC(=O)NC)CC2=CC=C(Cl)C=C21)C1=CN=CC2=CC=CC=C12)C(=O)NC1=CC=C(N2C=CC=N2)C=C1,5.55
ASAP-0014212,CNC(=O)C1(N2C[C@]3(CCN(C4=CN=CC5=CC=CC=C45)C3=O)C3=CC(Cl)=CC=C3C2=O)CC1,7.54
ASAP-0014213,CNC(=O)C1(N2C[C@@]3(CCN(C4=CN=CC5=CC=CC=C45)C3=O)C3=CC(Cl)=CC=C3C2=O)CC1,4.4
ASAP-0014553,C[C@H]1CN(C2=CN=CC3=CC=CC=C23)C(=O)[C@@]12CN(CC1=NC=CC=N1)C(=O)C1=CC=C(F)C=C12,6.25
ASAP-0014554,C[C@H]1CN(C2=CN=CC3=CC=CC=C23)C(=O)[C@@]12CN(CC1=NN=NN1)C(=O)C1=CC=C(F)C=C12,5.67
ASAP-0014582,O=C1C2=CC=C(Cl)C=C2[C@@]2(CN1CCNCC(F)(F)F)C(=O)N(C1=CN=CC3=CC=CC=C13)C[C@@H]2CNC1=NC=CC=N1,6.91
ASAP-0014608,CNC(=O)CN1C[C@@]2(C(=O)N(C3=CN=CC4=CC=CC=C34)C[C@@H]2CNC2=CC=NN2)C2=CC(Cl)=CC=C2C1=O,8.1
ASAP-0014618,CC1=NC(CN2C[C@@]3(C(=O)N(C4=CN=CC5=CC=CC=C45)C[C@@H]3C)C3=CC(F)=CC=C3C2=O)=CN1,7.56
ASAP-0014646,CNC(=O)CN1C[C@@]2(C(=O)N(C3=CN=CC4=CC=CC=C34)C[C@@H]2CNC2=CNN=C2)C2=CC(Cl)=CC=C2C1=O,7.21
ASAP-0014649,C=C(CN(C(=O)[C@H]1CN(CC(=O)NC)C(=O)C2=CC=C(Cl)C=C21)C1=CN=CC2=CC=CC=C12)C(=O)NCC1=CC=C(OC)C=C1Cl,7.64
ASAP-0014654,C=CC(=O)NC1=CC=CC(N(CC2=CC=CC(C3=CNC=C3)=C2)C(=O)CC2=CN=CC3=CC=CC=C23)=C1,4.05
ASAP-0014740,C=C(CN(C(=O)[C@H]1CN(CC(=O)NC)C(=O)C2=CC=C(Cl)C=C21)C1=CN=CC2=CC=CC=C12)C(=O)NC1=CC=C(N2C=CC=N2)C=C1,5.93
ASAP-0014887,CNC(=O)CN1C[C@@]2(C(=O)N(C3=CN=CC4=CC=CC=C34)C[C@@H]2CNC2=CC=NC(C)=N2)C2=CC(Cl)=CC=C2C1=O,7.5
ASAP-0014938,COC[C@H]1CN(C2=CN=CC3=CC=CC=C23)C(=O)[C@@]12CN(CC1=CNN=C1)C(=O)C1=CC=C(Cl)C=C12,7.26
ASAP-0014946,C=C(C(=O)OC)[C@H]1C[C@]2(CN(CC(=O)OC(C)(C)C)C(=O)C3=CC=C(Cl)C=C32)C(=O)N1C1=CN=CC2=CC=CC=C12,6.17
ASAP-0015114,O=C1C2=CC=C(Cl)C=C2[C@@]2(CN1CCN1CC3(COC3)C1)C(=O)N(C1=CN=CC3=CC=CC=C13)C[C@@H]2CNC1=NC=CC=N1,7.24
ASAP-0015235,C[C@H]1CN(C2=CN=CC3=CC=CC=C23)C(=O)[C@@]12CN(CCN(C)C)C(=O)C1=CC=C(Cl)C=C12,7.38
ASAP-0015380,CNC(=O)CN1C[C@@]2(C(=O)N(C3=CN=CC4=CC=CC=C34)C[C@@H]2CF)C2=CC(Cl)=CC=C2C1=O,7.51
ASAP-0015385,C[C@H]1CN(C2=CN=CC3=CC=CC=C23)C(=O)[C@@]12CN(CCN1C[C@@H]3C[C@H]1CO3)C(=O)C1=CC=C(Cl)C=C12,8.0
ASAP-0015916,O=C1C2=CC=C(Cl)C=C2[C@@]2(CN1CC1=NN=CO1)C(=O)N(C1=CN=CC3=CC=CC=C13)C[C@@H]2CNC1=CC=NC=N1,7.13
ASAP-0016104,C=C(C(=O)O)[C@H]1C[C@]2(CN(CC(=O)OC(C)(C)C)C(=O)C3=CC=C(Cl)C=C32)C(=O)N1C1=CN=CC2=CC=CC=C12,5.53
ASAP-0016106,C[C@H]1COC[C@H](C)N1CCN1C[C@@]2(C(=O)N(C3=CN=CC4=CC=CC=C34)C[C@@H]2C)C2=CC(Cl)=CC=C2C1=O,8.02
ASAP-0016110,C[C@H]1CN(C2=CN=CC3=CC=CC=C23)C(=O)[C@@]12CN(CCN1CCOC(F)(F)C1)C(=O)C1=CC=C(Cl)C=C12,7.89
ASAP-0016433,CNCCN1C[C@@]2(C(=O)N(C3=CN=CC4=CC=CC=C34)C[C@@H]2COCC2(F)CC2)C2=CC(Cl)=CC=C2C1=O,7.7
ASAP-0016438,C#CC(=O)N1CCN(CC2=CC=CC(Cl)=C2)[C@H]2CS(=O)(=O)C[C@H]21,5.32
ASAP-0016440,C=CC(=O)N1CCCC2=C1C=CC=C2N(CC1=CC=CC(C(=O)NC)=C1)C(=O)CC1=CN=CC2=CC=CC=C12,4.2
ASAP-0016511,C[C@H]1CN(C2=CN=CC3=CC=CC=C23)C(=O)[C@@]12CN(C1CNC1)C(=O)C1=CC=C(Cl)C=C12,7.27
ASAP-0016546,CNCCN1C[C@@]2(C(=O)N(C3=CN=CC4=CC=CC=C34)C[C@@H]2COCC2(F)COC2)C2=CC(Cl)=CC=C2C1=O,6.89
ASAP-0016547,CCC(=O)N1CCCC2=C1C=CC=C2N(CC1=CC=CC(Cl)=C1)C(=O)CC1=CN=CC2=CC=CC=C12,5.89
ASAP-0017148,C=CC(=O)N1CCCC2=C1C=CC=C2N(C(=O)CC1=CN=CC2=CC=CC=C12)C1(C2=CC=CC(Cl)=C2)COC1,4.99
ASAP-0017393,C=C(C(=O)NC1=CC=CC=C1)[C@H]1C[C@]2(CN(CC(=O)NC)C(=O)C3=CC=C(Cl)C=C32)C(=O)N1C1=CN=CC2=CC=CC=C12,5.59
ASAP-0017428,C=CC(=O)N1CCCC2=C1C=CC=C2N(CC1=CC=CC(C2=CC=CN2)=C1)C(=O)CC1=CN=CC2=CC=CC=C12,4.79
ASAP-0017447,CNCCN1C[C@@]2(C(=O)N(C3=CN=CC4=CC=CC=C34)C[C@@H]2COCC2CS(=O)(=O)C2)C2=CC(Cl)=CC=C2C1=O,7.26
ASAP-0017450,CNCCN1C[C@@]2(C(=O)N(C3=CN=CC4=CC=CC=C34)C[C@@H]2CNC2=NC=NC=N2)C2=CC(Cl)=CC=C2C1=O,7.4
ASAP-0017451,CNCCN1C[C@@]2(C(=O)N(C3=CN=CC4=CC=CC=C34)C[C@@H]2COCC2COC2)C2=CC(Cl)=CC=C2C1=O,6.92
ASAP-0021055,C=CC(=O)N1CCCC2=C1C=CC=C2N(CC1=CC=CC([C@H]2CCCN2)=C1)C(=O)CC1=CN=CC2=CC=CC=C12,4.26
ASAP-0021103,C[C@H](OC(C)(C)C)[C@@H](NC(=O)OCC1=CC=CC(OCCCCCCOC2=CC=CC3=C2C(=O)N([C@H]2CCC(=O)NC2=O)C3=O)=C1)C(=O)N[C@H](CC1CCCCC1)C(=O)N[C@H](C=O)C[C@@H]1CCNC1=O,5.41
ASAP-0021173,C=CC(=O)N1CCC2=CC=C(N(CC3=CC=CC(Cl)=C3)C(=O)CC3=CN=CC4=CC=CC=C34)C=C21,5.75
ASAP-0021181,C=CC(=O)N1CCCC2=CC=C(N(CC3=CC=CC(Br)=C3)C(=O)CC3=CN=CC4=CC=CC=C34)C=C21,7.62
ASAP-0022456,C=CC(=O)N1CCCC2=CC=C(N(CC3=CC=CC(Cl)=C3)C(=O)CC3=CN=CC4=C(F)C=CC=C34)C=C21,7.41
ASAP-0022457,C=CC(=O)N1CCCC2=CC=C(N(CC3=CC=CC(C4=CC=CC=C4)=C3)C(=O)CC3=CN=CC4=CC=CC=C34)C=C21,5.88
ASAP-0022458,C=CC(=O)N1CCCC2=CC=C(N(CC3=CC=CC(C(F)(F)F)=C3)C(=O)CC3=CN=CC4=CC=CC=C34)C=C21,7.4
ASAP-0022459,C=CC(=O)N1CCCC2=CC=C(N(C(=O)CC3=CN=CC4=CC=CC=C34)N(C)C3=CC=CC(Cl)=C3)C=C21,8.19
ASAP-0027823,C=CC[C@H](NC1=CC=CC(C2=NNN=N2)=C1)C1=CC(Cl)=CC(NC(=O)OCC2=CC=CC=C2)=C1,4.11
ASAP-0027971,C=CC[C@H](NC1=CC(Cl)=CC(NC(=O)OCC2=CC=CC=C2)=C1)C1=CC=CC(CN)=C1,4.43
ASAP-0028005,C=CC[C@H](NC1=CC=CC(C(=O)O)=C1)C1=CC(Cl)=CC2=C1C=NN2,4.42
ASAP-0028899,CC(C)CNS(=O)(=O)OCC(=O)N1CCN(CC2=CC=CC(Cl)=C2)[C@H]2CS(=O)(=O)C[C@@H]21,7.26
ASAP-0028932,O=C1C2=CC=C(Cl)C=C2[C@@]2(CN1CC1CNC1)C(=O)N(C1=CN=CC3=CC=CC=C13)C[C@@H]2CNC1=NN=CS1,7.56
ASAP-0028934,C=CC(=O)N1CCCCC2=CC=C(N(CC3=CC=C(Cl)C=C3)C(=O)CC3=CN=CC4=CC=CC=C34)C=C21,4.56
ASAP-0028977,C=CC[C@H](NC1=CC=CC(Cl)=C1)C1=CC=CC(C2=NNN=N2)=C1,4.62
ASAP-0029037,C=CC(=O)N1C[C@H](C(N)=O)CC2=CC=C(N(CC3=CC=CC(Cl)=C3)C(=O)CC3=CN=CC4=CC=CC=C34)C=C21,6.66
ASAP-0029049,C=CC[C@H](NC1=CC=C2CNCC2=C1)C1=CC(Cl)=CC2=C1C=NN2,4.65
ASAP-0029271,O=C(CC1=CN=CC2=CC=CC=C12)N1CC[C@]2(CC=CCO2)C1,5.16
ASAP-0029276,C[C@H](F)[C@H]1CCCN1C(=O)CC1=CN=CC2=CC=CC=C12,4.07
ASAP-0029282,CNS(=O)(=O)[C@H]1CCCN(C(=O)CC2=CN=CC3=CC=CC=C23)C1,4.25
ASAP-0029289,O=C(CC1=CN=CC2=CC=CC=C12)N1[C@H]2CC[C@H]1C1=NC=CC=C12,4.65
ASAP-0029293,O=C(CC1=CN=CC2=CC=CC=C12)N1CC[C@@H](OC2=CC=C(F)C=C2)C1,4.46
ASAP-0029300,CN1C=C([C@H]2CCCN2C(=O)CC2=CN=CC3=CC=CC=C23)C(C(F)F)=N1,4.31
ASAP-0029303,COC1=CC=CC=C1[C@@H]1C[C@H](C)CCN1C(=O)CC1=CN=CC2=CC=CC=C12,5.98
ASAP-0029313,CO[C@]1(C(F)(F)F)CCN(C(=O)CC2=CN=CC3=CC=CC=C23)C1,5.07
ASAP-0029315,CC(C)C1=NC([C@H]2CCCN(C(=O)CC3=CN=CC4=CC=CC=C34)C2)=NO1,4.04
ASAP-0029324,O=C(CC1=CN=CC2=CC=CC=C12)N1CCC[C@]2(C=CC3=CC=CC=C3O2)C1,4.17
ASAP-0029333,N#CC1(C2=CC=CC=C2)CCN(C(=O)CC2=CN=CC3=CC=CC=C23)CC1,5.36
ASAP-0029335,O=C1C[C@H]2CCN(C(=O)CC3=CN=CC4=CC=CC=C34)C[C@H]2N1,4.03
ASAP-0029337,O=C(CC1=CN=CC2=CC=CC=C12)N1CC[C@H](C2=CC=CC(F)=C2)C1,5.07
ASAP-0029342,C[C@]1(C2=CC=CC=C2)CCCN(C(=O)CC2=CN=CC3=CC=CC=C23)C1,4.57
ASAP-0029343,O=C(CC1=CN=CC2=CC=CC=C12)N1CC[C@H]2CCC(F)(F)C[C@H]2C1,6.05
ASAP-0029346,O=C(CC1=CN=CC2=CC=CC=C12)N1CC[C@]2(CCCC3=CC=CC=C32)C1,5.26
ASAP-0029353,C[C@H]1CCN(C(=O)CC2=CN=CC3=CC=CC=C23)[C@@H](C2CCOCC2)C1,5.13
ASAP-0029358,CN1N=CC=C1[C@H]1CCCN1C(=O)CC1=CN=CC2=CC=CC=C12,4.26
ASAP-0029363,CC[C@H]1C[C@@H](C(F)(F)F)CCN1C(=O)CC1=CN=CC2=CC=CC=C12,5.89
ASAP-0029365,O=C(CC1=CN=CC2=CC=CC=C12)N1CCC[C@H]1C=CC1=CC=CS1,4.88
ASAP-0029392,O=C(CC1=CN=CC2=CC=CC=C12)N1CCC[C@]2(C1)OC[C@H]1C[C@H]12,4.02
ASAP-0029396,CO[C@H]1[C@H]2C[C@H]3CN(C(=O)CC4=CN=CC5=CC=CC=C45)[C@H]1[C@H]3C2,4.23
ASAP-0029400,O=C(CC1=CN=CC2=CC=CC=C12)N1[C@H]2C=CC[C@H]1CCC2,5.24
ASAP-0029402,O=C(CC1=CN=CC2=CC=CC=C12)N1CC[C@H](S(=O)(=O)C(F)F)C1,4.63
ASAP-0029403,O=C(CC1=CN=CC2=CC=CC=C12)N1C[C@@H]2[C@H](C1)[C@H]2C(F)F,4.96
ASAP-0029405,CS(=O)(=O)CC[C@H]1CCCCN1C(=O)CC1=CN=CC2=CC=CC=C12,4.06
ASAP-0029407,CC1(C2=CC=CC=C2)CCN(C(=O)CC2=CN=CC3=CC=CC=C23)CC1,5.16
ASAP-0029408,CC(C)[C@]1(C#N)CCN(C(=O)CC2=CN=CC3=CC=CC=C23)C1,5.9
ASAP-0029411,CCO[C@H]1C[C@H](C)N(C(=O)CC2=CN=CC3=CC=CC=C23)[C@H](C)C1,4.57
ASAP-0029413,O=C(CC1=CN=CC2=CC=CC=C12)N1CCC[C@H]1C1=NOC(C2CC2)=C1,4.51
ASAP-0029414,O=C(CC1=CN=CC2=CC=CC=C12)N1CCCC[C@H]1CC(F)(F)F,4.32
ASAP-0029417,O=C(CC1=CN=CC2=CC=CC=C12)N1CCC[C@H](C2=CC=CC(F)=C2)C1,5.1
ASAP-0029418,O=C(CC1=CN=CC2=CC=CC=C12)N1CCC(C2=CC=NO2)CC1,4.87
ASAP-0029425,O=C(CC1=CN=CC2=CC=CC=C12)N1CCC[C@H](C2=NOC=C2)C1,4.47
ASAP-0029426,O=C(CC1=CN=CC2=CC=CC=C12)N1C[C@H]2CS(=O)(=O)C[C@H]2C1,4.63
ASAP-0029434,CCC1=NOC([C@H]2CCCN2C(=O)CC2=CN=CC3=CC=CC=C23)=C1,4.25
ASAP-0029438,O=C(CC1=CN=CC2=CC=CC=C12)N1C[C@H]2COC[C@@]2(C2=CC=CC=C2)C1,5.17
ASAP-0029439,O=C(CC1=CN=CC2=CC=CC=C12)N1CC[C@H]2CCO[C@H]2C1,4.23
ASAP-0029444,O=C(CC1=CN=CC2=CC=CC=C12)N1CCC[C@H](C2CCOCC2)C1,4.34
ASAP-0029447,CCC1=CC=CC([C@H]2CCN(C(=O)CC3=CN=CC4=CC=CC=C34)C2)=C1,4.55
ASAP-0029448,O=C(CC1=CN=CC2=CC=CC=C12)N1C[C@H]2CCCCCC[C@H]2C1,5.87
ASAP-0029449,CN1C[C@H]2[C@H](CCCN2C(=O)CC2=CN=CC3=CC=CC=C23)C1=O,4.05
ASAP-0029452,O=C(CC1=CN=CC2=CC=CC=C12)N1CCC[C@H]1CCCN1C=CC=N1,4.15
ASAP-0029459,O=C(CC1=CN=CC2=CC=CC=C12)N1C[C@H]2C=C[C@H]1CC2,4.66
ASAP-0029460,O=C(CC1=CN=CC2=CC=CC=C12)N1CCC2(C=CC3=CC=CC=C3O2)CC1,5.79
ASAP-0029464,O=C(CC1=CN=CC2=CC=CC=C12)N1C[C@H](C2=CC=CC=C2)[C@H]2CCC[C@H]21,5.2
ASAP-0029465,COC[C@H]1CC[C@@H](C2=CC=C(F)C=C2)N1C(=O)CC1=CN=CC2=CC=CC=C12,5.01
ASAP-0029469,CC1=NN=C(NC[C@H]2CN(C3=CN=CC4=CC=CC=C34)C(=O)[C@@]23CN(CC2=NNC=C2)C(=O)C2=CC=C(Cl)C=C23)S1,7.62
ASAP-0029472,CC1(C)CN(C(=O)CC2=CN=CC3=CC=CC=C23)[C@H]2COC[C@H]21,4.42
ASAP-0029474,CCO[C@@H]1CCCN(C(=O)CC2=CN=CC3=CC=CC=C23)C1,4.14
ASAP-0029475,O=C(CC1=CN=CC2=CC=CC=C12)N1CCCC[C@H]1C1=NOC=N1,4.37
ASAP-0029476,COC1=CC=CC(C[C@H]2CCCN2C(=O)CC2=CN=CC3=CC=CC=C23)=C1,5.23
ASAP-0029482,O=C(CC1=CN=CC2=CC=CC=C12)N1CC[C@]2(CC(C(F)F)=NO2)C1,4.62
ASAP-0029483,CN1C=C([C@H]2CCCCN2C(=O)CC2=CN=CC3=CC=CC=C23)C=N1,4.27
ASAP-0029485,CC1=CSC(C[C@H]2CCCN(C(=O)CC3=CN=CC4=CC=CC=C34)C2)=N1,4.17
ASAP-0029487,O=C(CC1=CN=CC2=CC=CC=C12)N1C[C@H]2[C@@](C3=CC=CC=C3)(C1)CS2(=O)=O,4.75
ASAP-0029488,O=C(C1=CC=CS1)C1CCN(C(=O)CC2=CN=CC3=CC=CC=C23)CC1,4.78
ASAP-0029489,CC1=NN(C[C@H]2CCCCN2C(=O)CC2=CN=CC3=CC=CC=C23)C(C)=C1,4.19
ASAP-0029490,C[C@H]1CCC[C@H](CCN(C)C)N1C(=O)CC1=CN=CC2=CC=CC=C12,4.24
ASAP-0029494,O=C(CC1=CN=CC2=CC=CC=C12)N1CCC2=NOC=C2C1,5.49
ASAP-0029495,O=C(CC1=CN=CC2=CC=CC=C12)N1CC[C@H](OC2=CC=CC(F)=C2)C1,4.86
ASAP-0029499,C[C@H]1CN(C(=O)CC2=CN=CC3=CC=CC=C23)[C@H](C)CC1=O,4.14
ASAP-0029500,CN1C=C([C@H]2CN(C(=O)CC3=CN=CC4=CC=CC=C34)CC2(C)C)C=N1,4.34
ASAP-0029502,C[C@H]1CC(F)(F)CCN1C(=O)CC1=CN=CC2=CC=CC=C12,5.32
ASAP-0029509,CC1=NN=C([C@H]2CCCCN2C(=O)CC2=CN=CC3=CC=CC=C23)O1,4.01
ASAP-0029510,CCC(=O)[C@H]1CCCCN1C(=O)CC1=CN=CC2=CC=CC=C12,4.34
ASAP-0029522,COC1=CC=CC=C1C[C@H]1CCCN1C(=O)CC1=CN=CC2=CC=CC=C12,4.41
ASAP-0029524,O=C(CC1=CN=CC2=CC=CC=C12)N1CCC(CN2CCCC2=O)CC1,4.46
ASAP-0029527,O=C(CC1=CN=CC2=CC=CC=C12)N1CC(F)(F)C(F)(F)C(F)(F)C1,4.25
ASAP-0029528,CCC1=NC([C@H]2CCCN2C(=O)CC2=CN=CC3=CC=CC=C23)=NO1,4.2
ASAP-0029535,O=C(CC1=CN=CC2=CC=CC=C12)N1CC[C@H]2CCC[C@H]21,4.21
ASAP-0029536,O=C(CC1=CN=CC2=CC=CC=C12)N1CC[C@H](C2=CC=CS2)C1,5.11
ASAP-0029537,COC1=CC=CC=C1C[C@H]1CCN(C(=O)CC2=CN=CC3=CC=CC=C23)C1,4.88
ASAP-0029545,O=C(CC1=CN=CC2=CC=CC=C12)N1C[C@@H]2[C@H](C1)[C@@H]2C(F)(F)F,4.3
ASAP-0029550,O=C(CC1=CN=CC2=CC=CC=C12)N1CC[C@H]2CC[C@H]2C1,4.99
ASAP-0029551,O=C(CC1=CN=CC2=CC=CC=C12)N1CCC2(CC1)C[C@H]2F,5.11
ASAP-0029556,O=C(CC1=CN=CC2=CC=CC=C12)N1CCC([C@H]2CCO2)CC1,4.43
ASAP-0029557,COC[C@H]1CC12CCN(C(=O)CC1=CN=CC3=CC=CC=C13)CC2,4.59
ASAP-0029558,CO[C@H]1CCN(C(=O)CC2=CN=CC3=CC=CC=C23)C[C@H]1C,4.45
ASAP-0029561,O=C(CC1=CN=CC2=CC=CC=C12)N1CCC2(CCOCC2)CC1,4.3
ASAP-0029564,O=C(CC1=CN=CC2=CC=CC=C12)N1CCC2(CC1)CC2(F)F,5.2
ASAP-0029565,CO[C@H](C)C1CCN(C(=O)CC2=CN=CC3=CC=CC=C23)CC1,5.34
ASAP-0029573,O=C(CC1=CN=CC2=CC=CC=C12)N1CC[C@H]2COC[C@H]2C1,4.28
ASAP-0029576,C[C@H]1[C@@H]2CN(C(=O)CC3=CN=CC4=CC=CC=C34)C[C@H]12,5.0
ASAP-0029579,C[C@H]1CCN(C(=O)CC2=CN=CC3=CC=CC=C23)C[C@H]1F,5.51
ASAP-0029582,C[C@H]1CCN(C(=O)CC2=CN=CC3=CC=CC=C23)[C@@H](C(F)(F)F)C1,5.43
ASAP-0029583,O=C(CC1=CN=CC2=CC=CC=C12)N1CCC([C@H]2CCCO2)CC1,4.52
ASAP-0029587,COC1CCN(C(=O)CC2=CN=CC3=CC=CC=C23)CC1,4.59
ASAP-0029591,O=C(CC1=CN=CC2=CC=CC=C12)N1CCC(F)(F)CC1,5.17
ASAP-0029596,O=C(CC1=CN=CC2=CC=CC=C12)N1CCC2(CCO2)CC1,4.57
ASAP-0029598,C[C@H]1C[C@@H](C(F)(F)F)CCN1C(=O)CC1=CN=CC2=CC=CC=C12,5.93
ASAP-0029600,CC1(F)CCN(C(=O)CC2=CN=CC3=CC=CC=C23)CC1,5.31
ASAP-0029602,O=C(CC1=CN=CC2=CC=CC=C12)N1CCC(CC2CC2)CC1,5.56
ASAP-0029609,O=C(CC1=CN=CC2=CC=CC=C12)N1C[C@@H]2[C@H](C1)[C@H]2C(F)(F)F,5.32
ASAP-0029611,COC[C@@H]1[C@H]2CCN(C(=O)CC3=CN=CC4=CC=CC=C34)C[C@H]21,4.26
ASAP-0029620,O=C(CC1=CN=CC2=CC=CC=C12)N1CCC2(CC1)CS(=O)(=O)C2,4.32
ASAP-0029628,O=C(CC1=CN=CC2=CC=CC=C12)N1CCC2(CCCC2)CC1,5.79
ASAP-0029639,COC1CC2(CCN(C(=O)CC3=CN=CC4=CC=CC=C34)CC2)C1,5.36
ASAP-0029648,O=C(CC1=CN=CC2=CC=CC=C12)N1CCC2(CC1)CCS2(=O)=O,4.6
ASAP-0029653,O=C(CC1=CN=CC2=CC=CC=C12)N1CCC2(CCC2)CC1,5.85
ASAP-0029656,O=C(CC1=CN=CC2=CC=CC=C12)N1CCC2(CCCO2)CC1,4.95
ASAP-0029662,O=C(CC1=CN=CC2=CC=CC=C12)N1CCC2(CCOC2)CC1,4.97
ASAP-0029663,O=C1NC[C@H]2CN(C(=O)CC3=CN=CC4=CC=CC=C34)CC[C@@H]12,4.06
ASAP-0029664,O=C1CC2(CCN(C(=O)CC3=CN=CC4=CC=CC=C34)CC2)CN1,4.16
ASAP-0029665,CC(C)O[C@H]1CCN(C(=O)CC2=CN=CC3=CC=CC=C23)[C@@H](C)C1,4.39
ASAP-0029671,O=C(CC1=CN=CC2=CC=CC=C12)N1CCC(OC2CC2)CC1,4.29
ASAP-0029673,O=C(CC1=CN=CC2=CC=CC=C12)N1CCC2(CCCCO2)CC1,5.24
ASAP-0029674,O=C(CC1=CN=CC2=CC=CC=C12)N1CC[C@H]2CCC[C@H]2C1,5.67
ASAP-0029680,C[C@H]1[C@@H]2CCN(C(=O)CC3=CN=CC4=CC=CC=C34)C[C@H]12,5.58
ASAP-0029695,CC[C@H](C)OC1CCN(C(=O)CC2=CN=CC3=CC=CC=C23)CC1,4.33
ASAP-0029696,COCCC1CCN(C(=O)CC2=CN=CC3=CC=CC=C23)CC1,5.0
ASAP-0029697,O=C(CC1=CN=CC2=CC=CC=C12)N1CCC(C2CC2)CC1,5.77
ASAP-0029699,C[C@H]1CCN(C(=O)CC2=CN=CC3=CC=CC=C23)CC1(F)F,5.4
ASAP-0029700,C[C@H]1CCN(C(=O)CC2=CN=CC3=CC=CC=C23)[C@@H](C)C1,5.49
ASAP-0029701,O=C(CC1=CN=CC2=CC=CC=C12)N1CCC2(CC1)COCCO2,4.88
ASAP-0029708,CO[C@H]1CCN(C(=O)CC2=CN=CC3=CC=CC=C23)[C@@H](C)C1,4.55
ASAP-0029710,O=C(CC1=CN=CC2=CC=CC=C12)N1CCC2(CC1)CC2,5.15
ASAP-0029712,O=C(CC1=CN=CC2=CC=CC=C12)N1CC[C@H]2C[C@H]2C1,4.55
ASAP-0029716,COC1(C)CCN(C(=O)CC2=CN=CC3=CC=CC=C23)CC1,4.76
ASAP-0029722,O=C(COS(=O)(=O)NCC1=CC=CC=C1)N1CCN(CC2=CC=CC(Cl)=C2)[C@H]2CS(=O)(=O)C[C@@H]21,4.93
ASAP-0029727,O=C(CC1=CN=CC2=CC=CC=C12)N1CCC2(CC1)COC2,4.27
ASAP-0029731,C[C@H]1CCN(C(=O)CC2=CN=CC3=CC=CC=C23)C[C@H]1C,5.53
ASAP-0029734,CO[C@@H]1C[C@@H]2C[C@H]1CN2C(=O)CC1=CN=CC2=CC=CC=C12,4.27
ASAP-0029742,COC(C)(C)C1CCN(C(=O)CC2=CN=CC3=CC=CC=C23)CC1,5.08
ASAP-0029754,CN(C)[C@]1(C)CCN(C(=O)CC2=CN=CC3=CC=CC=C23)C1,4.19
ASAP-0029765,O=C(CC1=CN=CC2=CC=CC=C12)N1CCC[C@H](C2=CNC3=CC=CC=C23)C1,4.57
ASAP-0029767,O=C(CC1=CN=CC2=CC=CC=C12)N1CC[C@H](CC2=CC=C(F)C(F)=C2)C1,4.71
ASAP-0029775,C[C@H]1CCC[C@@H](CNC(=O)C(F)(F)F)N1C(=O)CC1=CN=CC2=CC=CC=C12,4.42
ASAP-0029776,O=C(CC1=CN=CC2=CC=CC=C12)N1C[C@H]2CCCS(=O)(=O)[C@H]2C1,4.04
ASAP-0029787,CN1C=C([C@H]2CCCN2C(=O)CC2=CN=CC3=CC=CC=C23)C2=CC=CC=C21,4.76
ASAP-0029791,CN1CC2(CCN(C(=O)CC3=CN=CC4=CC=CC=C34)CC2)C2=CC=CC=C21,4.54
ASAP-0029793,O=C(CC1=CN=CC2=CC=CC=C12)N1[C@H]2CCC[C@H]1C1=C(C2)NN=C1,4.82
ASAP-0029794,C[C@H]1C[C@H](C2CCCCC2)CN1C(=O)CC1=CN=CC2=CC=CC=C12,5.22
ASAP-0029798,O=C(CC1=CN=CC2=CC=CC=C12)N1CCC[C@H]1CCC1=CC=CC=C1,4.83
ASAP-0029806,CC[C@H]1CN(C(=O)CC2=CN=CC3=CC=CC=C23)C[C@@H]1C1=CC=C(OC)C=C1,4.88
ASAP-0029809,O=C(CC1=CN=CC2=CC=CC=C12)N1CCC2(C[C@H]1C(F)(F)F)OCCO2,4.78
ASAP-0029811,CC1=CC=CC=C1[C@H]1C[C@H](C)N(C(=O)CC2=CN=CC3=CC=CC=C23)C1,4.86
ASAP-0029818,COCC1(F)CCN(C(=O)CC2=CN=CC3=CC=CC=C23)CC1,4.63
ASAP-0029819,COC1=CC=CC([C@H](C)[C@H]2CCN(C(=O)CC3=CN=CC4=CC=CC=C34)C2)=C1,4.79
ASAP-0029822,O=C(CC1=CN=CC2=CC=CC=C12)N1CCC(OC2CCC2)CC1,4.3
ASAP-0029825,C[C@H]1CCN(C(=O)CC2=CN=CC3=CC=CC=C23)[C@H]2C(=O)NC[C@H]12,5.28
ASAP-0029839,N#C[C@H](C1=CC=CC=C1)[C@H]1CCCN1C(=O)CC1=CN=CC2=CC=CC=C12,4.46
ASAP-0029846,O=C1C[C@H]2COC[C@H](C1)N2C(=O)CC1=CN=CC2=CC=CC=C12,4.27
ASAP-0029848,CN1N=CC=C1C[C@H]1CCCN1C(=O)CC1=CN=CC2=CC=CC=C12,4.12
ASAP-0029849,CC1=NC=CC(CN2C[C@@]3(C(=O)N(C4=CN=CC5=CC=CC=C45)C[C@@H]3CNC3=NN=C(C(F)(F)F)S3)C3=CC(Cl)=CC=C3C2=O)=N1,7.36
ASAP-0029855,O=C(CC1=CN=CC2=CC=CC=C12)N1CC(F)(F)CC2(CCC2)C1,4.22
ASAP-0029861,C[C@H]1C[C@H](C2=CC=CS2)CN1C(=O)CC1=CN=CC2=CC=CC=C12,5.11
ASAP-0029866,O=C(CC1=CN=CC2=CC=CC=C12)N1CC[C@H](OC(F)(F)F)C1,5.62
ASAP-0029867,C[C@H]1C[C@H](C2=CC=CC=C2)CCN1C(=O)CC1=CN=CC2=CC=CC=C12,4.85
ASAP-0029868,CN1CCC[C@H]2CCN(C(=O)CC3=CN=CC4=CC=CC=C34)C[C@H]21,4.37
ASAP-0029869,O=C(CC1=CN=CC2=CC=CC=C12)N1CCC[C@H](OC2=CC=CC=C2)C1,4.27
ASAP-0029873,O=C(CC1=CN=CC2=CC=CC=C12)N1C[C@H]2CC[C@H]2[C@H]1C1=CC=CC=C1,5.26
ASAP-0029878,COC1=CC=CC([C@H]2C[C@H](C)CN2C(=O)CC2=CN=CC3=CC=CC=C23)=C1,5.02
ASAP-0029882,C[C@H]1C[C@H](C)N(C(=O)CC2=CN=CC3=CC=CC=C23)C1,4.38
ASAP-0029884,N#CC1[C@H]2CC[C@H]1CN(C(=O)CC1=CN=CC3=CC=CC=C13)C2,4.86
ASAP-0029885,CN(C[C@H]1CCCN1C(=O)CC1=CN=CC2=CC=CC=C12)C1=CC=CC=C1,4.91
ASAP-0029887,CCN1C=CN=C1[C@H]1CCCCN1C(=O)CC1=CN=CC2=CC=CC=C12,4.14
ASAP-0029897,CS(=O)(=O)C[C@@H]1C[C@@H]2CCC[C@@H]2N1C(=O)CC1=CN=CC2=CC=CC=C12,4.22
ASAP-0029903,CCC1=CC=C([C@H]2C[C@H](C)CCN2C(=O)CC2=CN=CC3=CC=CC=C23)O1,6.27
ASAP-0029904,O=C(CC1=CN=CC2=CC=CC=C12)N1[C@H]2CC[C@H]1CS(=O)(=O)C2,4.31
ASAP-0029906,O=C(CC1=CN=CC2=CC=CC=C12)N1CCC(NC2=CC=CC3=NC=CC=C23)CC1,4.07
ASAP-0029907,COC1=CC=CC([C@]2(F)CCN(C(=O)CC3=CN=CC4=CC=CC=C34)C2)=C1,4.87
ASAP-0029910,C[C@H]1CN(C(=O)CC2=CN=CC3=CC=CC=C23)CC2=CNN=C21,4.09
ASAP-0029918,O=C(CC1=CN=CC2=CC=CC=C12)N1C[C@@H]2C[C@H]1CN2C1=CC=CC=C1,4.14
ASAP-0029925,N#CC1CC2(CCN(C(=O)CC3=CN=CC4=CC=CC=C34)C2)C1,4.06
ASAP-0029929,COCC(=O)[C@H]1CCCCN1C(=O)CC1=CN=CC2=CC=CC=C12,4.06
ASAP-0029930,COC1=CC=CC=C1OC[C@H]1CCCN1C(=O)CC1=CN=CC2=CC=CC=C12,4.14
ASAP-0030057,O=C(CC1=CN=CC2=CC=CC=C12)N1CCC[C@H]1C1=CC=CC(F)=C1F,5.27
ASAP-0030064,O=C1C2=CC=C(Cl)C=C2[C@@]2(CN1CC1=NNC=C1)C(=O)N(C1=CN=CC3=CC=CC=C13)C[C@@H]2CNC1=NN=CO1,8.18
ASAP-0030702,O=C(CC1=CN=CC2=CC=CC=C12)N1CC[C@]2(CCCC3=CC=CC=C32)C1,5.35
ASAP-0030703,O=C(CC1=CN=CC2=CC=CC=C12)N1CC[C@]2(CCCC3=CC=CC=C32)C1,5.54
ASAP-0030717,C[C@H]1CCCN(C(=O)CC2=CN=CC3=CC=CC=C23)CC1,5.79
ASAP-0030718,C[C@H]1CCCN(C(=O)CC2=CN=CC3=CC=CC=C23)CC1,5.55
ASAP-0030750,O=C(CC1=CN=CC2=CC=CC=C12)N1C[C@H]2CCCCCC[C@@H]2C1,5.76
ASAP-0030751,O=C(CC1=CN=CC2=CC=CC=C12)N1C[C@H]2CCCCCC[C@@H]2C1,6.03
ASAP-0030756,O=C(CC1=CN=CC2=CC=CC=C12)N1CC[C@]2(CC=CCO2)C1,5.16
ASAP-0030757,O=C(CC1=CN=CC2=CC=CC=C12)N1CC[C@]2(CC=CCO2)C1,5.34
ASAP-0030807,COC1=CC=CC=C1[C@@H]1C[C@H](C)CCN1C(=O)CC1=CN=CC2=CC=CC=C12,5.87
ASAP-0030808,COC1=CC=CC=C1[C@@H]1C[C@H](C)CCN1C(=O)CC1=CN=CC2=CC=CC=C12,6.19
ASAP-0030810,O=C(CC1=CN=CC2=CC=CC=C12)N1CC[C@H]2CCC(F)(F)C[C@H]2C1,6.28
ASAP-0030811,O=C(CC1=CN=CC2=CC=CC=C12)N1CC[C@H]2CCC(F)(F)C[C@H]2C1,5.33
ASAP-0030817,C[C@H]1CC(F)(F)CCN1C(=O)CC1=CN=CC2=CC=CC=C12,5.49
ASAP-0030818,C[C@H]1CC(F)(F)CCN1C(=O)CC1=CN=CC2=CC=CC=C12,5.29
ASAP-0030856,O=C(CC1=CN=CC2=CC=CC=C12)N1CC[C@H](C2=CC=CC(F)=C2)C1,5.03
ASAP-0030857,O=C(CC1=CN=CC2=CC=CC=C12)N1CC[C@H](C2=CC=CC(F)=C2)C1,5.28
ASAP-0030878,CO[C@]1(C(F)(F)F)CCN(C(=O)CC2=CN=CC3=CC=CC=C23)C1,5.23
ASAP-0030879,CO[C@]1(C(F)(F)F)CCN(C(=O)CC2=CN=CC3=CC=CC=C23)C1,5.15
ASAP-0030906,C[C@H]1CCN(C(=O)CC2=CN=CC3=CC=CC=C23)[C@@H](C2CCOCC2)C1,5.15
ASAP-0030907,C[C@H]1CCN(C(=O)CC2=CN=CC3=CC=CC=C23)[C@@H](C2CCOCC2)C1,5.34
ASAP-0030921,CC[C@H]1C[C@@H](C(F)(F)F)CCN1C(=O)CC1=CN=CC2=CC=CC=C12,6.13
ASAP-0030922,CC[C@H]1C[C@@H](C(F)(F)F)CCN1C(=O)CC1=CN=CC2=CC=CC=C12,5.92
ASAP-0030943,COC1=CC=CC(C[C@H]2CCCN2C(=O)CC2=CN=CC3=CC=CC=C23)=C1,5.28
ASAP-0030944,COC1=CC=CC(C[C@H]2CCCN2C(=O)CC2=CN=CC3=CC=CC=C23)=C1,5.36
ASAP-0030974,O=C(CC1=CN=CC2=CC=CC=C12)N1[C@H]2C=CC[C@@H]1CCC2,5.45
ASAP-0030975,O=C(CC1=CN=CC2=CC=CC=C12)N1[C@H]2C=CC[C@@H]1CCC2,4.95
ASAP-0030982,CC(C)[C@]1(C#N)CCN(C(=O)CC2=CN=CC3=CC=CC=C23)C1,5.1
ASAP-0030983,CC(C)[C@]1(C#N)CCN(C(=O)CC2=CN=CC3=CC=CC=C23)C1,6.23
ASAP-0030989,CC1=CSC2=C1CN(C(=O)CC1=CN=CC3=CC=CC=C13)CC2,6.48
ASAP-0031001,CC1=NN=C(NC[C@H]2CN(C3=CN=CC4=CC=CC=C34)C(=O)[C@@]23CN(CC2=NNC=C2)C(=O)C2=CC=C(Cl)C=C23)O1,7.68
ASAP-0031005,CC1=CC2=C(CCN(C(=O)CC3=CN=CC4=CC=CC=C34)C2)S1,5.38
ASAP-0031011,O=C(CC1=CN=CC2=CC=CC=C12)N1C[C@H]2CC[C@H]2[C@H]1C1=CC=CC=C1,4.75
ASAP-0031012,O=C(CC1=CN=CC2=CC=CC=C12)N1C[C@H]2CC[C@H]2[C@H]1C1=CC=CC=C1,5.44
ASAP-0031015,O=C(CC1=CN=CC2=CC=CC=C12)N1CCC[C@H]1C1=CC=CC(F)=C1F,4.26
ASAP-0031016,O=C(CC1=CN=CC2=CC=CC=C12)N1CCC[C@H]1C1=CC=CC(F)=C1F,5.61
ASAP-0031116,O=C(CC1=CC=CN=C1)N1CCC2=C(C=CS2)C1,4.47
ASAP-0031123,O=C(CC1=CN=CC2=CC=CC=C12)N1CC[C@H]2CC[C@H]1C2,4.67
ASAP-0031127,C[C@H]1CCN(C(=O)CC2=CN=CC3=CC=CC=C23)[C@H]2C(=O)NC[C@@H]12,5.49
ASAP-0031128,C[C@H]1CCN(C(=O)CC2=CN=CC3=CC=CC=C23)[C@H]2C(=O)NC[C@@H]12,5.21
ASAP-0031151,C[C@H]1CN(C(=O)CC2=CN=CC3=CC=CC=C23)CCC12COC2,4.03
ASAP-0031159,C[C@H]1C[C@H]2C[C@@H]1CN2C(=O)CC1=CN=CC2=CC=CC=C12,4.98
ASAP-0031186,C[C@H]1CCN(C(=O)CC2=CN=CC3=CC=CC=C23)C[C@@H]1O,4.6
ASAP-0031188,CCC1=CC=C([C@H]2C[C@H](C)CCN2C(=O)CC2=CN=CC3=CC=CC=C23)O1,5.93
ASAP-0031192,C[C@@H](O)C1CCN(C(=O)CC2=CN=CC3=CC=CC=C23)CC1,4.32
ASAP-0031195,N#CC1CCN(C(=O)CC2=CN=CC3=CC=CC=C23)CC1,4.74
ASAP-0031217,O=C(CC1=CN=CC2=CC=CC=C12)N1CC[C@H](OC(F)(F)F)C1,5.18
ASAP-0031218,O=C(CC1=CN=CC2=CC=CC=C12)N1CC[C@H](OC(F)(F)F)C1,5.99
ASAP-0031224,O=C(CC1=CN=CC2=CC=CC=C12)N1CC[C@H]2C[C@@H]1C2,4.39
ASAP-0031226,C[C@H]1C[C@H]2CC[C@@H](C1)N2C(=O)CC1=CN=CC2=CC=CC=C12,5.38
ASAP-0031229,O=C(CC1=CN=CC2=CC=CC=C12)N1C[C@H]2C[C@H]2C1,4.19
ASAP-0031239,O=C(CC1=CN=CC2=CC=CC=C12)N1CC[C@H]2COC[C@H]1C2,4.14
ASAP-0031240,O=C(CC1=CN=CC2=CC=CC=C12)N1CC[C@H]2CCC[C@H]1C2,4.97
ASAP-0031241,CC1(O)CCN(C(=O)CC2=CN=CC3=CC=CC=C23)CC1,4.62
ASAP-0031251,CO[C@@H]1CN(C(=O)CC2=CN=CC3=CC=CC=C23)CC[C@H]1C,5.07
ASAP-0031259,CC1(C)[C@H]2CN(C(=O)CC3=CN=CC4=CC=CC=C34)C[C@H]21,5.46
ASAP-0031260,O=C(CC1=CN=CC2=CC=CC=C12)N1C[C@H]2C[C@@H]1[C@@H]1C[C@H]21,4.44
ASAP-0031275,O=C(CC1=CN=CC2=CC=CC=C12)N1CCC(CF)CC1,5.63
ASAP-0031276,COCC1(C)CCN(C(=O)CC2=CN=CC3=CC=CC=C23)CC1,4.93
ASAP-0031279,O=C(CC1=CN=CC2=CC=CC=C12)N1CC[C@H]2C[C@H](O)C[C@H]2C1,4.16
ASAP-0031289,O=C(CC1=CN=CC2=CC=CC=C12)N1CCC2=C(C=CS2)[C@H]1C1CC1,6.49
ASAP-0031322,CC1=CC=C2CN(C(=O)CC3=CN=CC4=CC=CC=C34)CCC2=N1,4.44
ASAP-0031357,CC(C)[C@H]1C2=C(CCN1C(=O)CC1=CN=CC3=CC=CC=C13)SC=C2,6.86
ASAP-0031367,O=C(CC1=CN=CC2=CC=CC=C12)N1CC[C@H]2[C@H](F)[C@H]2C1,5.2
ASAP-0031398,O=C1C2=CC=C(Cl)C=C2[C@@]2(CN1CC1=NNC=C1)C(=O)N(C1=CN=CC3=CC=CC=C13)C[C@@H]2CNC1=NN=C(C(F)(F)F)S1,7.34
ASAP-0031418,O=C(CC1=CN=CC2=CC=CC=C12)N1CCC2=NC=C(C(F)(F)F)C=C2C1,4.4
ASAP-0031433,O=C(CC1=CN=CC2=CC=CC=C12)N1CCC2=NC(C(F)(F)F)=CC=C2C1,4.13
ASAP-0031444,O=C(CC1=CN=CC2=CC=CC=C12)N1CCC2=NC=CC=C2C1,4.26
ASAP-0031445,C[C@H]1CC2=C(C=CS2)CN1C(=O)CC1=CN=CC2=CC=CC=C12,6.48
ASAP-0031463,C[C@H]1C2=CC=CN=C2CCN1C(=O)CC1=CN=CC2=CC=CC=C12,4.34
ASAP-0031482,CC1=CN=C2CCN(C(=O)CC3=CN=CC4=CC=CC=C34)CC2=C1,5.03
ASAP-0031506,C[C@H]1CN(C(=O)CC2=CN=CC3=CC=CC=C23)CC2=C1SC=C2,5.7
ASAP-0031522,O=C(CC1=CN=CC2=CC=CC=C12)N1CCC2=C(C=CS2)[C@H]1C1=CC=CC=C1,6.88
ASAP-0031552,O=C(CC1=CN=CC2=CC=CC=C12)N1CCC(CC(F)(F)F)CC1,5.69
ASAP-0031557,CC(C)[C@H]1C2=C(CCN1C(=O)CC1=CN=CC3=CC=CC=C13)SC=C2,5.49
ASAP-0031592,COC[C@H]1C2=C(CCN1C(=O)CC1=CN=CC3=CC=CC=C13)SC=C2,6.3
ASAP-0031617,O=C(COS(=O)(=O)NCC1=CC=CC=C1)N1CCN(CC2=CC=CC(Cl)=C2)[C@H]2CS(=O)(=O)C[C@H]21,5.55
ASAP-0031647,C[C@H]1CC2=C(C=CS2)CN1C(=O)CC1=CN=CC2=CC=CC=C12,5.16
ASAP-0031648,C[C@H]1CC2=C(C=CS2)CN1C(=O)CC1=CN=CC2=CC=CC=C12,6.7
ASAP-0031702,C[C@H](C(=O)N1CCC2=C(C=CS2)C1)C1=CN=CC2=CC=CC=C12,4.09
ASAP-0031722,O=C(CC1=CN=CC2=CC=CC=C12)N1CCC2=NC=C(Cl)C=C2C1,4.48
ASAP-0031748,CC(C)(F)C1CCN(C(=O)CC2=CN=CC3=CC=CC=C23)CC1,6.02
ASAP-0031750,O=C(CC1=CN=CC2=CC=CC=C12)N1CCC[C@@H](C(F)(F)F)C1,4.74
ASAP-0031755,C[C@H]1CCN(C(=O)CC2=CN=CC3=CC=CC=C23)C[C@H]1C,5.26
ASAP-0031756,C[C@H]1CCN(C(=O)CC2=CN=CC3=CC=CC=C23)C[C@H]1C,4.9
ASAP-0031759,O=C(CC1=CN=CC2=CC=CC=C12)N1CCC[C@H](C(F)(F)F)CC1,6.33
ASAP-0031760,C[C@H]1CN(C(=O)CC2=CN=CC3=CC=CC=C23)CC2=C1SC=C2,5.34
ASAP-0031761,C[C@H]1CN(C(=O)CC2=CN=CC3=CC=CC=C23)CC2=C1SC=C2,5.92
ASAP-0031776,C#CC1(C)CCN(C(=O)CC2=CN=CC3=CC=CC=C23)CC1,5.33
ASAP-0031778,N#CC[C@@H]1CCCN(C(=O)CC2=CN=CC3=CC=CC=C23)C1,4.34
ASAP-0031785,O=C(CC1=CN=CC2=CC=CC=C12)N1CCC[C@H](CCO)C1,4.1
ASAP-0031790,CCC1(C)CCN(C(=O)CC2=CN=CC3=CC=CC=C23)CC1,6.13
ASAP-0031798,O=C(CN(CC1=CC=CC(Cl)=C1)C(=O)CC1=CN=CC2=CC=CC=C12)N1CCCC1,5.75
ASAP-0031815,CNC(=O)CN(CC1=CC=CC(Cl)=C1)C(=O)CC1=CN=CC2=CC=CC=C12,5.36
ASAP-0031832,C[C@H]1CCN(C(=O)CC2=CN=CC3=CC=CC=C23)C[C@@H]1C,4.97
ASAP-0031833,C[C@H]1CCN(C(=O)CC2=CN=CC3=CC=CC=C23)C[C@@H]1C,6.17
ASAP-0031834,CC[C@@H]1C[C@H](C)CCN1C(=O)CC1=CN=CC2=CC=CC=C12,5.64
ASAP-0031839,O=C(CC1=CN=CC2=CC=CC=C12)N1CCC[C@H](C(F)(F)F)C1,5.43
ASAP-0031855,NC(=O)[C@H]1CCCN(C(=O)CC2=CN=CC3=CC=CC=C23)C1,4.06
ASAP-0031865,CC1(C(F)(F)F)CCN(C(=O)CC2=CN=CC3=CC=CC=C23)CC1,6.11
ASAP-0031869,O=C(CC1=CN=CC2=CC=CC=C12)N1CCC2=C(C=CS2)[C@H]1C1CC1,5.32
ASAP-0031870,O=C(CC1=CN=CC2=CC=CC=C12)N1CCC2=C(C=CS2)[C@H]1C1CC1,6.73
ASAP-0031877,NC(=O)CN(CC1=CC=CC(Cl)=C1)C(=O)CC1=CN=CC2=CC=CC=C12,5.48
ASAP-0031878,CC(C)CC1CCN(C(=O)CC2=CN=CC3=CC=CC=C23)CC1,5.31
ASAP-0031881,O=C(CC1=CN=CC2=CC=CC=C12)N1CCC([C@H]2CCOC2)CC1,4.57
ASAP-0031882,O=C(CC1=CN=CC2=CC=CC=C12)N1CCC([C@H]2CCOC2)CC1,4.68
ASAP-0031887,O=C(CC1=CN=CC2=CC=CC=C12)N1CCCC2(CC2)C1,4.41
ASAP-0031916,CNS(=O)(=O)OCC(=O)N1CCN(CC2=CC=CC(Cl)=C2)[C@H]2CS(=O)(=O)C[C@H]21,6.38
ASAP-0031917,O=C(CC1=CN=CC2=CC=CC=C12)N1CC[C@@H]2CCCC[C@H]2C1,6.09
ASAP-0031920,C[C@H]1CCCN(C(=O)CC2=CN=CC3=CC=CC=C23)[C@H]1C,5.06
ASAP-0000175,C=CC(=O)NC1=CC=CC(N(CC2=CC=CC(Cl)=C2)C(=O)CC2=CN=CC3=CC=CC=C23)=C1,5.57
ASAP-0000528,CNC(=O)CN1C[C@]2(CCN(C3=CN=CC4=CC=C(OC[C@H](O)CN(C)C)C=C34)C2=O)C2=CC(Cl)=CC=C2C1=O,7.44
ASAP-0000541,CNC(=O)CN1C[C@@]2(C(=O)N(C3=CN=CC4=CC=CC=C34)C[C@@H]2C)C2=CC=CC=C2C1=O,6.48
ASAP-0000733,CNC(=O)CN1C[C@@]2(C(=O)N(C3=CN=CC4=CC=CC=C34)C[C@@H]2C)C2=CC(Cl)=CC=C2C1=O,7.87
ASAP-0000738,CNC(=O)CN1C[C@]2(C(=O)N(C3=CN=CC4=CC=CC=C34)C[C@H]2CC2CC2)C2=CC(Cl)=CC=C2C1=O,7.6
ASAP-0000774,C[C@H]1CN(C2=CN=CC3=CC=CC=C23)C(=O)[C@@]12CN(CC(=O)NCC1=CC=NN1C)C(=O)C1=CC=C(Cl)C=C12,7.42
ASAP-0000775,C[C@H]1CN(C2=CN=CC3=CC=CC=C23)C(=O)[C@@]12CN(CC(=O)NCC1=NN(C)C=C1)C(=O)C1=CC=C(Cl)C=C12,6.91
ASAP-0010712,CO[C@@H](C)CN1C[C@H](C(=O)NC2=CN=CC3=CC=CC=C23)C2=CC(Cl)=CC=C2C1=O,7.18
ASAP-0010740,CN[C@H](C)CN1C[C@H](C(=O)NC2=CN=CC3=CC=CC=C23)C2=CC(Cl)=CC=C2C1=O,6.88
ASAP-0011036,CN1C(=O)C2=CC=C(Cl)C=C2[C@]12CCCN(C1=CN=CC3=CC=CC=C13)C2=O,5.57
ASAP-0011052,CCNC(=O)CN1C[C@@]2(C(=O)N(C3=CN=CC4=CC=CC=C34)C[C@@H]2C)C2=CC(Cl)=CC=C2C1=O,7.73
ASAP-0011059,C[C@H]1CN(C2=CN=CC3=CC=CC=C23)C(=O)[C@@]12CN(CC(=O)NCC1CC1)C(=O)C1=CC=C(F)C=C12,7.3
ASAP-0011125,C[C@H]1CN(C2=CN=CC3=CC=CC=C23)C(=O)[C@@]12CN(CC(=O)NCC1(F)CC1)C(=O)C1=CC=C(F)C=C12,6.89
ASAP-0011185,C[C@H]1CN(C2=CN=CC3=CC=CC=C23)C(=O)[C@@]12CN(CC(=O)NC1CCC1)C(=O)C1=CC=C(Cl)C=C12,7.09
ASAP-0011343,CCNC(=O)CN1C[C@@]2(C(=O)N(C3=CN=CC4=CC=CC=C34)C[C@@H]2C)C2=CC(F)=CC=C2C1=O,7.48
ASAP-0011358,CNC(=O)CN1C[C@@]2(C(=O)N(C3=CN=CC4=CC=CC=C34)C[C@@H]2CN2C=CN=N2)C2=CC(F)=CC=C2C1=O,6.27
ASAP-0011359,CNC(=O)C1(N2C[C@@]3(C(=O)N(C4=CN=CC5=CC=CC=C45)C[C@@H]3C)C3=CC(F)=CC=C3C2=O)CC1,7.57
ASAP-0011408,CC1CCC2(CC1)CCN(C(=O)CC1=CN=CC3=CC=CC=C13)C2,6.16
ASAP-0011414,CNC(=O)CN1C[C@@]2(C(=O)N(C3=CN=CC4=CC=CC=C34)C[C@@H]2CS(C)(=O)=O)C2=CC(F)=CC=C2C1=O,5.84
ASAP-0011430,CNC(=O)CN1C[C@@]2(C(=O)N(C3=CN=CC4=CC=CC=C34)C[C@@H]2CC#N)C2=CC(Cl)=CC=C2C1=O,7.41
ASAP-0011445,C[C@H]1CN(C2=CN=CC3=CC=CC=C23)C(=O)[C@@]12CN(CCN1CCOCC1)C(=O)C1=CC=C(F)C=C12,7.54
ASAP-0011485,C[C@H]1CN(C2=CN=CC3=CC=CC=C23)C(=O)[C@@]12CN(CC1=CNN=C1)C(=O)C1=CC=C(F)C=C12,7.29
ASAP-0011513,C[C@H]1CN(C2=CN=CC3=CC=CC=C23)C(=O)[C@@]12CN(CCN1CCOCC1)C(=O)C1=CC=C(Cl)C=C12,7.6
ASAP-0011528,CNC(=O)[C@@H](C)N1C[C@@]2(C(=O)N(C3=CN=CC4=CC=CC=C34)C[C@@H]2C)C2=CC(F)=CC=C2C1=O,7.62
ASAP-0012331,CO[C@@H](C)CN1C[C@@]2(C(=O)N(C3=CN=CC4=CC=CC=C34)C[C@@H]2C)C2=CC(Cl)=CC=C2C1=O,7.11
ASAP-0012333,CNC(=O)[C@@H](C)N1C[C@@]2(C(=O)N(C3=CN=CC4=CC=CC=C34)C[C@@H]2C)C2=CC(Cl)=CC=C2C1=O,7.23
ASAP-0012337,CNCCN1C[C@@]2(C(=O)N(C3=CN=CC4=CC=CC=C34)C[C@@H]2C)C2=CC(Cl)=CC=C2C1=O,7.43
ASAP-0012339,CO[C@@H](C)CN1C[C@@]2(C(=O)N(C3=CN=CC4=CC=CC=C34)C[C@@H]2C)C2=CC(F)=CC=C2C1=O,6.97
ASAP-0013249,C=CC(=O)N1CCCC2=C1C=CC=C2N(CC1=CC=CC(Cl)=C1)C(=O)CC1=CN=CC2=CC=CC=C12,6.32
ASAP-0013265,CNC(=O)CN1C[C@@]2(C(=O)N(C3=CN=CC4=CC=CC=C34)C[C@@H]2CNC2=CC=CC=C2)C2=CC(Cl)=CC=C2C1=O,8.46
ASAP-0013266,CNC(=O)CN1C[C@@]2(C(=O)N(C3=CN=CC4=CC=CC=C34)C[C@@H]2CNC2=CN(C)N=C2)C2=CC(Cl)=CC=C2C1=O,8.0
ASAP-0013268,CNC(=O)CN1C[C@@]2(C(=O)N(C3=CN=CC4=CC=CC=C34)C[C@@H]2CC2=NNN=N2)C2=CC(Cl)=CC=C2C1=O,6.33
ASAP-0013272,C[C@H]1CN(C2=CN=CC3=CC=CC=C23)C(=O)[C@@]12CN(CC1=CNC=N1)C(=O)C1=CC=C(F)C=C12,7.57
ASAP-0013273,C[C@H]1CN(C2=CN=CC3=CC=CC=C23)C(=O)[C@@]12CN(CC1=CC=NN1)C(=O)C1=CC=C(F)C=C12,7.87
ASAP-0013274,C[C@H]1CN(C2=CN=CC3=CC=CC=C23)C(=O)[C@@]12CN(CC1=NC=CN1)C(=O)C1=CC=C(F)C=C12,7.75
ASAP-0013300,CNC(=O)CN1C[C@@]2(C(=O)N(C3=CN=CC4=CC=CC=C34)C[C@@H]2CNC2=CC=NC=N2)C2=CC(Cl)=CC=C2C1=O,7.65
ASAP-0013301,CNC(=O)CN1C[C@@]2(C(=O)N(C3=CN=CC4=CC=CC=C34)C[C@@H]2CNC2=CN=CC=N2)C2=CC(Cl)=CC=C2C1=O,7.09
ASAP-0013302,CNC(=O)CN1C[C@@]2(C(=O)N(C3=CN=CC4=CC=CC=C34)C[C@@H]2CS(=O)(=O)N(C)C)C2=CC(Cl)=CC=C2C1=O,7.43
ASAP-0013303,CNC(=O)CN1C[C@@]2(C(=O)N(C3=CN=CC4=CC=CC=C34)C[C@@H]2CS(=O)(=O)NC)C2=CC(F)=CC=C2C1=O,6.6
ASAP-0013304,C[C@H]1CN(C2=CN=CC3=CC=CC=C23)C(=O)[C@@]12CN(CC1=CC(O)=NC=N1)C(=O)C1=CC=C(F)C=C12,6.47
ASAP-0013305,C[C@H]1CN(C2=CN=CC3=CC=CC=C23)C(=O)[C@@]12CN(CC1=NNC=N1)C(=O)C1=CC=C(F)C=C12,6.68
ASAP-0013306,CN1C=CC(CN2C[C@]3(CCN(C4=CN=CC5=CC=CC=C45)C3=O)C3=CC(Cl)=CC=C3C2=O)=N1,4.33
ASAP-0013307,CN1C=CC(CN2C[C@]3(CCN(C4=CN=CC5=CC=CC=C45)C3=O)C3=CC(Cl)=CC=C3C2=O)=N1,7.4
ASAP-0013308,CN1C=NC(CN2C[C@]3(CCN(C4=CN=CC5=CC=CC=C45)C3=O)C3=CC(Cl)=CC=C3C2=O)=N1,4.51
ASAP-0013309,CN1C=NC(CN2C[C@]3(CCN(C4=CN=CC5=CC=CC=C45)C3=O)C3=CC(Cl)=CC=C3C2=O)=N1,5.99
ASAP-0013310,CN1N=NC(CN2C[C@]3(CCN(C4=CN=CC5=CC=CC=C45)C3=O)C3=CC(Cl)=CC=C3C2=O)=N1,6.33
ASAP-0013311,CN1N=NC(CN2C[C@]3(CCN(C4=CN=CC5=CC=CC=C45)C3=O)C3=CC(Cl)=CC=C3C2=O)=N1,4.25
ASAP-0013312,CN1N=NN=C1CN1C[C@]2(CCN(C3=CN=CC4=CC=CC=C34)C2=O)C2=CC(Cl)=CC=C2C1=O,4.12
ASAP-0013313,CN1N=NN=C1CN1C[C@]2(CCN(C3=CN=CC4=CC=CC=C34)C2=O)C2=CC(Cl)=CC=C2C1=O,6.3
ASAP-0013398,CCN1N=CC=C1CN1C[C@@]2(C(=O)N(C3=CN=CC4=CC=CC=C34)C[C@@H]2C)C2=CC(F)=CC=C2C1=O,7.28
ASAP-0013405,CNC(=O)CN1C[C@@]2(C(=O)N(C3=CN=CC4=CC=CC=C34)C[C@@H]2CN2C=CC=N2)C2=CC(Cl)=CC=C2C1=O,6.74
ASAP-0013407,CNCCN1C[C@@]2(C(=O)N(C3=CN=CC4=CC=CC=C34)C[C@@H]2C)C2=CC(F)=CC=C2C1=O,6.9
ASAP-0013412,C[C@H]1CN(C2=CN=CC3=CC=CC=C23)C(=O)[C@@]12CN(CC1=CNN=N1)C(=O)C1=CC=C(F)C=C12,7.31
ASAP-0013413,C[C@H]1CN(C2=CN=CC3=CC=CC=C23)C(=O)[C@@]12CN(CC1=CC=NN1C)C(=O)C1=CC=C(F)C=C12,7.08
ASAP-0013414,C[C@H]1CN(C2=CN=CC3=CC=CC=C23)C(=O)[C@@]12CN(CC1=COC=N1)C(=O)C1=CC=C(F)C=C12,7.46
ASAP-0013423,CC1=CN=C(CN2C[C@@]3(C(=O)N(C4=CN=CC5=CC=CC=C45)C[C@@H]3C)C3=CC(F)=CC=C3C2=O)C=N1,7.15
ASAP-0013716,CNC(=O)CN1C[C@@]2(C(=O)N(C3=CN=CC4=CC=CC=C34)C[C@@H]2CNC2=CN=C(C)S2)C2=CC(Cl)=CC=C2C1=O,8.45
ASAP-0013717,CNC(=O)CN1C[C@@]2(C(=O)N(C3=CN=CC4=CC=CC=C34)C[C@@H]2CS(=O)(=O)NC)C2=CC(Cl)=CC=C2C1=O,6.66
ASAP-0013718,CNC(=O)CN1C[C@@]2(C(=O)N(C3=CN=CC4=CC=CC=C34)C[C@@H]2CN2N=CN=N2)C2=CC(Cl)=CC=C2C1=O,6.03
ASAP-0013719,C[C@H]1CN(C2=CN=CC3=CC=CC=C23)C(=O)[C@@]12CN(CC#N)C(=O)C1=CC=C(F)C=C12,6.17
ASAP-0013720,C[C@H]1CN(C2=CN=CC3=CC=CC=C23)C(=O)[C@@]12CN(CC1=NC=CN1C)C(=O)C1=CC=C(F)C=C12,6.44
ASAP-0013721,C[C@H]1CN(C2=CN=CC3=CC=CC=C23)C(=O)[C@@]12CN(CC1=NN=NN1C)C(=O)C1=CC=C(F)C=C12,6.41
ASAP-0013722,CC1=NOC(CN2C[C@@]3(C(=O)N(C4=CN=CC5=CC=CC=C45)C[C@@H]3C)C3=CC(F)=CC=C3C2=O)=C1,7.91
ASAP-0013814,CNC(=O)CN1C[C@@]2(C(=O)N(C3=CN=CC4=CC=CC=C34)C[C@@H]2CNC2=C(C)N=CS2)C2=CC(Cl)=CC=C2C1=O,8.38
ASAP-0013892,CNC(=O)CN1C[C@@]2(C(=O)N(C3=CN=CC4=CC=CC=C34)C[C@@H]2CNC2=CN=CS2)C2=CC(Cl)=CC=C2C1=O,8.73
ASAP-0013898,C[C@H]1CN(C2=CN=CC3=CC=CC=C23)C(=O)[C@@]12CN(CCN1CCN(S(C)(=O)=O)CC1)C(=O)C1=CC=C(Cl)C=C12,7.66
ASAP-0013925,O=C1C2=CC=C(Cl)C=C2[C@@]2(CN1CCN1CCOCC1)C(=O)N(C1=CN=CC3=CC=CC=C13)C[C@@H]2CNC1=NC=CC=N1,7.51
ASAP-0014544,CNC(=O)CN1C[C@@]2(C(=O)N(C3=CN=CC4=CC=CC=C34)C[C@@H]2CNC2=CC=C(Cl)N=N2)C2=CC(Cl)=CC=C2C1=O,7.45
ASAP-0014613,C[C@H]1CN(C2=CN=CC3=CC=CC=C23)C(=O)[C@@]12CN(CC1=CC=NN=C1)C(=O)C1=CC=C(F)C=C12,7.97
ASAP-0014619,CC1=NC=C(CN2C[C@@]3(C(=O)N(C4=CN=CC5=CC=CC=C45)C[C@@H]3C)C3=CC(F)=CC=C3C2=O)O1,7.09
ASAP-0014632,C[C@H]1CN(C2=CN=CC3=CC=CC=C23)C(=O)[C@@]12CN(CCN1CCCC1=O)C(=O)C1=CC=C(Cl)C=C12,7.01
ASAP-0014717,C[C@H]1CN(C2=CN=CC3=CC=CC=C23)C(=O)[C@@]12CN(CCN1CCS(=O)(=O)CC1)C(=O)C1=CC=C(Cl)C=C12,7.72
ASAP-0014745,C[C@H]1CN(C2=CN=CC3=CC=CC=C23)C(=O)[C@@]12CN(CC1=NC=CO1)C(=O)C1=CC=C(F)C=C12,6.92
ASAP-0014750,CC1=NC(CN2C[C@@]3(C(=O)N(C4=CN=CC5=CC=CC=C45)C[C@@H]3C)C3=CC(F)=CC=C3C2=O)=CO1,8.04
ASAP-0014753,C[C@H]1CN(C2=CN=CC3=CC=CC=C23)C(=O)[C@@]12CN(CC1=NN(C)N=C1)C(=O)C1=CC=C(F)C=C12,7.46
ASAP-0014758,C[C@H]1CN(C2=CN=CC3=CC=CC=C23)C(=O)[C@@]12CN(CC1=NN(C)N=N1)C(=O)C1=CC=C(F)C=C12,6.65
ASAP-0014762,CC1=NC(CN2C[C@@]3(C(=O)N(C4=CN=CC5=CC=CC=C45)C[C@@H]3C)C3=CC(F)=CC=C3C2=O)=NO1,6.68
ASAP-0014764,C[C@H]1CN(C2=CN=CC3=CC=CC=C23)C(=O)[C@@]12CN(CC1=NOC=C1)C(=O)C1=CC=C(F)C=C12,7.86
ASAP-0014769,C[C@H]1CN(C2=CN=CC3=CC=CC=C23)C(=O)[C@@]12CN(CC1=NN(C)C=N1)C(=O)C1=CC=C(F)C=C12,6.32
ASAP-0014770,C[C@H]1CN(C2=CN=CC3=CC=CC=C23)C(=O)[C@@]12CN(CC1=NN(C)C=C1)C(=O)C1=CC=C(F)C=C12,7.82
ASAP-0014773,C[C@H]1CN(C2=CN=CC3=CC=CC=C23)C(=O)[C@@]12CN(CC1=CN(C)N=C1)C(=O)C1=CC=C(F)C=C12,8.06
ASAP-0014789,COC[C@H]1CN(C2=CN=CC3=CC=CC=C23)C(=O)[C@@]12CN(CC1=CC=NN1)C(=O)C1=CC=C(Cl)C=C12,7.44
ASAP-0014794,C[C@H]1CN(C2=CN=CC3=CC=CC=C23)C(=O)[C@@]12CN(CC1=CC=NC=N1)C(=O)C1=CC=C(F)C=C12,8.02
ASAP-0014936,COC[C@H]1CN(C2=CN=CC3=CC=CC=C23)C(=O)[C@@]12CN(CC1=CNC=N1)C(=O)C1=CC=C(Cl)C=C12,7.17
ASAP-0014948,COC[C@H]1CN(C2=CN=CC3=CC=CC=C23)C(=O)[C@@]12CN(CC1=NC=CN1)C(=O)C1=CC=C(Cl)C=C12,7.32
ASAP-0015078,CNC(=O)CN1C[C@@]2(C(=O)N(C3=CN=CC4=CC=CC=C34)C[C@@H]2CCl)C2=CC(Cl)=CC=C2C1=O,8.14
ASAP-0015092,C[C@H]1CN(C2=CN=CC3=CC=CC=C23)C(=O)[C@@]12CN(CCN1CCC3(COC3)C1)C(=O)C1=CC=C(Cl)C=C12,7.57
ASAP-0015108,CNC(=O)CN1C[C@@]2(C(=O)N(C3=CN=CC4=CC=CC=C34)C[C@@H]2CNC2=NC=NC=N2)C2=CC(Cl)=CC=C2C1=O,7.96
ASAP-0015239,CNC(=O)CN1C[C@@]2(C(=O)N(C3=CN=CC4=CC=CC=C34)C[C@@H]2CNC2=NN=CS2)C2=CC(Cl)=CC=C2C1=O,8.16
ASAP-0015376,C[C@@H]1COC[C@@H](C)N1CCN1C[C@@]2(C(=O)N(C3=CN=CC4=CC=CC=C34)C[C@@H]2C)C2=CC(Cl)=CC=C2C1=O,7.85
ASAP-0015508,C[C@H]1CN(C2=CN=CC3=CC=CC=C23)C(=O)[C@@]12CN(CCN1CCOC(C)(C)C1)C(=O)C1=CC=C(Cl)C=C12,7.43
ASAP-0015512,C[C@H]1COC[C@@H](C)N1CCN1C[C@@]2(C(=O)N(C3=CN=CC4=CC=CC=C34)C[C@@H]2C)C2=CC(Cl)=CC=C2C1=O,7.28
ASAP-0015514,C[C@H]1CN(CCN2C[C@@]3(C(=O)N(C4=CN=CC5=CC=CC=C45)C[C@@H]3C)C3=CC(Cl)=CC=C3C2=O)CCO1,7.57
ASAP-0015648,CNC(=O)CN1C[C@@]2(C(=O)N(C3=CN=CC4=CC=CC=C34)C[C@@H]2COC2CCC2)C2=CC(Cl)=CC=C2C1=O,8.18
ASAP-0015656,C[C@@H]1CN(CCN2C[C@@]3(C(=O)N(C4=CN=CC5=CC=CC=C45)C[C@@H]3C)C3=CC(Cl)=CC=C3C2=O)[C@H](C)CO1,7.85
ASAP-0015657,C[C@H]1CN(CCN2C[C@@]3(C(=O)N(C4=CN=CC5=CC=CC=C45)C[C@@H]3C)C3=CC(Cl)=CC=C3C2=O)[C@@H](C)CO1,7.87
ASAP-0015660,C[C@H]1CN(C2=CN=CC3=CC=CC=C23)C(=O)[C@@]12CN(CCN1CC(F)(F)C1)C(=O)C1=CC=C(Cl)C=C12,7.95
ASAP-0015663,C[C@H]1CN(CCN2C[C@@]3(C(=O)N(C4=CN=CC5=CC=CC=C45)C[C@@H]3C)C3=CC(Cl)=CC=C3C2=O)C[C@H](C)O1,7.61
ASAP-0015666,C[C@H]1CN(C2=CN=CC3=CC=CC=C23)C(=O)[C@@]12CN(CCN1C[C@H]3CC[C@H](C1)O3)C(=O)C1=CC=C(Cl)C=C12,7.66
ASAP-0015669,C[C@H]1CN(C2=CN=CC3=CC=CC=C23)C(=O)[C@@]12CN(CCN1C[C@@H]3COC[C@@H]3C1)C(=O)C1=CC=C(Cl)C=C12,7.79
ASAP-0015672,C[C@H]1CN(C2=CN=CC3=CC=CC=C23)C(=O)[C@@]12CN(CCN1C[C@H]3C[C@@H]1CO3)C(=O)C1=CC=C(Cl)C=C12,7.89
ASAP-0015677,C[C@@H]1CN(CCN2C[C@@]3(C(=O)N(C4=CN=CC5=CC=CC=C45)C[C@@H]3C)C3=CC(Cl)=CC=C3C2=O)CCO1,7.64
ASAP-0015679,C[C@@H]1CN(CCN2C[C@@]3(C(=O)N(C4=CN=CC5=CC=CC=C45)C[C@@H]3C)C3=CC(Cl)=CC=C3C2=O)C[C@@H](C)O1,7.52
ASAP-0015773,CNCCN1C[C@@]2(C(=O)N(C3=CN=CC4=CC=CC=C34)C[C@@H]2COCC2CC2)C2=CC(Cl)=CC=C2C1=O,7.94
ASAP-0015777,CNCCN1C[C@@]2(C(=O)N(C3=CN=CC4=CC=CC=C34)C[C@@H]2CS(=O)(=O)N(C)C)C2=CC(Cl)=CC=C2C1=O,7.12
ASAP-0015900,C[C@H]1CN(C2=CN=CC3=CC=CC=C23)C(=O)[C@@]12CN(C1CCNCC1)C(=O)C1=CC=C(Cl)C=C12,7.62
ASAP-0015904,O=C1C2=CC=C(Cl)C=C2[C@@]2(CN1CC1COC1)C(=O)N(C1=CN=CC3=CC=CC=C13)C[C@@H]2CNC1=CC=NC=N1,7.59
ASAP-0015906,CC1=NN=C(CN2C[C@@]3(C(=O)N(C4=CN=CC5=CC=CC=C45)C[C@@H]3CNC3=CC=NC=N3)C3=CC(Cl)=CC=C3C2=O)O1,7.54
ASAP-0016094,C=CC(=O)N1CCCC2=CC=C(N(CC3=CC=CC(Cl)=C3)C(=O)CC3=CN=CC4=CC=CC=C34)C=C21,7.74
ASAP-0016508,CNC(=O)CN1C[C@@]2(C(=O)N(C3=CN=CC4=CC=CC=C34)C[C@@H]2N)C2=CC(Cl)=CC=C2C1=O,7.29
ASAP-0016539,O=C1C2=CC=C(Cl)C=C2[C@@]2(CN1CC1=CC=NN=C1)C(=O)N(C1=CN=CC3=CC=CC=C13)C[C@@H]2CNC1=CC=NC=N1,8.02
ASAP-0016541,CNC(=O)CN1C[C@@]2(C(=O)N(C3=CN=CC4=CC=CC=C34)C[C@@H]2COCC2CC2)C2=CC(Cl)=CC=C2C1=O,7.88
ASAP-0016542,C[C@H]1CN(C2=CN=CC3=CC=CC=C23)C(=O)[C@@]12CN(CCN1CCC1)C(=O)C1=CC=C(Cl)C=C12,7.4
ASAP-0016543,CNC(=O)CN1C[C@@]2(C(=O)N(C3=CN=CC4=CC=CC=C34)C[C@@H]2NC(C)C)C2=CC(Cl)=CC=C2C1=O,6.71
ASAP-0016591,C[C@H]1CN(CCN2C[C@@]3(C(=O)N(C4=CN=CC5=CC=CC=C45)C[C@@H]3C)C3=CC(Cl)=CC=C3C2=O)C[C@@H](C)O1,7.57
ASAP-0016592,CNC(=O)CN1C[C@@]2(C(=O)N(C3=CN=CC4=CC=CC=C34)C[C@@H]2NC)C2=CC(Cl)=CC=C2C1=O,8.07
ASAP-0016838,CNC(=O)CN1C[C@@]2(C(=O)N(C3=CN=CC4=CC=CC=C34)C[C@@H]2NS(C)(=O)=O)C2=CC(Cl)=CC=C2C1=O,6.26
ASAP-0016902,CNC(=O)CN1C[C@@]2(C(=O)N(C3=CN=CC4=CC=CC=C34)C[C@@H]2NCC2CC2)C2=CC(Cl)=CC=C2C1=O,8.65
ASAP-0016973,COC(=O)N[C@H](C(=O)N1C[C@H](C(F)(F)F)C[C@H]1C(=O)N[C@H](C#N)C[C@@H]1CCNC1=O)C(C)(C)C,4.35
ASAP-0016974,COC(=O)N[C@H](C(=O)N1C[C@H](C(F)(F)F)C[C@H]1C(=O)N[C@H](C#N)C[C@@H]1CCNC1=O)C(C)(C)C,8.68
ASAP-0017058,O=C1C2=CC=C(Cl)C=C2[C@@]2(CN1CC1=NN=CO1)C(=O)N(C1=CN=CC3=CC=CC=C13)C[C@@H]2CNC1=NC=NC=N1,7.3
ASAP-0017386,CCO[C@H]1CN(C2=CN=CC3=CC=CC=C23)C(=O)[C@@]12CN(CC(=O)NC)C(=O)C1=CC=C(Cl)C=C12,7.37
ASAP-0017647,O=C1C2=CC=C(Cl)C=C2[C@@]2(CN1CC1=CC=NN=C1)C(=O)N(C1=CN=CC3=CC=CC=C13)C[C@@H]2CNC1=NN=CS1,8.62
ASAP-0017685,CNC(=O)CN1C[C@]2(C(=O)N(C3=CN=CC4=CC=CC=C34)C[C@H]2OCC2CC2)C2=CC(Cl)=CC=C2C1=O,8.28
ASAP-0017714,COC(=O)N[C@H](C(=O)N1C[C@H](C(F)(F)F)C[C@H]1C(=O)N[C@H](C#N)C[C@@H]1CCNC1=O)C(C)(C)C,8.64
ASAP-0020941,CNC(=O)CN1C[C@@]2(C(=O)N(C3=CN=CC4=CC=CC=C34)C[C@@H]2NC(C)=O)C2=CC(Cl)=CC=C2C1=O,5.88
ASAP-0021174,CCS(=O)(=O)N[C@H]1CN(C2=CN=CC3=CC=CC=C23)C(=O)[C@@]12CN(CC(=O)NC)C(=O)C1=CC=C(Cl)C=C12,6.87
ASAP-0022922,CC1=NN=C(SC2=CC(C3=CC=CC=C3)=NC3=NC=NN23)N1C,5.2
ASAP-0027780,O=C1C2=CC=C(Cl)C=C2[C@@]2(CN1CC1CNC1)C(=O)N(C1=CN=CC3=CC=CC=C13)C[C@@H]2CNC1=NC=CS1,8.09
ASAP-0027924,COC1=CC=C(N(CC2=CC=CC(Cl)=C2)C(=O)CC2=CC=CN=C2)C=C1,4.99
ASAP-0027949,C[C@H]1CCCCCN1C(=O)CC1=CN=CC2=CC=CC=C12,4.9
ASAP-0027969,C[C@H]1CCCCN(C(=O)CC2=CN=CC3=CC=CC=C23)C1,4.87
ASAP-0027975,O=C(CC1=CN=CC2=CC=CC=C12)N1CCC2=C(C1)N=CN2,4.83
ASAP-0027976,O=C(CC1=CN=CC2=CC=CC=C12)N1CCC2=C(C=CS2)C1,6.27
ASAP-0027994,C[C@H]1CCCN(C(=O)CC2=CN=CC3=CC=CC=C23)CC1,5.7
ASAP-0027997,O=C(CC1=CN=CC2=CC=CC=C12)N1CCCCCC1,4.74
ASAP-0028001,COC1=CC=C(N(CC2=CC=CC(Cl)=C2)C(=O)CC2=CN=CC(C)=C2)C=C1,5.78
ASAP-0028002,O=C(CC1=CN=CC2=CC=CC=C12)N(CC1=CC=CC(Cl)=C1)C1=CC=C2C=CNC2=C1,6.23
ASAP-0028004,C[C@H]1CCCN(C(=O)CC2=CN=CC3=CC=CC=C23)C1,4.63
ASAP-0028012,C[C@H]1CCCCN1C(=O)CC1=CN=CC2=CC=CC=C12,4.37
ASAP-0028804,C[C@H]1CN(C(=O)CC2=CN=CC3=CC=CC=C23)CCO1,4.09
ASAP-0028815,O=C(CC1=CN=CC2=CC=CC=C12)N1CCN2N=CC=C2C1,4.16
ASAP-0028818,CC1=NC2=CC=C(N(CC3=CC=CC(Cl)=C3)C(=O)CC3=CN=CC4=CC=CC=C34)C=C2N1,6.47
ASAP-0028819,C[C@H]1C2=C(CCN1C(=O)CC1=CN=CC3=CC=CC=C13)SC=C2,5.12
ASAP-0028820,C[C@H]1C2=C(CCN1C(=O)CC1=CN=CC3=CC=CC=C13)SC=C2,6.51
ASAP-0028823,O=C(CC1=CN=CC2=CC=CC=C12)N1CCC2=C(Cl)C=CC=C2C1,6.39
ASAP-0028829,C[C@H]1CCN(C(=O)CC2=CN=CC3=CC=CC=C23)C1,4.44
ASAP-0028832,COC1=CC=C(N(CC2=CC=CC(Cl)=C2)C(=O)CC2=CN=CC=C2C)C=C1,5.44
ASAP-0028833,O=C(CC1=CN=CC2=CC=CC=C12)N1CCCN2N=CC=C2C1,4.11
ASAP-0028837,CC[C@H]1C2=C(CCN1C(=O)CC1=CN=CC3=CC=CC=C13)SC=C2,6.87
ASAP-0028838,CC[C@H]1C2=C(CCN1C(=O)CC1=CN=CC3=CC=CC=C13)SC=C2,5.18
ASAP-0028844,CC1=NC2=C(CCN(C(=O)CC3=CN=CC4=CC=CC=C34)C2)N1C,4.4
ASAP-0028855,CN1C=NC2=C1CCN(C(=O)CC1=CN=CC3=CC=CC=C13)C2,5.01
ASAP-0028856,CC1CCN(C(=O)CC2=CN=CC3=CC=CC=C23)CC1,5.73
ASAP-0028867,O=C(CC1=CN=CC2=CC=CC=C12)N1CCCCC1,4.22
ASAP-0028872,C[C@H]1CCN(C(=O)CC2=CN=CC3=CC=CC=C23)CCO1,4.35
ASAP-0028999,O=C(CC1=CN=CC2=CC=CC=C12)N(CC1=CC=CC(Cl)=C1)C1=CC=C2N=CNC2=C1,6.21
ASAP-0029287,CC(C)CC1(C)CCN(C(=O)CC2=CN=CC3=CC=CC=C23)CC1,6.47
ASAP-0029423,CC(F)(F)C1CCN(C(=O)CC2=CN=CC3=CC=CC=C23)CC1,6.23
ASAP-0029539,O=C(CC1=CN=CC2=CC=CC=C12)N1CCC(C(F)F)CC1,5.92
ASAP-0029560,CC1=NC=CC(CN2C[C@@]3(C(=O)N(C4=CN=CC5=CC=CC=C45)C[C@@H]3CNC3=NN=CS3)C3=CC(Cl)=CC=C3C2=O)=N1,8.6
ASAP-0029604,CC(C)C1CCN(C(=O)CC2=CN=CC3=CC=CC=C23)CC1,6.33
ASAP-0029634,C[C@H]1C[C@@H](C)N(C(=O)CC2=CN=CC3=CC=CC=C23)[C@@H](C)C1,5.87
ASAP-0029643,CC1=NC=CC(CN2C[C@@]3(C(=O)N(C4=CN=CC5=CC=CC=C45)C[C@@H]3CNC3=NN=C(C)O3)C3=CC(Cl)=CC=C3C2=O)=N1,7.75
ASAP-0029657,CCC1CCN(C(=O)CC2=CN=CC3=CC=CC=C23)CC1,6.04
ASAP-0029694,CC1=NC=CC(CN2C[C@@]3(C(=O)N(C4=CN=CC5=CC=CC=C45)C[C@@H]3CNC3=NN=CO3)C3=CC(Cl)=CC=C3C2=O)=N1,8.64
ASAP-0029707,CC1(C)CCN(C(=O)CC2=CN=CC3=CC=CC=C23)CC1,5.66
ASAP-0029738,C[C@@H]1CCN(C(=O)CC2=CN=CC3=CC=CC=C23)[C@H](C)C1,5.68
ASAP-0029741,CC1=NC=CC(CN2C[C@@]3(C(=O)N(C4=CN=CC5=CC=CC=C45)C[C@@H]3CNC3=NN=C(C(F)(F)F)O3)C3=CC(Cl)=CC=C3C2=O)=N1,7.89
ASAP-0029947,O=C(CC1=CN=CC2=CC=CC=C12)N1CCC(C(F)(F)F)CC1,6.55
ASAP-0029984,O=C1C2=CC=C(Cl)C=C2[C@@]2(CN1CC1=NNC=C1)C(=O)N(C1=CN=CC3=CC=CC=C13)C[C@@H]2CNC1=NN=CS1,8.24
ASAP-0029987,O=C1C2=CC=C(Cl)C=C2[C@@]2(CN1CC1=NNC=C1)C(=O)N(C1=CN=CC3=CC=CC=C13)C[C@@H]2CNC1=NN=C(C(F)(F)F)O1,7.67
ASAP-0030055,COCC1CCN(C(=O)CC2=CN=CC3=CC=CC=C23)CC1,4.89
ASAP-0031146,CC(C)C1(F)CCN(C(=O)CC2=CN=CC3=CC=CC=C23)CC1,6.21
ASAP-0031187,CCC1=CC=C([C@H]2C[C@H](C)CCN2C(=O)CC2=CN=CC3=CC=CC=C23)O1,6.57
ASAP-0031213,CC1=CN=CC(CC(=O)N2CCC3=C(C=CS3)C2)=C1,5.3
ASAP-0031242,O=C(CC1=CN=CC2=CC=CC=C12)N1CCC2=C(C1)N=CS2,5.92
ASAP-0031372,CC(C)C1(C)CCN(C(=O)CC2=CN=CC3=CC=CC=C23)CC1,6.13
ASAP-0031411,O=C(CC1=CN=CC2=CC=CC=C12)N1CCC2=C(C=CS2)C12CCC2,7.14
ASAP-0031442,CC1(CC(F)(F)F)CCN(C(=O)CC2=CN=CC3=CC=CC=C23)CC1,5.81
ASAP-0031558,CC(C)[C@H]1C2=C(CCN1C(=O)CC1=CN=CC3=CC=CC=C13)SC=C2,7.08
ASAP-0031921,CC(C)CNS(=O)(=O)OCC(=O)N1CCN(CC2=CC=CC(Cl)=C2)[C@H]2CS(=O)(=O)C[C@H]21,5.35
ASAP-0031922,CC(C)CC1(C(F)(F)F)CCN(C(=O)CC2=CN=CC3=CC=CC=C23)CC1,7.06
ASAP-0031924,CC(C)NS(=O)(=O)OCC(=O)N1CCN(CC2=CC=CC(Cl)=C2)[C@H]2CS(=O)(=O)C[C@H]21,5.51
ASAP-0031934,COC[C@H]1C2=C(CCN1C(=O)CC1=CN=CC3=CC=CC=C13)SC=C2,5.42
ASAP-0031935,COC[C@H]1C2=C(CCN1C(=O)CC1=CN=CC3=CC=CC=C13)SC=C2,6.58
ASAP-0031945,CCNS(=O)(=O)OCC(=O)N1CCN(CC2=CC=CC(Cl)=C2)[C@H]2CS(=O)(=O)C[C@H]21,6.67
ASAP-0031946,O=C(CC1=CN=CC2=CC=CC=C12)N1CC[C@@H]2CCCC[C@@H]2C1,5.82
ASAP-0031960,CN(C)C(=O)[C@H]1CCCN(C(=O)CC2=CN=CC3=CC=CC=C23)C1,4.55
ASAP-0031961,COC(=O)[C@H]1CCCN(C(=O)CC2=CN=CC3=CC=CC=C23)C1,4.49
ASAP-0031964,CNC(=O)C[C@@H]1CCCCN1C(=O)CC1=CN=CC2=CC=CC=C12,4.34
ASAP-0031969,CN(C)C(=O)CN(CC1=CC=CC(Cl)=C1)C(=O)CC1=CN=CC2=CC=CC=C12,5.21
ASAP-0031980,CC(C)[C@H]1CCCN(C(=O)CC2=CN=CC3=CC=CC=C23)C1,5.68
ASAP-0031981,CC(C)[C@H]1CCCN(C(=O)CC2=CN=CC3=CC=CC=C23)C1,4.58
ASAP-0032038,C[C@H]1C2=CC=CN=C2CCN1C(=O)CC1=CN=CC2=CC=CC=C12,4.37
ASAP-0032039,C[C@H]1C2=CC=CN=C2CCN1C(=O)CC1=CN=CC2=CC=CC=C12,4.19
ASAP-0032061,C[C@H]1C[C@H](C(C)(F)F)CCN1C(=O)CC1=CN=CC2=CC=CC=C12,6.2
ASAP-0032065,C=CC[C@H]1CCCN(C(=O)CC2=CN=CC3=CC=CC=C23)C1,4.64
ASAP-0032066,C=CC[C@H]1CCCN(C(=O)CC2=CN=CC3=CC=CC=C23)C1,5.33
ASAP-0032096,CC[C@H]1CCCN(C(=O)CC2=CN=CC3=CC=CC=C23)C1,5.28
ASAP-0032097,CC[C@H]1CCCN(C(=O)CC2=CN=CC3=CC=CC=C23)C1,4.34
ASAP-0032107,CC(C)(O)[C@H]1CCCN(C(=O)CC2=CN=CC3=CC=CC=C23)C1,4.55
ASAP-0032122,O=C(CC1=CN=CC2=CC=CC=C12)N1CCC2=C(C=CS2)[C@H]1C1=CC=CC=C1,5.65
ASAP-0032123,O=C(CC1=CN=CC2=CC=CC=C12)N1CCC2=C(C=CS2)[C@H]1C1=CC=CC=C1,7.01
ASAP-0032153,CC(C)C1=CC=C([C@H]2CCCCN2C(=O)CC2=CN=CC3=CC=CC=C23)C=C1,4.82
ASAP-0032154,COC[C@H]1CCCCN1C(=O)CC1=CN=CC2=CC=CC=C12,4.09
ASAP-0032155,COC[C@H]1CCCCN1C(=O)CC1=CN=CC2=CC=CC=C12,4.44
ASAP-0032158,O=C(CC1=CN=CC2=CC=CC=C12)N1CCC[C@H](CF)C1,4.53
ASAP-0032161,CCC1=NOC([C@H]2CCCCN2C(=O)CC2=CN=CC3=CC=CC=C23)=C1,4.54
ASAP-0032167,COCC1(CC2CC2)CCN(C(=O)CC2=CN=CC3=CC=CC=C23)CC1,4.92
ASAP-0032168,CC1=CC=CC([C@H]2CCCCN2C(=O)CC2=CN=CC3=CC=CC=C23)=C1C,5.36
ASAP-0032174,COC[C@H]1CCCN(C(=O)CC2=CN=CC3=CC=CC=C23)C1,4.14
ASAP-0032180,COCC1=CC=CC([C@H]2CCCCN2C(=O)CC2=CN=CC3=CC=CC=C23)=C1,5.06
ASAP-0032181,C#CC1=CC=C([C@H]2CCCCN2C(=O)CC2=CN=CC3=CC=CC=C23)C=C1,4.85
ASAP-0032183,O=C(CC1=CN=CC2=CC=CC=C12)N1CCCC[C@H]1C1=CC=CC=C1F,5.19
ASAP-0032184,O=C(CC1=CN=CC2=CC=CC=C12)N1CCC[C@H](CCF)C1,5.16
ASAP-0032185,O=C(CC1=CN=CC2=CC=CC=C12)N1CCC[C@H](CCF)C1,4.36
ASAP-0032189,O=C(CC1=CN=CC2=CC=CC=C12)N1CCCC[C@H]1C1=CC=C(F)C=C1F,5.26
ASAP-0032194,CC1=NOC([C@H]2CCCCN2C(=O)CC2=CN=CC3=CC=CC=C23)=C1,4.49
ASAP-0032201,COC1=CC=CC=C1[C@H]1CCCCN1C(=O)CC1=CN=CC2=CC=CC=C12,4.98
ASAP-0032210,CN1C=NC=C1[C@H]1CCCCN1C(=O)CC1=CN=CC2=CC=CC=C12,4.11
ASAP-0032218,CN1C=CC=C1[C@H]1CCCCN1C(=O)CC1=CN=CC2=CC=CC=C12,5.1
ASAP-0032220,O=C(CC1=CN=CC2=CC=CC=C12)N1CCCC[C@H]1C1=NC=CS1,4.55
ASAP-0032233,O=C(CC1=CN=CC2=CC=CC=C12)N1CCCC[C@H]1C1=CC(Cl)=CC=C1F,6.3
ASAP-0032240,CC(C)CC[C@H]1CCCCN1C(=O)CC1=CN=CC2=CC=CC=C12,4.94
ASAP-0032241,CC(C)CC[C@H]1CCCCN1C(=O)CC1=CN=CC2=CC=CC=C12,5.31
ASAP-0032242,C[C@H]1C[C@H](C)CN(C(=O)CC2=CN=CC3=CC=CC=C23)C1,4.28
ASAP-0032246,CC(C)[C@]1(O)CCCN(C(=O)CC2=CN=CC3=CC=CC=C23)C1,4.31
ASAP-0032252,COC1=CC=C([C@H]2CCCCN2C(=O)CC2=CN=CC3=CC=CC=C23)C=C1F,4.85
ASAP-0032254,COC1=CC=CC=C1[C@H]1CC(C)(C)CCN1C(=O)CC1=CN=CC2=CC=CC=C12,6.46
ASAP-0032256,C[C@H]1C[C@@H](C(C)(F)F)CCN1C(=O)CC1=CN=CC2=CC=CC=C12,5.9
ASAP-0032260,C[C@H]1CCN(C(=O)CC2=CN=CC3=CC=CC=C23)CC2=C1SC=C2,5.9
ASAP-0032261,N#CC[C@H]1CCCN(C(=O)CC2=CN=CC3=CC=CC=C23)C1,4.83
ASAP-0032264,O=C(CC1=CN=CC2=CC=CC=C12)N1CCCC[C@H]1C1CCC1,4.76
ASAP-0032266,O=C(CC1=CN=CC2=CC=CC=C12)N1CCCC[C@H]1C1=C(F)C=CC=C1F,6.02
ASAP-0032269,O=C(CC1=CN=CC2=CC=CC=C12)N1CCCC[C@H]1C1=NC2=CC=CC=C2O1,4.58
ASAP-0032271,O=C(CC1=CN=CC2=CC=CC=C12)N1CCCC[C@H]1C1=CC=C(F)C(Cl)=C1,5.58
ASAP-0032277,CC1=NNC([C@H]2CCCCN2C(=O)CC2=CN=CC3=CC=CC=C23)=C1,4.41
ASAP-0032278,O=C(CC1=CN=CC2=CC=CC=C12)N1CCC[C@H](C2CCCC2)C1,4.85
ASAP-0032279,O=C(CC1=CN=CC2=CC=CC=C12)N1CCC[C@H](C2CCCC2)C1,5.58
ASAP-0032280,O=C(CC1=CN=CC2=CC=CC=C12)N1CCCC[C@H]1C1=NNC=C1,4.38
ASAP-0032282,O=C(CC1=CN=CC2=CC=CC=C12)N1CCCC[C@H]1C1=NOC=C1,4.7
ASAP-0032285,O=C(CC1=CN=CC2=CC=CC=C12)N1CCCC[C@H]1C1=CC=CC(F)=C1,5.85
ASAP-0032289,O=C(CC1=CN=CC2=CC=CC=C12)N1CCCC[C@H]1C1=CC=C(Cl)C=C1,5.19
ASAP-0032292,CC1=CC=C([C@H]2CCCCN2C(=O)CC2=CN=CC3=CC=CC=C23)C=C1,4.82
ASAP-0032295,O=C(CC1=CN=CC2=CC=CC=C12)N1CCCC[C@H]1C1=CC=C(F)C=N1,5.09
ASAP-0032300,O=C(CC1=CN=CC2=CC=CC=C12)N1CCCC[C@H]1C1=CC=NC=N1,5.08
ASAP-0032312,C[C@H]1CCCN(C(=O)CC2=CN=CC3=CC=CC=C23)[C@H]1C,4.16
ASAP-0032322,O=C(CC1=CN=CC2=CC=CC=C12)N1CCC2=C(N=CS2)C12CCC2,6.75
ASAP-0032327,C[C@H](O)[C@H]1CCCN(C(=O)CC2=CN=CC3=CC=CC=C23)C1,4.06
ASAP-0032328,C[C@H](O)[C@H]1CCCN(C(=O)CC2=CN=CC3=CC=CC=C23)C1,4.1
ASAP-0032332,CN1N=CC=C1[C@H]1CCCCN1C(=O)CC1=CN=CC2=CC=CC=C12,4.42
ASAP-0032358,CN1N=NC=C1[C@H]1CCCCN1C(=O)CC1=CN=CC2=CC=CC=C12,4.15
ASAP-0032364,O=C(CC1=CN=CC2=CC=CC=C12)N1CCCC[C@H]1C1=CC=C(Cl)C=C1F,4.96
ASAP-0032402,O=C(CC1=CN=CC2=CC=CC=C12)N1CCC[C@H]2CCCC[C@H]21,5.15
ASAP-0032403,O=C(CC1=CN=CC2=CC=CC=C12)N1CCC[C@H]2CCCC[C@H]21,4.67
ASAP-0032546,O=C(CC1=CN=CC2=CC=CC=C12)N1CCCC[C@H]1C1=CSC=N1,5.11
ASAP-0032559,O=C(CC1=CN=CC2=CC=CC=C12)N1CCCC[C@H]1[C@H]1CCCO1,4.61
ASAP-0032560,O=C(CC1=CN=CC2=CC=CC=C12)N1CCCC[C@H]1[C@H]1CCCO1,4.02
ASAP-0032561,O=C(CC1=CN=CC2=CC=CC=C12)N1CCCC[C@H]1[C@H]1CCCO1,4.2
ASAP-0032572,O=C(CC1=CN=CC2=CC=CC=C12)N1CCC[C@H]2CCCC[C@@H]21,5.18
ASAP-0032604,COC1=CC=CC=C1[C@H]1C[C@H](C)CCN1C(=O)CC1=CN=CC2=CC=CC=C12,5.59
ASAP-0032605,COC1=CC=CC=C1[C@H]1C[C@H](C)CCN1C(=O)CC1=CN=CC2=CC=CC=C12,5.77
