SMILES,pKD
C#C[C@H](NCCc1cocn1)c1nn(C)c2ccccc12,4.716801953096995
C#C[C@H]1CCCC[C@@H]1OC(=O)N1CCC[C@H](C(N)=O)C1,4.011869615687259
C#Cc1ccc(C)c(OC(=O)N2CCC[C@H](C(N)=O)C2)c1,3.8964015060220625
C=C(C)c1cccc(SC)c1CC(=O)N1CCC[C@H](C(N)=O)C1,5.435913722030655
C=CS(=O)(=O)N1CCC[C@H](C(N)=O)C1,5.1938200260161125
C=Cc1cccc(CC(=O)N2CCC[C@H](C(N)=O)C2)n1,5.099072631333438
C=Cc1ccccc1CS(=O)(=O)N1CCC[C@H](C(N)=O)C1,4.5951662833800615
CC(=O)N1CCc2cc(C(=O)[C@H](C)Cl)ccc21,5.151407131646511
CC(=O)Nc1ccc(C(=O)[C@H](C)Cl)cc1,4.180676299350614
CC(=O)Nc1cccc(NC(N)=O)c1,4.943095148663527
CC(=O)Nc1ccccc1CC(=O)N1CCC[C@H](C(N)=O)C1,4.265200170411153
CC(C)(C)c1ccccc1NC(=O)N1CCC[C@H](C(N)=O)C1,4.916961547867879
CC(C)Oc1ccccc1NC(=O)N1CCC[C@H](C(N)=O)C1,4.877787213913532
CC(C)[C@H](c1cc(Cl)cc(Br)c1)N1C[C@H](C(N)=O)CCC1=O,4.564352412519983
CCC(=O)N[C@H](C(=O)N1CC[C@H](C(N)=O)C1)c1ccccc1SC,4.556507378095548
CCC1(CC)CCN(c2ncnc(SC)c2CC(=O)N2CCC[C@H](C(N)=O)C2)C1,6.266038858073333
CCC1(CC)CN(c2ncnc(SC)c2CC(=O)N2CCC[C@H](C(N)=O)C2)CCS1(=O)=O,6.0703717346625785
CCCSc1cccc(OC)c1NC(=O)N1CCC[C@H](C(N)=O)C1,3.79526753551538
CCN(CC1CC1)C(=O)c1cccc(CC(=O)N2CCC[C@H](C(N)=O)C2)c1,4.908336601699183
CCN(c1ncnc(SC)c1CC(=O)N1CCC[C@H](C(N)=O)C1)C(C)C,5.941351132986486
CCOC(=O)N[C@H](C(=O)N1CC[C@H](C(N)=O)C1)c1ccccc1SC,4.606251898190906
CCS(=O)(=O)N1CCN(c2ncnc(SC)c2CC(=O)N2CCC[C@H](C(N)=O)C2)[C@H](C)C1,5.887521899626527
CCS(=O)(=O)c1ccc(OC)c(NC(=O)N2CCC[C@H](C(N)=O)C2)c1,4.09366495819491
CC[C@@H]1CCCN1c1ncnc(SC)c1CC(=O)N1CCC[C@H](C(N)=O)C1,5.359471394334077
CC[C@@H]1CS[C@H](C(N)=O)CN1C(=O)Oc1cc(Br)ccc1SC,4.170150986564742
CC[C@H](c1cc(F)cc(Br)c1)N1C[C@H](C(N)=O)CCC1=O,4.7121982700697735
CC[C@H](c1ccc(Cl)c(Cl)c1)N1C[C@H](C(N)=O)CCC1=O,4.012372581165862
CC[C@H]1CCCN1c1ncnc(SC)c1CC(=O)N1CCC[C@H](C(N)=O)C1,7.302627133357621
CC[C@H]1CS[C@H](C(N)=O)CN1C(=O)Oc1cc(Br)ccc1SC,7.112683897314732
CCc1ccsc1CN1C[C@H](C(N)=O)CCC1=O,4.668737062060432
CCn1nccc1C(=O)N[C@H](C(=O)N1CC[C@H](C(N)=O)C1)c1ccccc1SC,4.197688573451602
CN(C)C(=O)[C@@H](c1ccccc1)N1C[C@H](C(N)=O)CC1=O,4.003097753980533
CN(C)S(=O)(=O)c1cccnc1,5.10745472442027
CN1c2ccccc2C[C@H]1C(=O)N1CCC[C@H](C(N)=O)C1,4.598941671349912
CNC(=O)[C@@H](c1cccc(C)c1)N1C[C@H](C(N)=O)CC1=O,4.5968794788241825
CNC(=O)[C@@H]1CCN1c1ncnc(SC)c1CC(=O)N1CCC[C@H](C(N)=O)C1,5.553061207453266
CNC(=O)c1cn(C)c2ccccc12,4.822826736702125
CNC(=O)c1nn(C)c2ccccc12,5.376184576266073
CNC(=O)c1oc2ccccc2c1CN1C[C@H](C(N)=O)CCC1=O,4.027340564735919
CNS(=O)(=O)c1ccccc1Cl,6.034867358576641
CNc1ncnc(SC)c1CC(=O)N1CCC[C@H](C(N)=O)C1,5.471985787685622
COC(=O)N1CCCN(c2ncnc(SC)c2CC(=O)N2CCC[C@H](C(N)=O)C2)CC1,5.745487997043694
COC(=O)N[C@H]1CCN(c2ncnc(SC)c2CC(=O)N2CCC[C@H](C(N)=O)C2)C1,7.2725450748210925
COCC(=O)Nc1c(Cl)cc(C)cc1OCc1ncccn1,4.858392228943246
COCC(=O)Nc1c(Cl)cc(C)cc1Oc1cccc(C(N)=O)c1,4.822657723022635
COC[C@@H]1CCCN1c1ncnc(SC)c1CC(=O)N1CCC[C@H](C(N)=O)C1,5.028984985837811
COC[C@@H]1CCN1c1ncnc(SC)c1CC(=O)N1CCC[C@H](C(N)=O)C1,5.357972475219064
COC[C@@]1(C)C[C@H](C(N)=O)CN1C(=O)Cc1cc(Br)ccc1SC,5.510062512868513
COC[C@H](C)NC(=O)c1nn(C)c2ccccc12,4.747146969020107
COC[C@H]1CCCN1c1ncnc(SC)c1CC(=O)N1CCC[C@H](C(N)=O)C1,7.197280846039433
COC[C@H]1CC[C@H](C(N)=O)CN1C(=O)Cc1ccccc1SC,4.011460574435143
COC[C@]1(C(=O)N2CCC[C@H](C(N)=O)C2)CCCCO1,6.0
COC[C@]12C[C@@](C(N)=O)(CN1C(=O)Cc1ccccc1OC)C2,4.028724151261895
COCc1ccccc1CC(=O)N1CCC[C@H](C(N)=O)C1,4.576757218249551
COCc1ccccc1NC(=O)N1CCC[C@H](C(N)=O)C1,4.8164704643841505
CO[C@@H]1CCCN(c2ncnc(SC)c2CC(=O)N2CCC[C@H](C(N)=O)C2)C1,6.170052776781682
CO[C@H](C(=O)N1CCC[C@H](C(N)=O)C1)c1ccccc1C,4.928117992693875
CO[C@H](C(=O)N1CCC[C@H](C(N)=O)C1)c1cccnc1,4.227015096629662
COc1c(NC(=O)N2CCC[C@H](C(N)=O)C2)cccc1C(F)(F)F,5.032452023781138
COc1cc(Br)c(CC(=O)N2CCC[C@H](C(N)=O)C2)cc1OC,3.7202298309212716
COc1cc(Cl)ccc1CC(=O)N1CCC[C@H](C(N)=O)C1,4.018634490921456
COc1cc(NC(=O)C[C@H](C)C(F)(F)F)n(C)n1,4.632048101200719
COc1ccc(C(F)(F)F)cc1CC(=O)N1CCC[C@H](C(N)=O)C1,4.449959375475284
COc1ccc(C(F)(F)F)cc1CC(=O)N1CCS[C@H](C(N)=O)C1,4.828494707777949
COc1ccc(C(F)(F)F)cc1N(C)C(=O)N1CCC[C@H](C(N)=O)C1,4.561127532480804
COc1ccc(C(F)(F)F)cc1NC(=O)N1CCC[C@H](C(N)=O)C1,4.069229199277436
COc1ccc(CC(=O)N2CCC[C@H](C(N)=O)C2)c(OC)c1,4.635207042042172
COc1ccc(Cl)c2c1C(=O)C(=O)N2,4.628932137728264
COc1ccc(Cl)cc1CC(=O)N1CCC[C@H](C(N)=O)C1,4.727236212379233
COc1ccc(Cl)cc1NS(=O)(=O)N1CCC[C@H](C(N)=O)C1,3.989247537499024
COc1ccc(Cl)cc1OC(=O)N1CCC[C@H](C(N)=O)C1,5.262803072736122
COc1ccc(F)cc1CC(=O)N1CCC[C@H](C(N)=O)C1,4.2094239507757765
COc1ccc2c(n1)[C@H](C(=O)N1CCC[C@H](C(N)=O)C1)CC2,4.452380443994761
COc1cccc(CN2C[C@H](C(N)=O)CCC2=O)c1,4.608183969818477
COc1cccc(Cl)c1CC(=O)N1CCC[C@@H](C(N)=O)C1,4.620456050805198
COc1cccc(Cl)c1CC(=O)N1CCC[C@H](C(N)=O)C1,4.622677022341784
COc1cccc(Cl)c1CC(=O)N1C[C@H](C(N)=O)C[C@H](C(=O)NC2CC2)C1,4.899323290233971
COc1cccc(Cl)c1CC(=O)N1C[C@H](C(N)=O)[C@H]2CCC[C@H]21,4.819608655063361
COc1cccc(Cl)c1NC(=O)N1CCC[C@H](C(N)=O)C1,4.465918205168407
COc1cccc(Cl)c1NC(=O)N1CC[C@H](C(N)=O)C1,4.612119831707907
COc1cccc(NC(=O)N2CCC[C@H](C(N)=O)C2)c1,4.956109291095229
COc1cccc(NC(=O)N2CCC[C@H](C(N)=O)C2)c1Cl,4.612661045864782
COc1cccc(NC(=O)N2CCC[C@H](C(N)=O)C2)n1,5.072431269429168
COc1cccc(SC(C)C)c1NC(=O)N1CCC[C@H](C(N)=O)C1,5.313218576201494
COc1cccc(SC)c1NC(=O)N1CCC[C@H](C(N)=O)C1,5.161195917717353
COc1cccc2c1CC[C@H]2N1C[C@H](C(N)=O)CCC1=O,4.789637072991269
COc1cccc2c1N(C(=O)N1CCC[C@H](C(N)=O)C1)CCS2,4.29598340377612
COc1ccccc1CC(=O)N(C)CCC(N)=O,4.935542010773082
COc1ccccc1CC(=O)N1CCCC[C@H](C(N)=O)C1,4.952204384072568
COc1ccccc1CC(=O)N1CCC[C@H](C(N)=O)C1,4.128427064454121
COc1ccccc1CC(=O)N1CCC[C@H](C(N)=O)CC1,4.952188702489189
COc1ccccc1CC(=O)N1CCN[C@H](C(N)=O)C1,5.622664040174432
COc1ccccc1CC(=O)N1CCO[C@@H](C(N)=O)C1,4.615695746966642
COc1ccccc1CC(=O)N1CC[C@@H](O)C1,4.951406063714552
COc1ccccc1CC(=O)N1CC[C@H](CC(N)=O)C1,5.055150304924533
COc1ccccc1CC(=O)N1CC[C@H](NC(N)=O)C1,5.056011124926228
COc1ccccc1CC(=O)N1C[C@H](C(N)=O)CC(F)(F)C1,5.41096889227547
COc1ccccc1CC(=O)N1C[C@H](C(N)=O)CC[C@@H]1C,4.411260481653311
COc1ccccc1CC(=O)N1C[C@H](C(N)=O)[C@@H](C(F)(F)F)C1,5.110698297493689
COc1ccccc1CC(=O)N1C[C@H](C(N)=O)[C@@H](C)C1,5.303920706565589
COc1ccccc1CC(=O)N1C[C@]2(C(N)=O)CC[C@H]1C2,4.6216971581255635
COc1ccccc1CCN1C[C@H](C(N)=O)CC1=O,5.044970753420985
COc1ccccc1CN1C[C@H](C(N)=O)CC1=O,4.62709189585908
COc1ccccc1CN1C[C@H](C(N)=O)CCC1=O,4.956855685489159
COc1ccccc1NC(=O)Nc1cccnc1,4.740875707793589
COc1ccccc1S(=O)(=O)N1CCC[C@H](C(N)=O)C1,5.161780778092374
COc1ccccc1[C@H](C)C(=O)N1CCC[C@H](C(N)=O)C1,5.415903931859735
COc1ccccc1[C@H](C)CN1C[C@H](C(N)=O)CC1=O,4.917407524166997
COc1ccccc1[C@H](C)N1C[C@H](C(N)=O)CCC1=O,5.565980102355844
COc1ccccc1[C@H](N)C(=O)N1CCC[C@H](C(N)=O)C1,5.349983835684398
COc1ccccc1[C@H](NC(=O)OC(C)(C)C)C(=O)N1CCC[C@H](C(N)=O)C1,4.930769702637148
COc1ccccc1[C@H](NC(C)=O)C(=O)N1CCC[C@H](C(N)=O)C1,5.238439218136987
COc1ccccc1[C@H](O)CN1C[C@H](C(N)=O)CC1=O,5.276902343492681
COc1ccccc1[C@H](O)CN1C[C@H](C(N)=O)CCC1=O,5.212129340035951
COc1ccccc1[C@H](OC)C(=O)N1CCC[C@H](C(N)=O)C1,5.523700643055132
COc1cccnc1CC(=O)N1CCC[C@H](C(N)=O)C1,4.648165195719463
COc1cccnc1CN1CCC[C@H](C(N)=O)C1,5.576653344896242
COc1ccncc1CC(=O)N1CCC[C@H](C(N)=O)C1,4.5976855768259925
COc1ncc(-c2ccc(SC)c(CC(=O)N3CCC[C@H](C(N)=O)C3)c2)cc1C#N,5.612933991649193
COc1ncc(Br)cc1CC(=O)N1CCC[C@H](C(N)=O)C1,4.832067775571805
COc1ncccc1-c1ccc(SC)c(CC(=O)N2CCC[C@H](C(N)=O)C2)c1,5.926316446103106
COc1ncccc1CC(=O)N1CCC[C@H](C(N)=O)C1,4.7041526453581515
COc1ncccc1NC(=O)N1CCC[C@H](C(N)=O)C1,4.487273331768478
COc1ncccc1NC(=O)N1CC[C@H](C(N)=O)C1,4.618016608302379
COc1ncccc1NS(=O)(=O)N1CCC[C@H](C(N)=O)C1,4.601213898998983
CS(=O)(=O)c1ccccc1CC(=O)N1CCC[C@H](C(N)=O)C1,4.018181392829336
CSCC1(CC(=O)N2CCC[C@H](C(N)=O)C2)CC1,4.0270354434741735
CSC[C@H]1C[C@H]1C(=O)N1CCC[C@H](C(N)=O)C1,4.808721339045607
CS[C@@H]1CCCC[C@H]1OC(=O)N1CCC[C@H](C(N)=O)C1,3.5961527992975952
CSc1c(Br)cccc1CC(=O)N1CCC[C@H](C(N)=O)C1,4.472492797097293
CSc1c(F)cccc1NC(=O)N1CCC[C@H](C(N)=O)C1,4.319967775442991
CSc1c(NC(=O)N2CCC[C@H](C(N)=O)C2)c(C)nn1C,4.6073172842698655
CSc1ccc(-c2cc(C#N)ncc2F)cc1CC(=O)N1CCC[C@H](C(N)=O)C1,5.682717212000788
CSc1ccc(-c2cc(C)c(=O)n(C)c2)cc1CC(=O)N1CCC[C@H](C(N)=O)C1,6.031014087429405
CSc1ccc(-c2cc(C)nn2C)cc1OC(=O)N1CCC[C@H](C(N)=O)C1,5.436862866226505
CSc1ccc(-c2cc[nH]n2)cc1CC(=O)N1CCC[C@H](C(N)=O)C1,5.955905430140241
CSc1ccc(-c2cc[nH]n2)cc1CC(=O)N1C[C@H](C(N)=O)C[C@H]2C[C@H]21,6.340503680200894
CSc1ccc(-c2cc[nH]n2)cc1OC(=O)N1CCC[C@H](C(N)=O)C1,6.343392058545723
CSc1ccc(-c2ccc(N3CCN(C)CC3)nc2)cc1OC(=O)N1CCC[C@H](C(N)=O)C1,6.646304383229654
CSc1ccc(-c2cccc3cnn(C)c23)cc1CC(=O)N1CCC[C@H](C(N)=O)C1,4.852511447271943
CSc1ccc(-c2ccccc2)cc1CC(=O)N1CCC[C@H](C(N)=O)C1,5.7575850142068425
CSc1ccc(-c2ccccn2)cc1OC(=O)N1CCC[C@H](C(N)=O)C1,6.363385275343752
CSc1ccc(-c2ccccn2)cc1OC(=O)N1C[C@H](C(N)=O)C[C@H]2C[C@H]21,6.770247859071493
CSc1ccc(-c2cccnc2)cc1OC(=O)N1C[C@H](C(N)=O)C[C@@H]2C[C@@H]21,6.025403843721281
CSc1ccc(-c2cccnc2)cc1OC(=O)N1C[C@H](C(N)=O)C[C@H]2C[C@H]21,6.615017621163278
CSc1ccc(-c2cccnc2C(C)C)cc1CC(=O)N1CCC[C@H](C(N)=O)C1,5.6330261065597185
CSc1ccc(-c2cccnc2N)cc1OC(=O)N1CCC[C@H](C(N)=O)C1,6.467825319983038
CSc1ccc(-c2ccnc(N(C)C)c2)cc1CC(=O)N1CCC[C@H](C(N)=O)C1,6.212710086334884
CSc1ccc(-c2ccncc2)cc1CC(=O)N1CCC[C@H](C(N)=O)C1,5.983523026568097
CSc1ccc(-c2ccncc2)cc1CC(=O)N1C[C@H](C(N)=O)C[C@H]2C[C@H]21,5.961043847617085
CSc1ccc(-c2ccncc2)cc1NC(=O)N1C[C@H](C(N)=O)C[C@H]2C[C@H]21,5.742028204896328
CSc1ccc(-c2ccncc2)cc1OC(=O)N1C[C@H](C(N)=O)C[C@H]2C[C@H]21,6.058389757043434
CSc1ccc(-c2ccnn2C(C)(C)C)cc1OC(=O)N1CCC[C@H](C(N)=O)C1,4.912085112444354
CSc1ccc(-c2ccnn2C2CCC2)cc1OC(=O)N1C[C@H](C(N)=O)C[C@H]2C[C@H]21,6.6437811411974925
CSc1ccc(-c2cn[nH]c2)cc1CC(=O)N1C[C@H](C(N)=O)C[C@H]2C[C@H]21,6.438312682607372
CSc1ccc(-c2cn[nH]c2)cc1OC(=O)N1C[C@H](C(N)=O)C[C@@H]2C[C@@H]21,5.626220997937759
CSc1ccc(-c2cn[nH]c2)cc1OC(=O)N1C[C@H](C(N)=O)C[C@H]2C[C@H]21,6.7751410435308275
CSc1ccc(-c2cncc(C)c2C)cc1CC(=O)N1CCC[C@H](C(N)=O)C1,5.401951923140469
CSc1ccc(-c2cncc(S(C)(=O)=O)c2)cc1CC(=O)N1CCC[C@H](C(N)=O)C1,5.687762124194347
CSc1ccc(-c2cncc3ccccc23)cc1CC(=O)N1CCC[C@H](C(N)=O)C1,5.484126156288321
CSc1ccc(-c2cnco2)cc1OC(=O)N1C[C@H](C(N)=O)C[C@H]2C[C@H]21,6.622961397710664
CSc1ccc(-c2cnn[nH]2)cc1OC(=O)N1C[C@H](C(N)=O)C[C@H]2C[C@H]21,6.821074156272469
CSc1ccc(-c2cnnn2C)cc1CC(=O)N1CCC[C@H](C(N)=O)C1,5.437915347454481
CSc1ccc(-c2csc(C(F)F)c2)cc1CC(=O)N1CCC[C@H](C(N)=O)C1,6.104588372500485
CSc1ccc(-c2ocnc2C)cc1OC(=O)N1C[C@H](C(N)=O)C[C@H]2C[C@H]21,5.964275769895213
CSc1ccc(-n2cccn2)cc1CC(=O)N1CCC[C@H](C(N)=O)C1,6.017614181634599
CSc1ccc(-n2ccnc2)cc1CC(=O)N1CCC[C@H](C(N)=O)C1,5.816743356703912
CSc1ccc(Br)cc1CC(=O)N1CCC[C@H](C(N)=O)C1,6.504803930407411
CSc1ccc(Br)cc1CC(=O)N1CCC[C@H](C(N)=O)CC1,4.084730020129478
CSc1ccc(Br)cc1CC(=O)N1CCC[C@H](C(N)=O)[C@@H]1C,4.01122507362837
CSc1ccc(Br)cc1CC(=O)N1CC[C@H](C(N)=O)C1,4.166573738364501
CSc1ccc(Br)cc1CC(=O)N1C[C@H](C(N)=O)CC[C@@H]1C,5.370420577541523
CSc1ccc(Br)cc1CC(=O)N1C[C@H](C(N)=O)CC[C@H]1C,5.163175522827518
CSc1ccc(Br)cc1CC(=O)N1C[C@H](C(N)=O)[C@H]2C[C@H]21,4.590066876668706
CSc1ccc(Br)cc1CC(=O)N1[C@H]2CC[C@H](C(N)=O)[C@@H]1CC2,4.022734028686543
CSc1ccc(Br)cc1OC(=O)N1C[C@H](C(N)=O)CC[C@@H]1C,4.757850080326607
CSc1ccc(Br)cc1OC(=O)N1C[C@H](C(N)=O)CC[C@@H]1CO,5.994964027913848
CSc1ccc(Br)cc1OC(=O)N1C[C@H](C(N)=O)C[C@@H]2C[C@@H]21,6.134970625328986
CSc1ccc(Br)cc1OC(=O)N1C[C@H](C(N)=O)C[C@H]2C[C@H]21,6.442779415416162
CSc1ccc(Br)cc1[C@H](NC(=O)OC(C)(C)C)C(=O)N1CC[C@H](C(N)=O)C1,4.616253373468555
CSc1ccc(C(=O)N(C)C2CCC(C)(C)CC2)cc1CC(=O)N1CCC[C@H](C(N)=O)C1,4.8542464945359285
CSc1ccc(C(=O)N2CC=CCC23CCC3)cc1CC(=O)N1CCC[C@H](C(N)=O)C1,5.727326160448949
CSc1ccc(C(=O)N2Cc3nccc(C)c3C2)cc1CC(=O)N1CCC[C@H](C(N)=O)C1,5.732131922180389
CSc1ccc(C(=O)Nc2ccncc2)cc1CC(=O)N1CCC[C@H](C(N)=O)C1,6.058292496038209
CSc1ccc(C2=CCN(C)CC2)cc1CC(=O)N1C[C@H](C(N)=O)C[C@H]2C[C@H]21,6.217987758487747
CSc1ccc(C2=CCN(C)CC2)cc1OC(=O)N1C[C@H](C(N)=O)C[C@@H]2C[C@@H]21,6.4554495427646055
CSc1ccc(C2=CCN(C)CC2)cc1OC(=O)N1C[C@H](C(N)=O)C[C@H]2C[C@H]21,6.6167895690531875
CSc1ccc(C2=CCNCC2)cc1CC(=O)N1CCC[C@H](C(N)=O)C1,6.359785941635829
CSc1ccc(C2=CCOCC2)cc1OC(=O)N1C[C@H](C(N)=O)C[C@H]2C[C@H]21,6.278226151900541
CSc1ccc(C2CC2)cc1CC(=O)N1CCC[C@H](C(N)=O)C1,5.5276774658141035
CSc1ccc(N2CCCC2=O)cc1NC(=O)N1CCC[C@H](C(N)=O)C1,5.0622764945153795
CSc1ccc(N2CCOCC2)cc1NC(=O)N1CCC[C@H](C(N)=O)C1,4.924868863339022
CSc1ccc(OC2CC2)cc1NC(=O)N1CCC[C@H](C(N)=O)C1,4.674438823846753
CSc1ccc(S(C)(=O)=O)cc1CC(=O)N1CCC[C@H](C(N)=O)C1,5.609697925694327
CSc1ccc(SC(C)(C)C)cc1CC(=O)N1CCC[C@H](C(N)=O)C1,5.1112214896446675
CSc1ccc2c(c1)[C@H](C(=O)N1CCC[C@H](C(N)=O)C1)CCO2,4.060454118763697
CSc1ccc2cnccc2c1NC(=O)N1CCC[C@H](C(N)=O)C1,5.772572568212773
CSc1ccc2ncccc2c1NC(=O)N1CCC[C@H](C(N)=O)C1,6.128863936621021
CSc1ccc2ncccc2c1NC(=O)N1C[C@H](C(N)=O)C[C@@H]2C[C@@H]21,5.669481598088156
CSc1ccc2ncccc2c1NC(=O)N1C[C@H](C(N)=O)C[C@H]2C[C@H]21,6.155618588158782
CSc1ccc2ncccc2c1OC(=O)N1C[C@H](C(N)=O)C[C@@H]2C[C@@H]21,6.223231835566202
CSc1ccc2ncccc2c1OC(=O)N1C[C@H](C(N)=O)C[C@H]2C[C@H]21,6.55419279444554
CSc1ccc2scnc2c1NC(=O)N1CCC[C@H](C(N)=O)C1,5.775683273773221
CSc1cccc(-c2cc(C(F)(F)F)nn2C)c1CC(=O)N1CCC[C@H](C(N)=O)C1,5.150667872559956
CSc1cccc(-c2ccc(C(F)(F)F)cc2C#N)c1CC(=O)N1CCC[C@H](C(N)=O)C1,5.656918950334414
CSc1cccc(-c2ccc(C(F)(F)F)o2)c1CC(=O)N1CCC[C@H](C(N)=O)C1,5.785803993839482
CSc1cccc(-c2cn(C)c(=O)c3ccccc23)c1CC(=O)N1CCC[C@H](C(N)=O)C1,6.086272291520818
CSc1cccc(-c2sccc2C2CC2)c1CC(=O)N1CCC[C@H](C(N)=O)C1,5.508648103412354
CSc1cccc(-n2ccnc2)c1CC(=O)N1CCC[C@H](C(N)=O)C1,5.508866053332301
CSc1cccc(Br)c1CC(=O)N1CCC[C@H](C(N)=O)C1,5.23959580735841
CSc1cccc(C2=CCCCC2)c1CC(=O)N1CCC[C@H](C(N)=O)C1,5.358458624958955
CSc1cccc(CC(=O)N2CCC[C@H](C(N)=O)C2)c1,4.1650303504723505
CSc1cccc(CN2C[C@H](C(N)=O)CCC2=O)c1,4.610891805164698
CSc1cccc2c1N(C(=O)N1CCC[C@H](C(N)=O)C1)CCCO2,3.9795272089559
CSc1cccc2c1[C@@H](C(=O)N1C[C@H](C(N)=O)C[C@H]3C[C@H]31)CC2,6.317002294422829
CSc1cccc2c1[C@H](C(=O)N1CCC[C@H](C(N)=O)C1)CC2,6.105065909655473
CSc1cccc2c1[C@H](C(=O)N1CCC[C@H](C(N)=O)C1)CCC2,4.913179132164633
CSc1ccccc1CC(=O)N1CCC(F)(F)[C@H](C(N)=O)C1,4.92096962924201
CSc1ccccc1CC(=O)N1CCC[C@H](C(F)F)C1,3.883316455303125
CSc1ccccc1CC(=O)N1CCC[C@H](C(N)=O)C1,5.393063563669464
CSc1ccccc1CC(=O)N1CCC[C@H](CCO)C1,3.7794804346789226
CSc1ccccc1CC(=O)N1CCC[C@H](CF)C1,4.015189894778023
CSc1ccccc1CC(=O)N1CCC[C@H](O)C1,4.0254883072626715
CSc1ccccc1CC(=O)N1CCC[C@H](S(N)(=O)=O)C1,4.603800652904264
CSc1ccccc1CC(=O)N1CCC[C@H]1c1cnc[nH]1,4.853871964321762
CSc1ccccc1CC(=O)N1CCC[C@H]2C(=O)NC[C@H]21,4.035167674220528
CSc1ccccc1CC(=O)N1CCC[C@](F)(C(N)=O)C1,3.8397825513691886
CSc1ccccc1CC(=O)N1CCC[C@](O)(C(N)=O)C1,3.955966436496336
CSc1ccccc1CC(=O)N1CCNC(=O)C1,4.006123085058789
CSc1ccccc1CC(=O)N1CC[C@H]2[C@H](C1)[C@H]2C(N)=O,4.558200508454535
CSc1ccccc1CC(=O)N1CC[C@](O)(c2c[nH]nn2)C1,4.017390444950877
CSc1ccccc1CC(=O)N1C[C@H](C(N)=O)CC[C@H]1CO,4.599655204790009
CSc1ccccc1CC(=O)N1C[C@H](C(N)=O)C[C@H](C(N)=O)C1,5.207231875935455
CSc1ccccc1CC(=O)N1C[C@H](C(N)=O)C[C@H]2C[C@H]21,5.676463453677816
CSc1ccccc1CC(=O)N1C[C@H](C)C[C@@H](C(N)=O)C1,4.494060495927921
CSc1ccccc1CC(=O)N1C[C@H](C)C[C@H](C(N)=O)C1,4.06908738823076
CSc1ccccc1CC(=O)N1C[C@H](O)C[C@@H](C(N)=O)C1,3.66094239119996
CSc1ccccc1CC(=O)N1C[C@H]2C[C@@]1(CC(N)=O)C2,4.051345937463026
CSc1ccccc1CN1C[C@H](C(N)=O)CCC1=O,4.6439741428068775
CSc1ccccc1N(C)C(=O)N1CCC[C@H](C(N)=O)C1,4.601955140820748
CSc1ccccc1N(C)C(=O)N1CC[C@H](C(N)=O)C1,4.640164517660112
CSc1ccccc1N1C[C@H](C(N)=O)CCC1=O,4.6020599913279625
CSc1ccccc1OC(=O)N1CCC[C@H](C(N)=O)C1,5.8268386347140675
CSc1ccccc1[C@H](C(=O)N1CC[C@H](C(N)=O)C1)N1CCCC1=O,7.194299872872455
CSc1ccccc1[C@H](NC(=O)C(C)C)C(=O)N1CC[C@H](C(N)=O)C1,4.616633749466019
CSc1ccccc1[C@H](NC(=O)C1(C)CCC1)C(=O)N1CC[C@H](C(N)=O)C1,4.6108664765966765
CSc1ccccc1[C@H](NC(=O)C1CC1)C(=O)N1CC[C@H](C(N)=O)C1,4.612020519224207
CSc1ccccc1[C@H](NC(=O)CC(F)(F)F)C(=O)N1CC[C@H](C(N)=O)C1,4.15694990903351
CSc1ccccc1[C@H](NC(=O)CC1CC1)C(=O)N1CC[C@H](C(N)=O)C1,4.287343084176254
CSc1ccccc1[C@H](NC(=O)CNC(C)=O)C(=O)N1CC[C@H](C(N)=O)C1,5.199617314652804
CSc1ccccc1[C@H](NC(=O)Cc1ccccc1)C(=O)N1CC[C@H](C(N)=O)C1,4.505347154054938
CSc1ccccc1[C@H](NC(=O)Cc1cccnc1)C(=O)N1CC[C@H](C(N)=O)C1,4.6077519100900055
CSc1ccccc1[C@H](NC(=O)Cn1cccn1)C(=O)N1CC[C@H](C(N)=O)C1,4.730497044785864
CSc1ccccc1[C@H](NC(=O)OC(C)(C)C)C(=O)N1CC[C@H](C(N)=O)C1,4.621638788259481
CSc1ccccc1[C@H](NC(C)=O)C(=O)N1CC[C@H](C(N)=O)C1,5.186061162833519
CSc1cccnc1CC(=O)N1CCC[C@H](C(N)=O)C1,5.097431091411007
CSc1ccncc1CC(=O)N1CCC[C@H](C(N)=O)C1,5.534026193176526
CSc1ccncc1NC(=O)N1CCC[C@H](C(N)=O)C1,5.452530294347775
CSc1ccncc1NS(=O)(=O)N1CCC[C@H](C(N)=O)C1,4.881756561812204
CSc1cn(C)nc1NC(=O)N1CCC[C@H](C(N)=O)C1,3.7610330044413067
CSc1cnccc1CC(=O)N1CCC[C@H](C(N)=O)C1,4.407893372233542
CSc1cncnc1CC(=O)N1CCC[C@H](C(N)=O)C1,4.176969771296364
CSc1cscc1CC(=O)N1CCC[C@H](C(N)=O)C1,5.073475651835252
CSc1nc2c(cc1NC(=O)N1CCC[C@H](C(N)=O)C1)CCCC2,4.217527375833714
CSc1ncccc1CC(=O)N1CCC[C@H](C(N)=O)C1,5.072700933344527
CSc1ncccc1NC(=O)N1CCC[C@H](C(N)=O)C1,4.2209855861319525
CSc1nccnc1CC(=O)N1CCC[C@H](C(N)=O)C1,4.781195179900988
CSc1ncnc(-c2cn[nH]c2)c1CC(=O)N1CCC[C@H](C(N)=O)C1,5.579850424620521
CSc1ncnc(N(C)C)c1CC(=O)N1CCC[C@H](C(N)=O)C1,6.393012805332465
CSc1ncnc(N(C)C)c1CC(=O)N1C[C@H](C(N)=O)C[C@@H]2C[C@@H]21,6.073633599517659
CSc1ncnc(N(C)C2CCC2)c1CC(=O)N1CCC[C@H](C(N)=O)C1,6.323397411601913
CSc1ncnc(N(C)C2CCOCC2)c1CC(=O)N1CCC[C@H](C(N)=O)C1,5.7864475040867696
CSc1ncnc(N(C)CC(C)(C)O)c1CC(=O)N1CCC[C@H](C(N)=O)C1,6.134728951225614
CSc1ncnc(N(C)CC(C)(F)F)c1CC(=O)N1CCC[C@H](C(N)=O)C1,6.994328024624508
CSc1ncnc(N(C)CC(F)(F)F)c1CC(=O)N1C[C@H](C(N)=O)C[C@H]2C[C@H]21,6.794695728715816
CSc1ncnc(N(C)CC2CCCC2)c1CC(=O)N1CCC[C@H](C(N)=O)C1,6.3046606911348375
CSc1ncnc(N(C)CCC(F)(F)F)c1CC(=O)N1CCC[C@H](C(N)=O)C1,5.748786440007784
CSc1ncnc(N(C)Cc2cc(F)c(F)c(F)c2)c1CC(=O)N1CCC[C@H](C(N)=O)C1,6.244997927316081
CSc1ncnc(N(C)Cc2nn(C)cc2Cl)c1CC(=O)N1CCC[C@H](C(N)=O)C1,7.150528408418002
CSc1ncnc(N(C)[C@@H](C)c2ccccc2)c1CC(=O)N1CCC[C@H](C(N)=O)C1,6.580678113068668
CSc1ncnc(N2CC(C)(c3ccccc3F)C2)c1CC(=O)N1CCC[C@H](C(N)=O)C1,6.439151337818832
CSc1ncnc(N2CC(C)C2)c1CC(=O)N1CCC[C@H](C(N)=O)C1,6.526908295764941
CSc1ncnc(N2CC(CC3CCC3)C2)c1CC(=O)N1CCC[C@H](C(N)=O)C1,5.692662147010851
CSc1ncnc(N2CC(O)C2)c1CC(=O)N1CCC[C@H](C(N)=O)C1,6.426194047786621
CSc1ncnc(N2CC(Oc3ccccc3Cl)C2)c1CC(=O)N1CCC[C@H](C(N)=O)C1,6.078663358532402
CSc1ncnc(N2CC(c3nncn3C)C2)c1CC(=O)N1CCC[C@H](C(N)=O)C1,6.326170396191348
CSc1ncnc(N2CCC(C#N)(CC(C)C)CC2)c1CC(=O)N1CCC[C@H](C(N)=O)C1,6.265062352283818
CSc1ncnc(N2CCC(C(=O)N(C(C)C)C(C)C)CC2)c1CC(=O)N1CCC[C@H](C(N)=O)C1,6.225268032740376
CSc1ncnc(N2CCC(N(C)S(C)(=O)=O)CC2)c1CC(=O)N1CCC[C@H](C(N)=O)C1,6.512183700381108
CSc1ncnc(N2CCC(N3CCOC3=O)CC2)c1CC(=O)N1CCC[C@H](C(N)=O)C1,5.923489528000301
CSc1ncnc(N2CCC3(CCC3)C2)c1CC(=O)N1CCC[C@H](C(N)=O)C1,6.131209779277596
CSc1ncnc(N2CCC3(CCCC3)C2)c1CC(=O)N1CCC[C@H](C(N)=O)C1,6.462158164196289
CSc1ncnc(N2CCC3(CCCCC3)C2)c1CC(=O)N1CCC[C@H](C(N)=O)C1,6.388555177157266
CSc1ncnc(N2CCC3(CCCO3)CC2)c1CC(=O)N1CCC[C@H](C(N)=O)C1,6.466683163263606
CSc1ncnc(N2CCCC2)c1CC(=O)N1C[C@H](C(N)=O)C[C@H]2C[C@H]21,6.5697284843589205
CSc1ncnc(N2CCCC2)c1NC(=O)N1C[C@H](C(N)=O)C[C@H]2C[C@H]21,5.928304705589599
CSc1ncnc(N2CCCCCC2)c1CC(=O)N1CCC[C@H](C(N)=O)C1,7.1865084765696
CSc1ncnc(N2CCCC[C@@H]2C(C)C)c1CC(=O)N1CCC[C@H](C(N)=O)C1,6.372178760973441
CSc1ncnc(N2CCCC[C@H]2CO)c1CC(=O)N1CCC[C@H](C(N)=O)C1,5.867264623808438
CSc1ncnc(N2CCC[C@@H]2C(=O)N(C)C)c1CC(=O)N1CCC[C@H](C(N)=O)C1,6.66771737227654
CSc1ncnc(N2CCC[C@@H]2C(C)C)c1CC(=O)N1CCC[C@H](C(N)=O)C1,7.7602217671416405
CSc1ncnc(N2CCC[C@@H]2C)c1CC(=O)N1CCC[C@H](C(N)=O)C1,6.616555737163779
CSc1ncnc(N2CCC[C@@H]2C2CC2)c1CC(=O)N1CCC[C@H](C(N)=O)C1,7.937951041727581
CSc1ncnc(N2CCC[C@@H]2CC(C)C)c1CC(=O)N1CCC[C@H](C(N)=O)C1,7.199879115817523
CSc1ncnc(N2CCC[C@@H]2Cc2ccccc2)c1CC(=O)N1CCC[C@H](C(N)=O)C1,5.138183874676179
CSc1ncnc(N2CCC[C@@H]2Cc2ccnn2C)c1CC(=O)N1CCC[C@H](C(N)=O)C1,7.359361237098654
CSc1ncnc(N2CCC[C@@H]2Cn2cccn2)c1CC(=O)N1CCC[C@H](C(N)=O)C1,6.189334160880994
CSc1ncnc(N2CCC[C@@H]2c2ccccc2)c1CC(=O)N1CCC[C@H](C(N)=O)C1,7.13169634555566
CSc1ncnc(N2CCC[C@H](C(F)(F)F)C2)c1CC(=O)N1CCC[C@H](C(N)=O)C1,6.211100724659235
CSc1ncnc(N2CCC[C@H](C)C2)c1CC(=O)N1CCC[C@H](C(N)=O)C1,6.173854131618843
CSc1ncnc(N2CCC[C@H]2C(C)C)c1CC(=O)N1CCC[C@H](C(N)=O)C1,5.331449457260316
CSc1ncnc(N2CCC[C@H]2C(N)=O)c1CC(=O)N1CCC[C@H](C(N)=O)C1,7.714442690992226
CSc1ncnc(N2CCC[C@H]2C)c1CC(=O)N1CCC[C@H](C(N)=O)C1,5.244486511545811
CSc1ncnc(N2CCC[C@H]2C2CC2)c1CC(=O)N1CCC[C@H](C(N)=O)C1,5.262032975642954
CSc1ncnc(N2CCC[C@H]2CC(C)C)c1CC(=O)N1CCC[C@H](C(N)=O)C1,5.823789680118151
CSc1ncnc(N2CCC[C@H]2Cc2ccnn2C)c1CC(=O)N1CCC[C@H](C(N)=O)C1,5.214011302839139
CSc1ncnc(N2CCN(c3ccccn3)CC2)c1CC(=O)N1CCC[C@H](C(N)=O)C1,6.486226948852135
CSc1ncnc(N2CC[C@@H](OC(F)F)C2)c1CC(=O)N1CCC[C@H](C(N)=O)C1,6.048106607275539
CSc1ncnc(N2CC[C@@H](OC3CC3)C2)c1CC(=O)N1CCC[C@H](C(N)=O)C1,7.159468716081884
CSc1ncnc(N2CC[C@H](C(=O)N(C)C)C2)c1CC(=O)N1CCC[C@H](C(N)=O)C1,5.974361680056222
CSc1ncnc(N2CC[C@H](C(=O)N3CCC(C)CC3)C2)c1CC(=O)N1CCC[C@H](C(N)=O)C1,6.08170819903569
CSc1ncnc(N2CC[C@H](C)C2)c1CC(=O)N1CCC[C@H](C(N)=O)C1,6.293489458676176
CSc1ncnc(N2CC[C@H](OC(F)F)C2)c1CC(=O)N1CCC[C@H](C(N)=O)C1,6.925751444530095
CSc1ncnc(N2CC[C@H](SC)C2)c1CC(=O)N1CCC[C@H](C(N)=O)C1,6.9071041930964325
CSc1ncnc(N2CC[C@H]2C)c1CC(=O)N1CCC[C@H](C(N)=O)C1,6.695497686202032
CSc1ncnc(N2CCc3ccccc3CC2)c1CC(=O)N1CCC[C@H](C(N)=O)C1,6.483018872150272
CSc1ncnc(N2CCc3ccsc3C2)c1CC(=O)N1CCC[C@H](C(N)=O)C1,5.794648268341138
CSc1ncnc(N2CCc3cnc(C(C)C)nc3C2)c1CC(=O)N1CCC[C@H](C(N)=O)C1,5.912659591908459
CSc1ncnc(N2CCn3nc4c(c3C2)CCC4)c1CC(=O)N1CCC[C@H](C(N)=O)C1,5.601864484742403
CSc1ncnc(N2CCn3ncc(C#N)c3C2)c1CC(=O)N1CCC[C@H](C(N)=O)C1,6.13113891891355
CSc1ncnc(N2C[C@H]3C[C@H]3C2)c1CC(=O)N1CCC[C@H](C(N)=O)C1,6.558486174447746
CSc1ncnc(N2Cc3ccccc3C2)c1CC(=O)N1CCC[C@H](C(N)=O)C1,6.006913143117045
CSc1ncnc(SC)c1CC(=O)N1CCC[C@H](C(N)=O)C1,5.699017277769941
CSc1ncncc1CC(=O)N1CCC[C@H](C(N)=O)C1,5.186217598084144
C[C@H](C(=O)N1CCC[C@H](C(N)=O)C1)c1cn(C)nc1C(F)(F)F,4.462842099070634
C[C@H](C(=O)N1CCC[C@H](C(N)=O)C1)c1nc(F)ccc1Cl,4.277445359017488
C[C@H](Cc1cocn1)NC(=O)c1nn(C)c2ccccc12,4.9657785438458255
C[C@H](c1ccc(Cl)c(Br)c1)N1C[C@H](C(N)=O)CCC1=O,4.041436116778033
C[C@H](c1ccc2[nH]ncc2c1)N1C[C@H](C(N)=O)CCC1=O,4.180071698767357
C[C@H](c1cccc(Cl)c1F)N1C[C@H](C(N)=O)CCC1=O,4.632644078973981
C[C@H]1CC(=O)N(Cc2ccc3cnn(C)c3c2)C[C@@H]1C(N)=O,4.76433957251824
C[C@H]1CC(=O)N(Cc2ccc3cnn(C)c3c2)C[C@H]1C(N)=O,4.207870191519494
Cc1cc(C)c(CC(=O)N2CCC[C@H](C(N)=O)C2)c(=O)[nH]1,4.306273051076353
Cc1cc(C)c(Nc2ccn(C)n2)c(C)c1,5.3072486987698415
Cc1cc(C)c(Nc2ccn(C3COC3)n2)c(C)c1,5.016824927962187
Cc1cc(CNC(=O)c2cn(C)c3ccccc23)on1,4.953569528330592
Cc1cc2sccc2c(Cl)c1OC(=O)N1CCC[C@H](C(N)=O)C1,4.215114698485657
Cc1ccc(CC(=O)N2CCC[C@H](C(N)=O)C2)s1,4.633044431676764
Cc1ccc2c(C(=O)NCCc3cocn3)c[nH]c2c1,5.10808214227103
Cc1ccc2c(c1OC(=O)N1CCC[C@H](C(N)=O)C1)CCC2,4.479326279665005
Cc1ccc2c(cnn2C)c1Nc1ccn([C@H]2CCNC2=O)n1,4.937001727490601
Cc1ccc2ccccc2c1N1C[C@H](C(N)=O)CCC1=O,3.9425768354879955
Cc1ccc2cccnc2c1OC(=O)N1CCC[C@H](C(N)=O)C1,4.597502408486665
Cc1cccc(CC(=O)N2CCC[C@H](C(N)=O)C2)c1,4.290127690297292
Cc1cccc(CNC(=O)N2CCC[C@H](C(N)=O)C2)c1,4.967584368389079
Cc1cccc(N(CC(=O)N2CCCCC2)C(=O)N2CCC[C@H](C(N)=O)C2)c1,4.627087997029894
Cc1cccc(N2CCCN(CCC(N)=O)C2=O)c1,4.9115465169214945
Cc1cccc(NC(=O)N2CCC[C@H](C(N)=O)C2)c1,4.246416941107094
Cc1ccccc1CNC(=O)N1CCC[C@H](C(N)=O)C1,4.978810700930062
Cc1ccccc1NC(=O)N1CCC[C@H](C(N)=O)C1,4.386163320168128
Cc1ccccc1NC(=O)c1ccc(C)c(C(N)=O)c1,4.804100347590766
Cc1ccccc1NC(=O)c1cncc(C(N)=O)c1,4.632644078973981
Cc1cnc(CNS(=O)(=O)C[C@H](C)c2ccccc2)o1,4.8184062698439085
Cc1nc(C)c(CC(=O)N2CCC[C@H](C(N)=O)C2)[nH]1,5.409458546594426
Cc1nc2ccccc2n1CC(=O)N1CCC[C@H](C(N)=O)C1,4.137777547252243
Cc1nc2n(c1CC(=O)N1CCC[C@H](C(N)=O)C1)CCCC2,5.221581099702723
Cc1ncnc(C)c1CC(=O)N1CCC[C@H](C(N)=O)C1,3.654064344980796
Cc1nn(C)c(C)c1CC(=O)N[C@H](CNC(=O)CCl)c1ccc2ccccc2c1,4.660785023463071
Cc1nn(C)c2cc(C(=O)NCCc3cocn3)ccc12,4.945173530861923
Cc1ocnc1CCNC(=O)c1nn(C)c2ccccc12,5.09799710864927
Cc1sc([C@H](C)N2C[C@H](C(N)=O)CCC2=O)nc1-c1ccco1,4.604279969816917
Cn1cc(CC(=O)N2C[C@H](C(N)=O)C[C@@H]3C[C@@H]32)cn1,4.608000737058194
Cn1cc(NS(=O)(=O)N2CCC[C@H](C(N)=O)C2)cn1,5.738140147629213
Cn1cc2c(CC(=O)N3CCC[C@H](C(N)=O)C3)cccc2n1,4.405607449624573
Cn1cc2c(CC(=O)N3CC[C@H](C(N)=O)C3)cccc2n1,4.410050398674293
Cn1cc2c(n1)CCC[C@H]2C(=O)N1CCC[C@H](C(N)=O)C1,3.7495909235288316
Cn1cc2cccc(NC(=O)Cc3cocn3)c2n1,4.662403924407542
Cn1ccnc1[C@H](c1ccccc1)N1C[C@H](C(N)=O)CC1=O,4.649751981665837
Cn1cnc(CCNC(=O)c2nn(C)c3ccccc23)c1,5.2372107018718905
Cn1cnc2c(NC(=O)N3CCC[C@H](C(N)=O)C3)cccc21,5.398637148380375
Cn1nc(C(=O)N2Cc3ccccc3C[C@H]2CN)c2ccccc21,5.041436116778033
Cn1nc(C(=O)NC2CC2)c2cc(F)ccc21,4.887413111043684
Cn1nc(C(=O)NCC(F)(F)c2ccccn2)c2ccccc21,5.168134464700943
Cn1nc(C(=O)NCCc2ccc(S(C)(=O)=O)cc2)c2ccccc21,4.84887783952492
Cn1nc(C(=O)NCCc2cocn2)c2ccccc2c1=O,5.170374765613669
Cn1nc(C(=O)NCCc2cocn2)c2cccnc21,4.981705511622298
Cn1nc(C(=O)NCCc2cscn2)c2ccccc21,5.337951414156192
Cn1nc(C(=O)NCCn2cncn2)c2ccccc21,4.939565029910406
Cn1nc(C(=O)N[C@H]2CCOC2)c2ccccc21,5.062339877849264
Cn1nc(C(=O)N[C@H]2C[C@H]2CO)c2ccccc21,4.8958754625504275
Cn1nc(C(=O)Nc2cn[nH]c2)c2ccccc21,4.7783685062706525
Cn1nc(C(N)=O)c2cc(F)ccc21,5.050703769890054
Cn1nc(CC(=O)N2CC(C(N)=O)C2)c2ccccc21,4.610833915635467
Cn1nc(CN2C[C@H](C(N)=O)CCC2=O)c2ccccc21,5.116903441948165
Cn1ncc(-c2cc(Cl)cc(Cl)c2)c1CC(=O)N1CCC[C@H](C(N)=O)C1,4.958377726777354
Cn1ncc(C(=O)NCCc2cocn2)n1,5.5457146015143275
Cn1ncc2ccc(CN3C[C@H](C(N)=O)CC(C)(C)C3=O)cc21,4.005682847330363
Cn1ncc2ccc(CN3C[C@H](C(N)=O)CCC3=O)cc21,4.026655009457717
N#CC1CC(NC(=O)C2(c3ccc(Cl)cc3Cl)CCOCC2)C1,4.726469830785563
N#CCc1cccc(NC(=O)N2CCC[C@H](C(N)=O)C2)c1,5.356959172517914
N#CCc1ccccc1CC(=O)N1CCC[C@H](C(N)=O)C1,5.101757238648579
N#Cc1ccc(Br)cc1OC(=O)N1CCC[C@H](C(N)=O)C1,4.421371068072836
N#Cc1cccc(CC(=O)N2CCC[C@H](C(N)=O)C2)n1,4.625197671079573
N#Cc1cccc(NC(=O)N2CCC[C@H](C(N)=O)C2)c1,5.1891284469127035
N#Cc1ccncc1OC(=O)N1CCC[C@H](C(N)=O)C1,4.504331180271011
N#Cc1nccc(CC(=O)N2CCC[C@H](C(N)=O)C2)n1,4.006352818021342
N#Cc1ncncc1CC(=O)N1CCC[C@H](C(N)=O)C1,4.424812155072339
N#Cc1sccc1CC(=O)N1CCC[C@H](C(N)=O)C1,5.008444067750377
NC(=O)CC1CCN(C(=O)c2cccc(F)c2)CC1,4.5977462809495115
NC(=O)C[C@H]1CCCN(c2ncnc3ccccc23)C1,4.959254335737151
NC(=O)[C@H]1CC(=O)N(Cc2cccc3c2OCC3)C1,5.0762380391713
NC(=O)[C@H]1CCC(=O)N(C[C@H]2CCOc3ccccc32)C1,4.620443689892642
NC(=O)[C@H]1CCC(=O)N(Cc2cc(F)cnc2C(F)(F)F)C1,4.315546325758652
NC(=O)[C@H]1CCC(=O)N(Cc2ccc3cc[nH]c3c2)C1,4.611743840379951
NC(=O)[C@H]1CCC(=O)N(Cc2cccc(F)c2)C1,4.255233465290414
NC(=O)[C@H]1CCC(=O)N(Cc2ccsc2)C1,3.774068781319247
NC(=O)[C@H]1CCC(=O)N([C@@H]2CCCc3ccccc32)C1,4.5934598195660445
NC(=O)[C@H]1CCC(=O)N([C@H](CC(F)(F)F)c2cc(Cl)cc(Cl)c2)C1,4.327996747928408
NC(=O)[C@H]1CCC(=O)N([C@H]2CCCc3ccccc32)C1,4.631937259138866
NC(=O)[C@H]1CCC(=O)N(c2cc3cnccc3c(F)c2F)C1,4.801706220928761
NC(=O)[C@H]1CCCN(C(=O)C(c2ccccc2)c2ccccc2)C1,5.179858685151659
NC(=O)[C@H]1CCCN(C(=O)C2(O)CCSCC2)C1,4.388276691992658
NC(=O)[C@H]1CCCN(C(=O)C2(c3ccoc3)CCC2)C1,4.618930913825583
NC(=O)[C@H]1CCCN(C(=O)C2CCSCC2)C1,4.603800652904264
NC(=O)[C@H]1CCCN(C(=O)CC2CSC2)C1,4.607306606035202
NC(=O)[C@H]1CCCN(C(=O)C[C@H]2CSCCS2)C1,4.617982957425132
NC(=O)[C@H]1CCCN(C(=O)Cc2cc(C(F)(F)F)ccc2C(F)(F)F)C1,3.806800765395556
NC(=O)[C@H]1CCCN(C(=O)Cc2cc(C(F)(F)F)ccc2Cl)C1,4.906948150425689
NC(=O)[C@H]1CCCN(C(=O)Cc2cc3c(cc2Cl)OCCO3)C1,4.037176387439713
NC(=O)[C@H]1CCCN(C(=O)Cc2ccc3c(c2)CCC(=O)N3)C1,4.349692476868063
NC(=O)[C@H]1CCCN(C(=O)Cc2cccc(Cl)c2Cl)C1,4.065026720650614
NC(=O)[C@H]1CCCN(C(=O)Cc2cccc3c2CCC3)C1,3.9502403164313624
NC(=O)[C@H]1CCCN(C(=O)Cc2cccc3c2SCC3)C1,3.551812748385584
NC(=O)[C@H]1CCCN(C(=O)Cc2cccc3cn[nH]c23)C1,5.011185771310347
NC(=O)[C@H]1CCCN(C(=O)Cc2cccc3ncsc23)C1,3.9648133085158968
NC(=O)[C@H]1CCCN(C(=O)Cc2cccc3nsnc23)C1,4.492392502728005
NC(=O)[C@H]1CCCN(C(=O)Cc2cccc3occc23)C1,3.960269771303526
NC(=O)[C@H]1CCCN(C(=O)Cc2cccc3sccc23)C1,3.9387751065420744
NC(=O)[C@H]1CCCN(C(=O)Cc2ccccc2CO)C1,4.345773777137761
NC(=O)[C@H]1CCCN(C(=O)Cc2ccccc2CS(N)(=O)=O)C1,4.1353809799419725
NC(=O)[C@H]1CCCN(C(=O)Cc2ccccc2OC(F)F)C1,4.2296663664747784
NC(=O)[C@H]1CCCN(C(=O)Cc2cccnc2Cl)C1,3.43690985073048
NC(=O)[C@H]1CCCN(C(=O)Cc2cccnc2O)C1,5.153756287657022
NC(=O)[C@H]1CCCN(C(=O)Cc2ccnc(Cl)c2Br)C1,4.162204305054052
NC(=O)[C@H]1CCCN(C(=O)Cc2ccnc(Cl)n2)C1,4.653647025549361
NC(=O)[C@H]1CCCN(C(=O)Cc2ccncc2Cl)C1,5.18523404082538
NC(=O)[C@H]1CCCN(C(=O)Cc2ccsc2)C1,4.589713631215067
NC(=O)[C@H]1CCCN(C(=O)Cc2cncnc2Cl)C1,4.037630664329979
NC(=O)[C@H]1CCCN(C(=O)Cc2ncc3ccc(Br)cn23)C1,4.424218724311264
NC(=O)[C@H]1CCCN(C(=O)Cc2ncncc2Cl)C1,4.03673794170959
NC(=O)[C@H]1CCCN(C(=O)Cn2cc(Br)cc(Cl)c2=O)C1,3.7253509633996433
NC(=O)[C@H]1CCCN(C(=O)NCC2CC2)C1,5.064884396650843
NC(=O)[C@H]1CCCN(C(=O)Nc2cc3c(cc2Cl)OCO3)C1,4.6271423700874985
NC(=O)[C@H]1CCCN(C(=O)Nc2cccc3c2S(=O)(=O)CCC3)C1,4.616184634019569
NC(=O)[C@H]1CCCN(C(=O)Nc2cccc3c2SCCC3)C1,4.5141394746468695
NC(=O)[C@H]1CCCN(C(=O)Nc2ccccc2F)C1,4.851286884122841
NC(=O)[C@H]1CCCN(C(=O)Nc2ccccc2OCC(F)(F)F)C1,5.15661038833037
NC(=O)[C@H]1CCCN(C(=O)Nc2ccccc2SC(F)F)C1,4.325140144305149
NC(=O)[C@H]1CCCN(C(=O)OC2CCCCC2)C1,4.042264201974706
NC(=O)[C@H]1CCCN(C(=O)[C@H](CN2CCCC2)c2ccccc2)C1,5.024630533433036
NC(=O)[C@H]1CCCN(C(=O)[C@H](Cc2ccc(F)cc2)c2ccccc2)C1,5.478592246479633
NC(=O)[C@H]1CCCN(C(=O)[C@H](OCC2CCCC2)c2ccccc2)C1,5.5670035086585905
NC(=O)[C@H]1CCCN(C(=O)[C@H](Sc2ccccc2)c2ccccc2)C1,5.135488918941608
NC(=O)[C@H]1CCCN(C(=O)[C@H](c2ccccc2)n2cccn2)C1,4.869666231504994
NC(=O)[C@H]1CCCN(C(=O)[C@H]2CCNc3[nH]ncc32)C1,5.556193958463214
NC(=O)[C@H]1CCCN(C(=O)[C@H]2CCOc3ccc(Cl)cc32)C1,5.28547334915742
NC(=O)[C@H]1CCCN(C(=O)[C@H]2CCSc3ccccc32)C1,4.826813731587726
NC(=O)[C@H]1CCCN(C(=O)[C@H]2CC[C@H]2c2ccc(Cl)cc2)C1,4.000869458712629
NC(=O)[C@H]1CCCN(C(=O)[C@H]2CCc3cccc(Br)c32)C1,4.479401524821051
NC(=O)[C@H]1CCCN(C(=O)[C@H]2CCc3cccc(O)c32)C1,5.148337017678052
NC(=O)[C@H]1CCCN(C(=O)[C@H]2CCc3snnc32)C1,4.667561540084395
NC(=O)[C@H]1CCCN(C(=O)[C@H]2SCc3cccnc32)C1,4.60382166833978
NC(=O)[C@H]1CCCN(C(=O)[C@]2(Cc3ccc(F)cc3)CCCCO2)C1,4.609064892896621
NC(=O)[C@H]1CCCN(C(=O)c2ccnc3[nH]ncc23)C1,4.787812395596042
NC(=O)[C@H]1CCN(C(=O)Cc2c(Cl)cccc2Cl)C1,4.7544873321858505
NC(=O)[C@H]1CCN(C(=O)Cc2cc(C(F)(F)F)ccc2Cl)C1,5.04901488179868
NC(=O)[C@H]1CCN(C(=O)Cn2c(=O)sc3ccc(Cl)cc32)C1,4.001740661576301
NC(=O)[C@H]1CCN(C(=O)Cn2cc(Br)cc(Cl)c2=O)C1,4.024899837282849
NC(=O)[C@H]1CCN(C(=O)[C@H]2CCCN2C(=O)c2cccs2)C1,5.012334272309165
NC(=O)[C@H]1CCN(C(=O)[C@H]2CCOc3ccc(Cl)cc32)C1,4.437172628708407
NC(=O)[C@H]1CCN(C(=O)[C@H]2CSc3ccccc32)C1,4.1290096443216555
NC(=O)[C@H]1CCN(C(=O)[C@H]2SCCc3sccc32)C1,4.430090742898188
NC(=O)[C@H]1C[C@@H]2C[C@@H]2N(C(=O)Cc2ccccc2Cl)C1,4.579682295887682
NC(=O)[C@H]1C[C@H]2C[C@H]2N(C(=O)Cc2ccccc2Cl)C1,4.476253533188435
NC(=O)[C@]12CN(C(=O)Cc3ccccc3Cl)C[C@@H](C1)C2,4.0045909104114665
NC(=O)c1ccccc1CC(=O)N1CCC[C@H](C(N)=O)C1,3.6601119739435575
O=C(NCCc1cocn1)N1CCc2ccccc21,5.162973800773931
O=C(NCCc1cocn1)c1ccccc1,5.093196163745395
