final rank,initial rank,user,CLD,MAE_display,RAE_display,R2_display,Spearman R_display,Kendall's Tau_display,model details
1,1,pebble,a,0.2242 ± 0.0025,0.5113 ± 0.0070,0.6372 ± 0.0102,0.7932 ± 0.0058,0.6207 ± 0.0056,https://docs.google.com/document/d/11YF4Izk_XffIvXf1LahnTICKf8rbdv9mcYl42-7yt8A/edit?usp=sharing
2,3,overfit,b,0.2344 ± 0.0026,0.5284 ± 0.0070,0.6414 ± 0.0100,0.7881 ± 0.0060,0.6082 ± 0.0058,https://docs.google.com/document/d/16QIFGZRlQbZGRnP7PKODNLCRiq029fDoMiEiVFF03hE/edit?usp=sharing
3,5,moka,c,0.2331 ± 0.0025,0.5321 ± 0.0070,0.6253 ± 0.0103,0.7912 ± 0.0062,0.6169 ± 0.0058,https://github.com/dahvida/openadmet-expansionrx-blind-challenge-moka
4,2,campfire-capillary,d,0.2431 ± 0.0026,0.5517 ± 0.0069,0.5962 ± 0.0103,0.7555 ± 0.0064,0.5818 ± 0.0059,https://github.com/campfire-capillary/OpenADMETExpansionRx/blob/main/README.md
5,4,shin-chan,e,0.2432 ± 0.0026,0.5536 ± 0.0073,0.5902 ± 0.0111,0.7686 ± 0.0063,0.5941 ± 0.0058,https://docs.google.com/document/d/1A6sRjezd7GSeLatF7VTE9NeFhmA4rSzmgTvZTL1_Nh4/edit?usp=sharing
6,11,HybridADMET,f,0.2454 ± 0.0028,0.5582 ± 0.0072,0.5778 ± 0.0118,0.7590 ± 0.0067,0.5848 ± 0.0062,https://docs.google.com/document/d/1WD2EVaud7UFCZk5qOZ1_sV_UcGgjlQXkSivTRppDq9Q/edit?usp=sharing
7,7,rced_nvx,g,0.2482 ± 0.0027,0.5663 ± 0.0073,0.5786 ± 0.0108,0.7465 ± 0.0069,0.5725 ± 0.0062,https://github.com/cedenoruel/OpenADMET-ExpansionRx-Blind-Challenge/blob/main/README.md
8,8,tibo,g,0.2485 ± 0.0027,0.5672 ± 0.0073,0.5787 ± 0.0107,0.7491 ± 0.0067,0.5742 ± 0.0061,https://github.com/Tibogoss/OpenADMET-ExpansionRx/blob/main/README.md
9,6,beetroot,h,0.2509 ± 0.0027,0.5726 ± 0.0075,0.5721 ± 0.0116,0.7441 ± 0.0071,0.5673 ± 0.0063,https://docs.google.com/document/d/e/2PACX-1vTcBMF2uEAu1POdvZKpA0fHCtvk1JlsolEZQgFZeOxzctH1jILjzsI2uZJL2uL9EZCwdyQ2MsQIJBfy/pub
10,25,temal,i,0.2562 ± 0.0027,0.5809 ± 0.0074,0.5514 ± 0.0108,0.7649 ± 0.0061,0.5881 ± 0.0058,https://docs.google.com/document/d/1IqyTGGB2FLgYpptyst0XdTmZCHMETdX3/edit?usp=sharing&ouid=109801295390196144877&rtpof=true&sd=true
11,12,yanyn,i,0.2559 ± 0.0026,0.5818 ± 0.0071,0.5628 ± 0.0105,0.7522 ± 0.0065,0.5782 ± 0.0060,https://github.com/yan-notes/openadmet_submit_yan
12,9,crh201,i,0.2544 ± 0.0028,0.5824 ± 0.0079,0.5510 ± 0.0129,0.7366 ± 0.0071,0.5610 ± 0.0063,https://docs.google.com/document/d/1bMJvlXRRXZ6S-ZnoGmGkYXiIbZNwiDCp23j-Oq3pOJ0/edit?tab=t.0#heading=h.bjzyy4l1sb7l
13,58,arabica,j,0.2581 ± 0.0028,0.5880 ± 0.0075,0.5352 ± 0.0115,0.7514 ± 0.0067,0.5765 ± 0.0062,https://github.com/Ngoson2004/OpenADMET-ExpansionRX-Challenge.git
14,15,Gashaw,k,0.2596 ± 0.0026,0.5915 ± 0.0072,0.5526 ± 0.0111,0.7364 ± 0.0070,0.5622 ± 0.0063,https://docs.google.com/document/d/1-CgaIBOqN_156l_J2Ujx0tDy7OOq60k1YD0RJTqkG80/edit?usp=sharing
15,19,c-test,l,0.2607 ± 0.0027,0.5940 ± 0.0074,0.5463 ± 0.0109,0.7509 ± 0.0066,0.5768 ± 0.0061,https://docs.google.com/document/d/1-JpjWNB5aB2ShLqFGz7Yhf7g-lrMqXV3PHoufH3tho8/edit?tab=t.0
16,14,Universal15,"l,m",0.2626 ± 0.0028,0.5955 ± 0.0076,0.5438 ± 0.0114,0.7520 ± 0.0069,0.5751 ± 0.0062,https://docs.google.com/document/d/1RQTj1BBOKmtHgXschFUa_ZUdz1a0juRI0eXwnnLkPZE/edit?usp=sharing
17,27,echo,m,0.2619 ± 0.0027,0.5968 ± 0.0076,0.5416 ± 0.0112,0.7548 ± 0.0066,0.5806 ± 0.0061,https://docs.google.com/document/d/1nUIr9-EZc401HPdzErG6YnzW3BVy7I2CHUXqaIELLaY/edit?usp=sharing
18,10,Artichoke,"m,n",0.2623 ± 0.0029,0.5974 ± 0.0074,0.5173 ± 0.0115,0.7209 ± 0.0071,0.5543 ± 0.0063,https://docs.google.com/document/d/1Mbw0uKDZsQ8QAnQO5uBAdS8x3Z-UTfMhP1fqx2pqTD8/edit?usp=sharing
19,16,UncertainTea,"n,o",0.2661 ± 0.0027,0.5989 ± 0.0073,0.5508 ± 0.0107,0.7428 ± 0.0068,0.5666 ± 0.0062,https://github.com/un-certain-tea/OpenADMET-ExpansionRx-Challenge
20,70,liberica,"o,p",0.2641 ± 0.0028,0.5999 ± 0.0075,0.5224 ± 0.0117,0.7491 ± 0.0070,0.5734 ± 0.0063,https://github.com/Ngoson2004/OpenADMET-ExpansionRX-Challenge.git
21,21,beardy-polonium,"p,q",0.2673 ± 0.0028,0.6017 ± 0.0075,0.5345 ± 0.0116,0.7406 ± 0.0069,0.5672 ± 0.0062,https://drive.google.com/file/d/163hHzi_YIoM26sEFSTQ3Wo-2MzInuHeM/view?usp=drive_link
22,40,Ensem,q,0.2634 ± 0.0028,0.6029 ± 0.0077,0.5340 ± 0.0112,0.7520 ± 0.0067,0.5770 ± 0.0062,https://docs.google.com/document/d/1BUZ010oL0_fNPmp3Iw28NYi-wkSMz5E8b_RHuQ_dp_0/edit?tab=t.0
23,30,JacksonBurns,r,0.2670 ± 0.0029,0.6061 ± 0.0075,0.5266 ± 0.0114,0.7367 ± 0.0067,0.5577 ± 0.0062,https://github.com/JacksonBurns/openadmet_expansionrx/tree/f8efff6e739555337043574af3657cbe7af3e478
24,32,Proper,s,0.2681 ± 0.0028,0.6082 ± 0.0073,0.5225 ± 0.0116,0.7339 ± 0.0071,0.5596 ± 0.0063,https://docs.google.com/document/d/103DSkl24b98QG8McQmDVck-3n66LbIPml6r8ND_NldM/edit?usp=sharing
25,18,aglisman,s,0.2679 ± 0.0028,0.6090 ± 0.0079,0.5091 ± 0.0125,0.7386 ± 0.0069,0.5639 ± 0.0062,https://github.com/alec-glisman/OpenADMET-ExpansionRx-Blind-Challenge/blob/main/MODEL_CARD.md
26,29,vaishnavi53,s,0.2678 ± 0.0027,0.6091 ± 0.0075,0.5240 ± 0.0110,0.7194 ± 0.0072,0.5495 ± 0.0065,https://docs.google.com/document/d/1LGw0CJGVm1hCqLDEkIms7YXPMnHH3LADeEmcWn5xwtI/edit?usp=sharing
27,45,Na123,s,0.2662 ± 0.0028,0.6092 ± 0.0079,0.5255 ± 0.0114,0.7503 ± 0.0068,0.5751 ± 0.0062,https://docs.google.com/document/d/1BUZ010oL0_fNPmp3Iw28NYi-wkSMz5E8b_RHuQ_dp_0/edit?usp=sharing
28,28,nrosa1,t,0.2700 ± 0.0029,0.6123 ± 0.0079,0.5040 ± 0.0126,0.7375 ± 0.0071,0.5659 ± 0.0064,https://github.com/nrosa/openadmet-erx-challenge/blob/main/model_report.md
29,24,chundu05,"t,u",0.2727 ± 0.0029,0.6130 ± 0.0077,0.5211 ± 0.0127,0.7173 ± 0.0074,0.5418 ± 0.0066,https://docs.google.com/document/d/1DMiIxDK20FzTZgmBoZsy_FQw0iJGHhZYAhiNAc_SV_Q/edit?tab=t.0#heading=h.s2yx44dt2a2z
30,23,robusta,"t,u",0.2713 ± 0.0030,0.6133 ± 0.0079,0.4747 ± 0.0141,0.7376 ± 0.0073,0.5644 ± 0.0065,https://github.com/Ngoson2004/OpenADMET-ExpansionRX-Challenge.git
31,20,Hydra,u,0.2731 ± 0.0032,0.6142 ± 0.0081,0.4497 ± 0.0151,0.7082 ± 0.0076,0.5456 ± 0.0065,https://docs.google.com/document/d/1Jbr7aBBScvanrqfzYsnE1m-a3fJxgv_BIcfDQWls6BQ/edit?usp=sharing
32,44,Shorku,v,0.2703 ± 0.0028,0.6162 ± 0.0080,0.5244 ± 0.0116,0.7327 ± 0.0072,0.5581 ± 0.0064,https://github.com/Shorku/OpenADMET_ExpansionRx_Blind_Challenge
33,36,chiliflake,v,0.2698 ± 0.0028,0.6179 ± 0.0077,0.5106 ± 0.0113,0.7304 ± 0.0064,0.5533 ± 0.0059,https://docs.google.com/document/d/e/2PACX-1vR3i2EDTBjTZRKv2EIU0HJeCZRVPHpRk4LQ_LKuexDPphwveWyVCLWNZECGrW7KXPL9ZqdGNApNWh37/pub
34,38,interstellar-explorer,w,0.2763 ± 0.0032,0.6214 ± 0.0082,0.4633 ± 0.0146,0.7169 ± 0.0075,0.5494 ± 0.0065,https://docs.google.com/document/d/1cplc30gDCRcweL39KcN27ANOYPi9sZD_tAtfnMwgoeU/edit?usp=sharing
35,39,molairity,"w,x",0.2698 ± 0.0028,0.6228 ± 0.0078,0.5129 ± 0.0112,0.7221 ± 0.0071,0.5464 ± 0.0064,https://docs.google.com/document/d/1gszarZfGCUkn6ZyPhTazd0C3fyjuM3d2vcYY5EW7Lxw/edit?usp=sharing
36,52,tmp1234,"w,x",0.2702 ± 0.0029,0.6233 ± 0.0082,0.4968 ± 0.0132,0.7201 ± 0.0075,0.5488 ± 0.0065,https://docs.google.com/document/d/e/2PACX-1vQ1OAnGO4ZvVFwiiSUmFvaBfk8Hjetun_yDboslS6-p0GglV3vAgV1gZ1fJT0g1PtRlXcuS50kodogE/pub
37,26,okidoki,x,0.2762 ± 0.0029,0.6239 ± 0.0082,0.5056 ± 0.0119,0.7333 ± 0.0066,0.5552 ± 0.0061,https://docs.google.com/document/d/1yD6ZppdthvohCvc1fYvUi57Jsxu1XS5nuRYwHEGblp4/edit?tab=t.0
38,42,combo,y,0.2795 ± 0.0030,0.6261 ± 0.0076,0.5078 ± 0.0148,0.7154 ± 0.0073,0.5379 ± 0.0065,https://docs.google.com/document/d/1oWa1P6HHcntg8GSvAhLG8e576mYATK3HwOhCsVihWx8/edit?usp=drivesdk
39,54,Mlzzzzz,y,0.2758 ± 0.0029,0.6272 ± 0.0072,0.4934 ± 0.0111,0.7055 ± 0.0073,0.5311 ± 0.0064,https://docs.google.com/document/d/1NsDLCBnDzkOVd4bWe7iVAiZ3y-4PUTF3DdlDlJy7j3o/edit?tab=t.0
40,65,median3,z,0.2809 ± 0.0029,0.6330 ± 0.0074,0.4978 ± 0.0107,0.7096 ± 0.0070,0.5340 ± 0.0063,https://docs.google.com/document/d/1TC8rbtKGD0wOh3CmvKCnoz_Lkflniip9-4IgKkBPOY8/edit?usp=sharing
41,47,wikke69,z,0.2820 ± 0.0029,0.6338 ± 0.0078,0.4975 ± 0.0123,0.7138 ± 0.0074,0.5405 ± 0.0066,https://gist.github.com/dehaenw/1318d2265db7ab2744306a7b26e1c535
42,22,martin,A,0.2771 ± 0.0030,0.6387 ± 0.0089,0.4613 ± 0.0149,0.7039 ± 0.0078,0.5315 ± 0.0066,https://docs.google.com/document/d/1bMJvlXRRXZ6S-ZnoGmGkYXiIbZNwiDCp23j-Oq3pOJ0/edit?tab=t.0#heading=h.bjzyy4l1sb7l
43,59,mechaman,A,0.2803 ± 0.0031,0.6390 ± 0.0081,0.4465 ± 0.0134,0.6989 ± 0.0077,0.5259 ± 0.0066,https://docs.google.com/document/d/1AKNCdPrxqh9QTG1RwOPitm7AUvUHLNl341EzFl9t4o8/edit?usp=sharing
44,63,madie31,B,0.2861 ± 0.0029,0.6419 ± 0.0078,0.4817 ± 0.0114,0.6901 ± 0.0070,0.5164 ± 0.0063,https://deu01.safelinks.protection.outlook.com/?url=https%3A%2F%2Fdocs.google.com%2Fdocument%2Fd%2F1bwf4dckzznWy4DbNXrNxB_jbWFAwRAGa%2Fedit%3Fusp%3Ddrive_link%26ouid%3D100007225775794272332%26rtpof%3Dtrue%26sd%3Dtrue&data=05%7C02%7CLaetitia.Breuil%40evotec.com%7C6adc287ff3c74acba6d008de56a9a9f2%7C3047e55219ba4ca2a020799287660985%7C0%7C0%7C639043483862053326%7CUnknown%7CTWFpbGZsb3d8eyJFbXB0eU1hcGkiOnRydWUsIlYiOiIwLjAuMDAwMCIsIlAiOiJXaW4zMiIsIkFOIjoiTWFpbCIsIldUIjoyfQ%3D%3D%7C0%7C%7C%7C&sdata=W%2BY9Rq8RyDV5P2u3sO5%2Bi1CT1Tlwlv5tA0qHU%2BkppM0%3D&reserved=0
45,68,pequqa,B,0.2857 ± 0.0029,0.6426 ± 0.0071,0.4933 ± 0.0112,0.6955 ± 0.0074,0.5190 ± 0.0065,https://docs.google.com/document/d/12ZIbady_SwV9ICSvMWcKBPoGAZxVbn5_f-xpMaK6iJA/edit?usp=sharing
46,73,ZaZdrowie,C,0.2869 ± 0.0029,0.6454 ± 0.0072,0.4951 ± 0.0104,0.7114 ± 0.0075,0.5316 ± 0.0065,https://gist.github.com/vchupakhinslp/4eac9f483b2b55168ed4f0d10d92455c
47,79,rappleton,C,0.2838 ± 0.0029,0.6455 ± 0.0077,0.4848 ± 0.0112,0.7234 ± 0.0072,0.5491 ± 0.0064,https://github.com/R-applet/ADMET_Challenge_2025/tree/main
48,88,kermt-t,D,0.2826 ± 0.0029,0.6486 ± 0.0079,0.4557 ± 0.0117,0.7146 ± 0.0069,0.5427 ± 0.0062,https://docs.google.com/document/d/1EZ99fCvqHSbhJxk2tqUKNOcVmi-iDENwvK1zuVqGLpc/edit?usp=sharing
49,71,briford,E,0.2850 ± 0.0030,0.6532 ± 0.0084,0.4559 ± 0.0123,0.7028 ± 0.0079,0.5285 ± 0.0068,https://github.com/SuperCowPowers/workbench/tree/main/open_admet
50,86,WakuwakuADMET,F,0.2851 ± 0.0030,0.6558 ± 0.0084,0.4547 ± 0.0134,0.6909 ± 0.0075,0.5178 ± 0.0064,https://huggingface.co/WakuwakuADMET/OpenADMET_ExpansionRx_Challenge_Methodology_Report
51,116,Q_Accel,G,0.2931 ± 0.0031,0.6684 ± 0.0085,0.4117 ± 0.0147,0.6801 ± 0.0077,0.5120 ± 0.0066,https://docs.google.com/document/d/1f5yJKuEwGoVsXdp3lB_lnuruEi86-M7SNyhrRkBRbDs/edit?usp=sharing
52,90,DMakarov,G,0.2923 ± 0.0031,0.6689 ± 0.0083,0.4258 ± 0.0127,0.6698 ± 0.0078,0.4970 ± 0.0067,https://github.com/MDMISC/OpenADMET
53,114,lifaen,H,0.2989 ± 0.0031,0.6755 ± 0.0082,0.4048 ± 0.0137,0.6687 ± 0.0077,0.5013 ± 0.0065,https://docs.google.com/document/d/1ng3NAEPVjCxvTXzGQfE4bCtfqj0Tms-Zkxr3YyfHBZA/edit?usp=sharing
54,120,jeremy,I,0.2984 ± 0.0029,0.6813 ± 0.0084,0.4360 ± 0.0135,0.6828 ± 0.0079,0.5118 ± 0.0068,https://github.com/jeremycheminf/openadmet_scripts/tree/main
55,110,theZone,I,0.2941 ± 0.0031,0.6814 ± 0.0094,0.4328 ± 0.0145,0.7123 ± 0.0077,0.5380 ± 0.0065,https://drive.google.com/file/d/12OcLMCjM2S1Wz8yuLXZ3on_xwxGMyg3x/view?usp=drive_link
56,111,KagakuData,I,0.3055 ± 0.0031,0.6815 ± 0.0080,0.4370 ± 0.0121,0.6799 ± 0.0080,0.5052 ± 0.0071,https://github.com/KagakuAI/QSARcons
57,101,diliadis,J,0.3028 ± 0.0030,0.6835 ± 0.0080,0.4369 ± 0.0117,0.6792 ± 0.0075,0.5057 ± 0.0065,https://docs.google.com/document/d/1sdAHKfckhfJBOAnkWTo0iYpFmvKm_nrkSnmymrJgTy0/edit?usp=sharing
58,118,vibdsobeyens,J,0.2995 ± 0.0033,0.6844 ± 0.0089,0.3894 ± 0.0153,0.6562 ± 0.0085,0.4872 ± 0.0071,https://docs.google.com/document/d/1sdAHKfckhfJBOAnkWTo0iYpFmvKm_nrkSnmymrJgTy0/edit?tab=t.0#heading=h.6pqvt9f1ijp7
59,109,leeherman,K,0.3068 ± 0.0032,0.6882 ± 0.0090,0.4120 ± 0.0142,0.6695 ± 0.0081,0.4969 ± 0.0071,https://docs.google.com/document/d/1_VPsW3p-zKztMqxTWbBNwhddvkqRS3ZWLmfO04nU9Lw/edit?usp=sharing
60,138,rez3vil,L,0.3096 ± 0.0031,0.6963 ± 0.0085,0.4110 ± 0.0129,0.6536 ± 0.0084,0.4838 ± 0.0073,https://github.com/rez3vil/OpenADMET-ExpansionRx-Challenge.git
61,143,agitter,M,0.3124 ± 0.0031,0.7015 ± 0.0085,0.4067 ± 0.0130,0.6677 ± 0.0082,0.4949 ± 0.0071,https://github.com/agitter/openadmet-expansionrx-challenge
62,165,riemann,N,0.3138 ± 0.0031,0.7083 ± 0.0082,0.3710 ± 0.0133,0.6500 ± 0.0077,0.4813 ± 0.0065,https://docs.google.com/document/d/1N_huCHcjGN2OpioMyZBE3Pi5LRhVJoG2t3CFkqIHy50/edit?usp=sharing
63,169,itetko,O,0.3133 ± 0.0030,0.7115 ± 0.0079,0.3908 ± 0.0117,0.6868 ± 0.0076,0.5124 ± 0.0066,https://docs.google.com/document/d/1wh6lkdgEl7lMLSyxhuMXVd3E4Pqqbo--lPdxb_hoTkM/edit?tab=t.0
64,170,davidgiganti,O,0.3132 ± 0.0033,0.7129 ± 0.0075,0.3506 ± 0.0130,0.6486 ± 0.0089,0.4820 ± 0.0073,https://github.com/davidgiganti-ship-it/OpenADMET-ExpansionRx-Challenge
65,150,KNIMEST,P,0.3115 ± 0.0033,0.7184 ± 0.0102,0.3507 ± 0.0180,0.6707 ± 0.0081,0.4969 ± 0.0068,https://docs.google.com/document/d/1e0LpSpYW4VM2c9xVnSKykDDpP9lvdUSIsAJ6h1qbt4E/edit?usp=drive_link
66,167,iCsmiles,P,0.3154 ± 0.0032,0.7184 ± 0.0079,0.3490 ± 0.0128,0.6424 ± 0.0079,0.4719 ± 0.0068,https://huggingface.co/datasets/JustLeonard/ML/blob/main/readmev2.pdf
67,156,EGabrielle,P,0.3121 ± 0.0030,0.7185 ± 0.0082,0.4004 ± 0.0113,0.6581 ± 0.0082,0.4846 ± 0.0070,https://github.com/etiu/Openadmet_competition_v2
68,148,AzizA-A,Q,0.3240 ± 0.0031,0.7238 ± 0.0084,0.3827 ± 0.0125,0.6548 ± 0.0081,0.4837 ± 0.0070,https://github.com/AzizAbusaleh/OpenADMET-Challenge2026/blob/3da375b0f8f801a03873ea69622ebb31d7f907fb/Report.pdf
69,160,tespharma,R,0.3156 ± 0.0031,0.7258 ± 0.0094,0.3508 ± 0.0148,0.6706 ± 0.0083,0.4961 ± 0.0069,https://docs.google.com/document/d/1ydaJf4kJOlfVOoYlXTEU0JNrINWhEwfM0NSPXJU-FtU/edit?usp=sharing
70,139,Kalen_UCL,R,0.3224 ± 0.0030,0.7260 ± 0.0087,0.3918 ± 0.0119,0.6586 ± 0.0078,0.4839 ± 0.0067,https://docs.google.com/document/d/1KYbdAJxJaDNGEy6DhjyhK7jZJM5J8KHEOX3MAB_b6Jc/edit?usp=sharing
71,178,eq_az,"R,S",0.3171 ± 0.0030,0.7272 ± 0.0075,0.3850 ± 0.0113,0.6507 ± 0.0080,0.4806 ± 0.0069,https://drive.google.com/drive/folders/1AE9iD5EHYA7Kri1Z1hywNPXMaQl0-4iQ
72,152,ellieberry,S,0.3153 ± 0.0030,0.7284 ± 0.0087,0.3813 ± 0.0128,0.6525 ± 0.0083,0.4828 ± 0.0070,https://github.com/etiu/Openadmet_competition_v2
73,155,tiuel,T,0.3262 ± 0.0032,0.7328 ± 0.0088,0.3741 ± 0.0137,0.6415 ± 0.0088,0.4710 ± 0.0074,https://github.com/etiu/OpenAdmet_competition
74,176,jonswain,T,0.3262 ± 0.0033,0.7341 ± 0.0086,0.3352 ± 0.0140,0.6119 ± 0.0089,0.4489 ± 0.0072,https://github.com/jonswain/OpenADMET_ExpansionRx_Blind_Challenge
75,189,3dprint,U,0.3269 ± 0.0033,0.7409 ± 0.0072,0.3251 ± 0.0121,0.5778 ± 0.0085,0.4178 ± 0.0068,https://tinyurl.com/mnb2csbe
76,221,pykel,U,0.3176 ± 0.0034,0.7417 ± 0.0086,0.3023 ± 0.0161,0.6205 ± 0.0090,0.4581 ± 0.0073,https://docs.google.com/document/d/e/2PACX-1vSu7dHC9-lGeMKyqHaiiPM3Ji_Mb-eLKKtOd453WzbMSH9bT2Bbct4e1TJ6a0kfquMTwK1V-JirxJDi/pub
77,201,wleco22,V,0.3328 ± 0.0033,0.7557 ± 0.0092,0.3329 ± 0.0149,0.6315 ± 0.0087,0.4619 ± 0.0073,https://docs.google.com/document/d/1wxbX96aE9hxgvmUqbeLkxdDe4sRU1DcBXKB08eLo8G0/edit?usp=sharing
78,190,femisegvn,W,0.3420 ± 0.0033,0.7614 ± 0.0091,0.3253 ± 0.0148,0.6205 ± 0.0086,0.4512 ± 0.0072,https://github.com/femisegvn/ExpansionRx-OpenADMET-blind-challenge
79,240,Kandagalla,X,0.3431 ± 0.0035,0.7716 ± 0.0090,0.2747 ± 0.0157,0.5789 ± 0.0096,0.4152 ± 0.0077,https://drive.google.com/file/d/1uJbizC6W-chHjzeq7uaQw42Cv91IsEAk/view?usp=sharing
80,247,csaba-percept-bio,Y,0.3405 ± 0.0033,0.7736 ± 0.0081,0.2929 ± 0.0129,0.5988 ± 0.0089,0.4331 ± 0.0074,https://docs.google.com/document/d/1dzNWT8oyR0-ja_zT6q7bBMPfMTOH2gByY25Sbd13UOs/
81,248,tomatpercept,Y,0.3405 ± 0.0033,0.7736 ± 0.0081,0.2929 ± 0.0129,0.5988 ± 0.0089,0.4331 ± 0.0074,https://docs.google.com/document/d/1dzNWT8oyR0-ja_zT6q7bBMPfMTOH2gByY25Sbd13UOs/edit?usp=sharing
82,208,Harshit494,Z,0.3452 ± 0.0032,0.7765 ± 0.0089,0.3186 ± 0.0133,0.6191 ± 0.0088,0.4506 ± 0.0074,https://github.com/research-al/admet-challenge
83,207,vibeADMET,@a,0.3489 ± 0.0032,0.7822 ± 0.0092,0.3015 ± 0.0141,0.6041 ± 0.0087,0.4398 ± 0.0073,https://docs.google.com/document/d/e/2PACX-1vT8yCpYslYvCvcrZuZElChg6XVSx6HH1U4wZ0sLlHy6828LwVCBXSU4FTpwYvL8hDr7ReomL5q_PPki/pub
84,261,SystemsCBLab,@b,0.3447 ± 0.0032,0.7926 ± 0.0082,0.2898 ± 0.0125,0.5955 ± 0.0093,0.4349 ± 0.0075,https://github.com/apalania/OpenADMET-ExpansionRx-Challenge/blob/main/MethodologyReport_v2.pdf
85,198,XeonChem,@c,0.3441 ± 0.0035,0.7964 ± 0.0109,0.1959 ± 0.0200,0.6288 ± 0.0093,0.4632 ± 0.0076,https://docs.google.com/document/d/1-N0GW_6HnSx4rYVoyKCGjGUWxcBXyxwWsmi38lueZck/edit?usp=sharing
86,259,Discoverybytes,@c,0.3571 ± 0.0035,0.7978 ± 0.0091,0.2630 ± 0.0146,0.5599 ± 0.0099,0.4019 ± 0.0080,https://docs.google.com/document/d/1fNlOGOvF_lrqWz8-MY3oNyXKUSy5_wWmZeukAEUUFf0/edit?usp=drive_link
87,214,mkruege,@d,0.3478 ± 0.0034,0.8011 ± 0.0110,0.2317 ± 0.0187,0.6270 ± 0.0082,0.4549 ± 0.0068,https://doi.org/10.17617/3.GIKHJL
88,149,massazahdeh,@d,0.3646 ± 0.0152,0.8014 ± 0.0288,-7.9559 ± 3.1500,0.6992 ± 0.0075,0.5244 ± 0.0066,https://huggingface.co/spaces/openadmet/OpenADMET-ExpansionRx-Challenge
89,242,AIDDLin,@e,0.3595 ± 0.0036,0.8119 ± 0.0098,0.2048 ± 0.0172,0.5706 ± 0.0089,0.4119 ± 0.0072,https://github.com/linshaolong11/CAMF.git
90,277,rymsnyde,@f,0.3637 ± 0.0034,0.8308 ± 0.0104,0.1705 ± 0.0181,0.5764 ± 0.0089,0.4179 ± 0.0072,https://github.com/rymsnyde/LMC-MO-GPR_for_ADMET
91,284,boltzmann4,@g,0.3696 ± 0.0032,0.8402 ± 0.0098,0.2004 ± 0.0169,0.6317 ± 0.0084,0.4617 ± 0.0071,https://docs.google.com/document/d/1-yiygaQi4SC5-4TdrAo8faxW2CNO7YvJ/edit?usp=sharing&ouid=111440856211122900819&rtpof=true&sd=true
92,296,Apxjmd,@h,0.3787 ± 0.0036,0.8591 ± 0.0091,0.1321 ± 0.0162,0.5152 ± 0.0093,0.3712 ± 0.0072,https://docs.google.com/document/d/1r3o16KmaizQJb67i8G6lsYeIVsjUp3pSsK5u5GPqrBs/edit?usp=sharing
93,303,eachanjohnson,@i,0.3894 ± 0.0034,0.8886 ± 0.0086,0.1130 ± 0.0141,0.4971 ± 0.0096,0.3528 ± 0.0074,https://github.com/eachanjohnson/challenge-2601-openadmet
94,305,metro_mehed,@i,0.3963 ± 0.0034,0.8892 ± 0.0094,0.1210 ± 0.0148,0.5396 ± 0.0094,0.3812 ± 0.0073,https://docs.google.com/document/d/1xseb0nWU162fvvG8jFDoEKX_nx4qEflHMrNmDNSn2Oo/edit?usp=drive_link
95,309,sudhir2016,@j,0.4010 ± 0.0036,0.9010 ± 0.0104,0.0614 ± 0.0203,0.5365 ± 0.0100,0.3784 ± 0.0075,https://gist.github.com/sudhir2016/e6a488fe6a856dfc3d8b6734b612a6a5
96,317,mtqspr_pcamor,@k,0.4450 ± 0.0038,1.0122 ± 0.0139,-0.1798 ± 0.0310,0.6780 ± 0.0075,0.5037 ± 0.0067,https://docs.google.com/document/d/1knr4cDWE-Tn0ZmcTqSCfADTN2d6BIQqsnfaN6URv9Nk/edit?usp=sharing
97,321,haleemiliyash,@l,0.4779 ± 0.0038,1.0347 ± 0.0119,-0.2537 ± 0.0258,0.4845 ± 0.0106,0.3425 ± 0.0080,https://docs.google.com/document/d/1QKNw_Ev6EVsh2faLWFhflS22xxFrdWwcPvSdwYRMBJ0/edit?usp=sharing
98,331,latticetower,@m,0.4529 ± 0.0044,1.0542 ± 0.0134,-0.4338 ± 0.0396,0.4646 ± 0.0103,0.3290 ± 0.0077,https://github.com/latticetower/chemney
99,341,redjay,@n,0.5510 ± 0.0045,1.2449 ± 0.0139,-0.5820 ± 0.0285,0.1543 ± 0.0106,0.1067 ± 0.0075,https://docs.google.com/document/d/1QHhGtEriIm0jGCY5NdTxCxkS6xkUMPakCwgePgGcCj8/edit?tab=t.0
100,348,boltzmann_xgb,@o,0.6857 ± 0.0043,1.4456 ± 0.0175,-1.1286 ± 0.0425,0.4925 ± 0.0106,0.3487 ± 0.0081,https://docs.google.com/document/d/1RFuSB9CzAwwysvgjP2Bo0RXWbIUZsKF-/edit?usp=sharing&ouid=111440856211122900819&rtpof=true&sd=true
101,346,Srajall,@p,0.7797 ± 0.0040,1.5618 ± 0.0184,-1.7338 ± 0.0619,0.3041 ± 0.0090,0.2245 ± 0.0071,https://github.com/srajalcodes/ADMET-Challenge-Report-Methodology/blob/main/README.md
102,361,little-WM-atw-2,@r,0.7939 ± 0.0053,1.9202 ± 0.0240,-2.7940 ± 0.0710,0.0242 ± 0.0120,0.0171 ± 0.0082,https://github.com/azminewasi/OpenADMET_ExpansionRx
103,396,Sean-Wong,@q,1.2101 ± 0.0054,2.7406 ± 0.0329,-5.5734 ± 0.1445,0.6353 ± 0.0090,0.4673 ± 0.0072,https://github.com/Wang-Lin-boop/Ouroboros
