rank,user,MA-RAE,R2,Spearman R,Kendall's Tau,submission time,model details
1,pebble,0.48 +/- 0.02,0.68 +/- 0.03,0.83 +/- 0.02,0.66 +/- 0.02,2026-01-19 15:41:00+00:00,https://docs.google.com/document/d/11YF4Izk_XffIvXf1LahnTICKf8rbdv9mcYl42-7yt8A/edit?usp=sharing
2,campfire-capillary,0.51 +/- 0.02,0.66 +/- 0.03,0.80 +/- 0.02,0.63 +/- 0.02,2026-01-19 22:14:47+00:00,https://github.com/campfire-capillary/OpenADMETExpansionRx/blob/main/README.md
3,overfit,0.51 +/- 0.02,0.66 +/- 0.03,0.81 +/- 0.02,0.64 +/- 0.02,2026-01-14 19:15:46+00:00,https://docs.google.com/document/d/16QIFGZRlQbZGRnP7PKODNLCRiq029fDoMiEiVFF03hE/edit?usp=sharing
4,shin-chan,0.52 +/- 0.02,0.64 +/- 0.03,0.80 +/- 0.02,0.63 +/- 0.02,2026-01-19 17:10:30+00:00,https://docs.google.com/document/d/1A6sRjezd7GSeLatF7VTE9NeFhmA4rSzmgTvZTL1_Nh4/edit?usp=sharing
5,moka,0.52 +/- 0.02,0.65 +/- 0.03,0.82 +/- 0.02,0.65 +/- 0.02,2026-01-18 15:39:31+00:00,https://github.com/dahvida/openadmet-expansionrx-blind-challenge-moka
6,beetroot,0.52 +/- 0.02,0.64 +/- 0.03,0.79 +/- 0.02,0.61 +/- 0.02,2026-01-18 23:36:45+00:00,https://docs.google.com/document/d/e/2PACX-1vTcBMF2uEAu1POdvZKpA0fHCtvk1JlsolEZQgFZeOxzctH1jILjzsI2uZJL2uL9EZCwdyQ2MsQIJBfy/pub
7,rced_nvx,0.53 +/- 0.02,0.64 +/- 0.03,0.78 +/- 0.02,0.61 +/- 0.02,2026-01-19 22:31:17+00:00,https://github.com/cedenoruel/OpenADMET-ExpansionRx-Blind-Challenge/blob/main/README.md
8,tibo,0.53 +/- 0.02,0.63 +/- 0.03,0.78 +/- 0.02,0.61 +/- 0.02,2026-01-19 22:17:48+00:00,https://github.com/Tibogoss/OpenADMET-ExpansionRx/blob/main/README.md
9,crh201,0.53 +/- 0.02,0.62 +/- 0.04,0.78 +/- 0.02,0.60 +/- 0.02,2026-01-12 15:37:18+00:00,https://docs.google.com/document/d/1bMJvlXRRXZ6S-ZnoGmGkYXiIbZNwiDCp23j-Oq3pOJ0/edit?tab=t.0#heading=h.bjzyy4l1sb7l
10,Artichoke,0.54 +/- 0.02,0.63 +/- 0.03,0.79 +/- 0.02,0.62 +/- 0.02,2026-01-19 23:02:15+00:00,https://docs.google.com/document/d/1Mbw0uKDZsQ8QAnQO5uBAdS8x3Z-UTfMhP1fqx2pqTD8/edit?usp=sharing
11,HybridADMET,0.54 +/- 0.02,0.61 +/- 0.03,0.79 +/- 0.02,0.61 +/- 0.02,2026-01-18 23:22:04+00:00,https://docs.google.com/document/d/1WD2EVaud7UFCZk5qOZ1_sV_UcGgjlQXkSivTRppDq9Q/edit?usp=sharing
12,yanyn,0.54 +/- 0.02,0.62 +/- 0.03,0.80 +/- 0.02,0.62 +/- 0.02,2026-01-19 09:14:08+00:00,https://github.com/yan-notes/openadmet_submit_yan
13,Luna,0.54 +/- 0.02,0.62 +/- 0.03,0.79 +/- 0.02,0.62 +/- 0.02,2026-01-18 01:02:02+00:00,https://docs.google.com/document/d/1Q_eu3XAShHg4Zx7ArkWZEVy24ZckG4GO4EfS_NVG2Og/edit?usp=sharing
14,Universal15,0.55 +/- 0.02,0.61 +/- 0.03,0.80 +/- 0.02,0.63 +/- 0.02,2026-01-18 02:50:08+00:00,https://docs.google.com/document/d/1RQTj1BBOKmtHgXschFUa_ZUdz1a0juRI0eXwnnLkPZE/edit?usp=sharing
15,Gashaw,0.55 +/- 0.02,0.61 +/- 0.03,0.77 +/- 0.02,0.59 +/- 0.02,2026-01-19 21:21:00+00:00,https://docs.google.com/document/d/1-CgaIBOqN_156l_J2Ujx0tDy7OOq60k1YD0RJTqkG80/edit?usp=sharing
16,UncertainTea,0.55 +/- 0.02,0.62 +/- 0.03,0.79 +/- 0.02,0.61 +/- 0.02,2026-01-14 22:06:53+00:00,https://github.com/un-certain-tea/OpenADMET-ExpansionRx-Challenge
17,frozens,0.55 +/- 0.02,0.60 +/- 0.03,0.77 +/- 0.02,0.60 +/- 0.02,2026-01-19 17:50:53+00:00,
18,aglisman,0.56 +/- 0.02,0.59 +/- 0.04,0.78 +/- 0.02,0.61 +/- 0.02,2026-01-17 01:26:53+00:00,https://github.com/alec-glisman/OpenADMET-ExpansionRx-Blind-Challenge/blob/main/MODEL_CARD.md
19,c-test,0.56 +/- 0.02,0.60 +/- 0.03,0.80 +/- 0.02,0.62 +/- 0.02,2026-01-19 12:12:25+00:00,https://docs.google.com/document/d/1-JpjWNB5aB2ShLqFGz7Yhf7g-lrMqXV3PHoufH3tho8/edit?tab=t.0
20,Hydra,0.56 +/- 0.03,0.57 +/- 0.04,0.79 +/- 0.02,0.61 +/- 0.02,2026-01-19 06:22:06+00:00,https://docs.google.com/document/d/1Jbr7aBBScvanrqfzYsnE1m-a3fJxgv_BIcfDQWls6BQ/edit?usp=sharing
21,beardy-polonium,0.56 +/- 0.02,0.60 +/- 0.03,0.79 +/- 0.02,0.62 +/- 0.02,2026-01-14 16:52:44+00:00,https://drive.google.com/file/d/163hHzi_YIoM26sEFSTQ3Wo-2MzInuHeM/view?usp=drive_link
22,martin,0.56 +/- 0.03,0.58 +/- 0.04,0.76 +/- 0.02,0.58 +/- 0.02,2025-12-22 12:49:41+00:00,https://docs.google.com/document/d/1bMJvlXRRXZ6S-ZnoGmGkYXiIbZNwiDCp23j-Oq3pOJ0/edit?tab=t.0#heading=h.bjzyy4l1sb7l
23,robusta,0.57 +/- 0.02,0.58 +/- 0.04,0.77 +/- 0.02,0.59 +/- 0.02,2026-01-16 06:55:47+00:00,https://github.com/Ngoson2004/OpenADMET-ExpansionRX-Challenge.git
24,chundu05,0.57 +/- 0.02,0.58 +/- 0.03,0.76 +/- 0.02,0.58 +/- 0.02,2026-01-18 16:58:10+00:00,https://docs.google.com/document/d/1DMiIxDK20FzTZgmBoZsy_FQw0iJGHhZYAhiNAc_SV_Q/edit?tab=t.0#heading=h.s2yx44dt2a2z
25,temal,0.57 +/- 0.03,0.58 +/- 0.03,0.79 +/- 0.02,0.62 +/- 0.02,2026-01-18 14:47:41+00:00,https://docs.google.com/document/d/1IqyTGGB2FLgYpptyst0XdTmZCHMETdX3/edit?usp=sharing&ouid=109801295390196144877&rtpof=true&sd=true
26,okidoki,0.57 +/- 0.02,0.59 +/- 0.03,0.77 +/- 0.02,0.60 +/- 0.02,2026-01-19 08:03:43+00:00,https://docs.google.com/document/d/1yD6ZppdthvohCvc1fYvUi57Jsxu1XS5nuRYwHEGblp4/edit?tab=t.0
27,echo,0.57 +/- 0.02,0.58 +/- 0.03,0.80 +/- 0.02,0.62 +/- 0.02,2026-01-18 10:28:44+00:00,https://docs.google.com/document/d/1nUIr9-EZc401HPdzErG6YnzW3BVy7I2CHUXqaIELLaY/edit?usp=sharing
28,nrosa1,0.57 +/- 0.02,0.58 +/- 0.04,0.78 +/- 0.02,0.60 +/- 0.02,2026-01-18 09:47:32+00:00,https://github.com/nrosa/openadmet-erx-challenge/blob/main/model_report.md
29,vaishnavi53,0.57 +/- 0.02,0.58 +/- 0.03,0.76 +/- 0.02,0.59 +/- 0.02,2026-01-19 18:27:34+00:00,https://docs.google.com/document/d/1LGw0CJGVm1hCqLDEkIms7YXPMnHH3LADeEmcWn5xwtI/edit?usp=sharing
30,JacksonBurns,0.57 +/- 0.02,0.58 +/- 0.03,0.77 +/- 0.02,0.59 +/- 0.02,2026-01-19 13:57:23+00:00,https://github.com/JacksonBurns/openadmet_expansionrx/tree/f8efff6e739555337043574af3657cbe7af3e478
31,20p1a,0.57 +/- 0.02,0.58 +/- 0.03,0.76 +/- 0.02,0.59 +/- 0.02,2026-01-19 07:23:50+00:00,
32,Proper,0.57 +/- 0.02,0.57 +/- 0.03,0.77 +/- 0.02,0.59 +/- 0.02,2026-01-19 20:42:44+00:00,https://docs.google.com/document/d/103DSkl24b98QG8McQmDVck-3n66LbIPml6r8ND_NldM/edit?usp=sharing
33,allligatar,0.57 +/- 0.02,0.58 +/- 0.03,0.76 +/- 0.02,0.59 +/- 0.02,2026-01-19 05:04:55+00:00,
34,test_sub,0.57 +/- 0.03,0.58 +/- 0.04,0.81 +/- 0.02,0.63 +/- 0.02,2026-01-19 10:32:35+00:00,
35,shum,0.57 +/- 0.03,0.55 +/- 0.04,0.77 +/- 0.02,0.59 +/- 0.02,2026-01-18 18:11:50+00:00,
36,chiliflake,0.57 +/- 0.02,0.58 +/- 0.03,0.77 +/- 0.02,0.59 +/- 0.02,2026-01-19 11:13:45+00:00,https://docs.google.com/document/d/e/2PACX-1vR3i2EDTBjTZRKv2EIU0HJeCZRVPHpRk4LQ_LKuexDPphwveWyVCLWNZECGrW7KXPL9ZqdGNApNWh37/pub
37,vgny,0.58 +/- 0.02,0.58 +/- 0.03,0.76 +/- 0.02,0.58 +/- 0.02,2026-01-17 07:35:51+00:00,
38,interstellar-explorer,0.58 +/- 0.03,0.55 +/- 0.04,0.78 +/- 0.02,0.61 +/- 0.02,2026-01-19 05:51:18+00:00,https://docs.google.com/document/d/1cplc30gDCRcweL39KcN27ANOYPi9sZD_tAtfnMwgoeU/edit?usp=sharing
39,molairity,0.58 +/- 0.02,0.58 +/- 0.03,0.77 +/- 0.02,0.59 +/- 0.02,2026-01-18 19:36:44+00:00,https://docs.google.com/document/d/1gszarZfGCUkn6ZyPhTazd0C3fyjuM3d2vcYY5EW7Lxw/edit?usp=sharing
40,Ensem,0.58 +/- 0.02,0.57 +/- 0.03,0.79 +/- 0.02,0.62 +/- 0.02,2026-01-19 03:38:18+00:00,https://docs.google.com/document/d/1BUZ010oL0_fNPmp3Iw28NYi-wkSMz5E8b_RHuQ_dp_0/edit?tab=t.0
41,bl,0.58 +/- 0.02,0.58 +/- 0.03,0.78 +/- 0.02,0.60 +/- 0.02,2025-12-01 15:39:43+00:00,
42,combo,0.58 +/- 0.02,0.58 +/- 0.03,0.76 +/- 0.02,0.58 +/- 0.02,2026-01-19 14:47:29+00:00,https://docs.google.com/document/d/1oWa1P6HHcntg8GSvAhLG8e576mYATK3HwOhCsVihWx8/edit?usp=drivesdk
43,blue-espresso,0.58 +/- 0.03,0.57 +/- 0.04,0.81 +/- 0.02,0.63 +/- 0.02,2026-01-17 12:53:39+00:00,
44,Shorku,0.58 +/- 0.02,0.57 +/- 0.03,0.77 +/- 0.02,0.59 +/- 0.02,2026-01-19 15:50:52+00:00,https://github.com/Shorku/OpenADMET_ExpansionRx_Blind_Challenge
45,Na123,0.58 +/- 0.03,0.56 +/- 0.03,0.79 +/- 0.02,0.61 +/- 0.02,2026-01-18 01:57:04+00:00,https://docs.google.com/document/d/1BUZ010oL0_fNPmp3Iw28NYi-wkSMz5E8b_RHuQ_dp_0/edit?usp=sharing
46,combo,0.58 +/- 0.02,0.56 +/- 0.03,0.75 +/- 0.02,0.57 +/- 0.02,2026-01-18 21:13:56+00:00,https://docs.google.com/document/d/1oWa1P6HHcntg8GSvAhLG8e576mYATK3HwOhCsVihWx8/edit?usp=drivesdk
47,wikke69,0.59 +/- 0.02,0.56 +/- 0.04,0.75 +/- 0.02,0.58 +/- 0.02,2026-01-18 21:30:47+00:00,https://gist.github.com/dehaenw/1318d2265db7ab2744306a7b26e1c535
48,Universal8,0.59 +/- 0.02,0.56 +/- 0.03,0.78 +/- 0.02,0.60 +/- 0.02,2025-12-31 06:01:46+00:00,https://baseline model
49,anon123oft6,0.59 +/- 0.03,0.56 +/- 0.04,0.74 +/- 0.02,0.57 +/- 0.02,2026-01-20 00:10:43+00:00,
50,fusion,0.59 +/- 0.03,0.54 +/- 0.04,0.76 +/- 0.02,0.59 +/- 0.02,2026-01-18 19:24:11+00:00,
51,PrettyMuchMagic,0.59 +/- 0.02,0.56 +/- 0.04,0.76 +/- 0.02,0.59 +/- 0.02,2025-12-12 00:22:30+00:00,
52,tmp1234,0.59 +/- 0.03,0.55 +/- 0.04,0.76 +/- 0.02,0.58 +/- 0.02,2026-01-19 23:36:28+00:00,https://docs.google.com/document/d/e/2PACX-1vQ1OAnGO4ZvVFwiiSUmFvaBfk8Hjetun_yDboslS6-p0GglV3vAgV1gZ1fJT0g1PtRlXcuS50kodogE/pub
53,xiangyan93,0.59 +/- 0.02,0.56 +/- 0.03,0.77 +/- 0.02,0.60 +/- 0.02,2026-01-06 15:01:13+00:00,
54,Mlzzzzz,0.60 +/- 0.02,0.54 +/- 0.03,0.74 +/- 0.02,0.56 +/- 0.02,2026-01-19 22:26:19+00:00,https://docs.google.com/document/d/1NsDLCBnDzkOVd4bWe7iVAiZ3y-4PUTF3DdlDlJy7j3o/edit?tab=t.0
55,WorkADMET,0.60 +/- 0.03,0.52 +/- 0.04,0.75 +/- 0.02,0.57 +/- 0.02,2026-01-19 20:35:14+00:00,
56,mmahmedEW2,0.60 +/- 0.03,0.53 +/- 0.04,0.75 +/- 0.02,0.57 +/- 0.02,2025-12-12 04:54:38+00:00,
57,linearregression,0.60 +/- 0.03,0.55 +/- 0.04,0.78 +/- 0.02,0.60 +/- 0.02,2026-01-17 17:18:23+00:00,
58,arabica,0.60 +/- 0.03,0.52 +/- 0.04,0.77 +/- 0.02,0.59 +/- 0.02,2026-01-17 00:58:19+00:00,https://github.com/Ngoson2004/OpenADMET-ExpansionRX-Challenge.git
59,mechaman,0.60 +/- 0.03,0.52 +/- 0.04,0.75 +/- 0.02,0.57 +/- 0.02,2026-01-19 22:51:01+00:00,https://docs.google.com/document/d/1AKNCdPrxqh9QTG1RwOPitm7AUvUHLNl341EzFl9t4o8/edit?usp=sharing
60,trial,0.60 +/- 0.03,0.52 +/- 0.04,0.75 +/- 0.02,0.57 +/- 0.02,2025-12-01 23:51:59+00:00,
61,adam3*,0.60 +/- 0.03,0.53 +/- 0.04,0.77 +/- 0.02,0.59 +/- 0.02,2025-11-14 06:27:54+00:00,
62,Madie31,0.60 +/- 0.03,0.54 +/- 0.04,0.73 +/- 0.02,0.55 +/- 0.02,2026-01-17 17:39:52+00:00,
63,madie31,0.60 +/- 0.03,0.54 +/- 0.04,0.73 +/- 0.02,0.55 +/- 0.02,2026-01-18 15:58:13+00:00,https://deu01.safelinks.protection.outlook.com/?url=https%3A%2F%2Fdocs.google.com%2Fdocument%2Fd%2F1bwf4dckzznWy4DbNXrNxB_jbWFAwRAGa%2Fedit%3Fusp%3Ddrive_link%26ouid%3D100007225775794272332%26rtpof%3Dtrue%26sd%3Dtrue&data=05%7C02%7CLaetitia.Breuil%40evotec.com%7C6adc287ff3c74acba6d008de56a9a9f2%7C3047e55219ba4ca2a020799287660985%7C0%7C0%7C639043483862053326%7CUnknown%7CTWFpbGZsb3d8eyJFbXB0eU1hcGkiOnRydWUsIlYiOiIwLjAuMDAwMCIsIlAiOiJXaW4zMiIsIkFOIjoiTWFpbCIsIldUIjoyfQ%3D%3D%7C0%7C%7C%7C&sdata=W%2BY9Rq8RyDV5P2u3sO5%2Bi1CT1Tlwlv5tA0qHU%2BkppM0%3D&reserved=0
64,orange-scuba,0.61 +/- 0.03,0.56 +/- 0.03,0.80 +/- 0.02,0.62 +/- 0.02,2026-01-19 21:55:05+00:00,
65,median3,0.61 +/- 0.02,0.53 +/- 0.03,0.74 +/- 0.02,0.56 +/- 0.02,2026-01-19 11:30:23+00:00,https://docs.google.com/document/d/1TC8rbtKGD0wOh3CmvKCnoz_Lkflniip9-4IgKkBPOY8/edit?usp=sharing
66,m0vcqv8w,0.61 +/- 0.03,0.54 +/- 0.04,0.77 +/- 0.02,0.60 +/- 0.02,2025-12-20 05:20:20+00:00,
67,azSina,0.61 +/- 0.02,0.54 +/- 0.03,0.75 +/- 0.02,0.57 +/- 0.02,2025-12-23 21:47:04+00:00,
68,pequqa,0.61 +/- 0.02,0.55 +/- 0.03,0.73 +/- 0.02,0.55 +/- 0.02,2026-01-16 21:55:44+00:00,https://docs.google.com/document/d/12ZIbady_SwV9ICSvMWcKBPoGAZxVbn5_f-xpMaK6iJA/edit?usp=sharing
69,insider3819,0.61 +/- 0.03,0.50 +/- 0.04,0.71 +/- 0.02,0.54 +/- 0.02,2026-01-13 15:11:39+00:00,
70,liberica,0.61 +/- 0.03,0.50 +/- 0.04,0.76 +/- 0.02,0.58 +/- 0.02,2026-01-17 01:18:46+00:00,https://github.com/Ngoson2004/OpenADMET-ExpansionRX-Challenge.git
71,briford,0.61 +/- 0.03,0.53 +/- 0.04,0.74 +/- 0.02,0.56 +/- 0.02,2026-01-07 14:37:08+00:00,https://github.com/SuperCowPowers/workbench/tree/main/open_admet
72,Universal1,0.61 +/- 0.02,0.52 +/- 0.03,0.74 +/- 0.02,0.56 +/- 0.02,2025-11-15 15:42:19+00:00,https://ensemble baseline model
73,ZaZdrowie,0.61 +/- 0.02,0.54 +/- 0.03,0.75 +/- 0.02,0.57 +/- 0.02,2026-01-17 21:19:08+00:00,https://gist.github.com/vchupakhinslp/4eac9f483b2b55168ed4f0d10d92455c
74,tibo,0.61 +/- 0.03,0.53 +/- 0.04,0.73 +/- 0.02,0.56 +/- 0.02,2026-01-18 19:02:39+00:00,
75,wise,0.62 +/- 0.03,0.51 +/- 0.04,0.76 +/- 0.02,0.59 +/- 0.02,2026-01-06 06:25:25+00:00,
76,a98096570,0.62 +/- 0.03,0.50 +/- 0.04,0.74 +/- 0.02,0.56 +/- 0.02,2025-12-10 14:37:04+00:00,
77,everest,0.62 +/- 0.03,0.54 +/- 0.03,0.79 +/- 0.02,0.60 +/- 0.02,2026-01-19 19:59:01+00:00,
78,Testing,0.62 +/- 0.02,0.52 +/- 0.03,0.76 +/- 0.02,0.59 +/- 0.02,2026-01-12 04:27:54+00:00,
79,rappleton,0.62 +/- 0.02,0.52 +/- 0.03,0.76 +/- 0.02,0.59 +/- 0.02,2025-11-26 14:45:57+00:00,https://github.com/R-applet/ADMET_Challenge_2025/tree/main
80,ADMuppET,0.62 +/- 0.03,0.51 +/- 0.04,0.76 +/- 0.02,0.58 +/- 0.02,2025-12-02 18:54:11+00:00,
81,discoflow,0.62 +/- 0.03,0.50 +/- 0.04,0.72 +/- 0.02,0.55 +/- 0.02,2025-12-14 22:21:59+00:00,
82,mike,0.62 +/- 0.03,0.50 +/- 0.04,0.76 +/- 0.02,0.59 +/- 0.02,2026-01-17 15:14:49+00:00,
83,lola,0.62 +/- 0.03,0.50 +/- 0.04,0.78 +/- 0.02,0.61 +/- 0.02,2026-01-09 07:54:23+00:00,
84,insider,0.62 +/- 0.03,0.49 +/- 0.04,0.71 +/- 0.02,0.54 +/- 0.02,2026-01-13 14:30:54+00:00,
85,KakukakuADMET,0.62 +/- 0.03,0.51 +/- 0.04,0.73 +/- 0.02,0.55 +/- 0.02,2026-01-19 08:55:59+00:00,
86,WakuwakuADMET,0.62 +/- 0.03,0.51 +/- 0.04,0.73 +/- 0.02,0.55 +/- 0.02,2026-01-19 09:35:25+00:00,https://huggingface.co/WakuwakuADMET/OpenADMET_ExpansionRx_Challenge_Methodology_Report
87,c_k2,0.63 +/- 0.03,0.51 +/- 0.04,0.72 +/- 0.02,0.54 +/- 0.02,2026-01-12 13:33:38+00:00,
88,kermt-t,0.63 +/- 0.03,0.48 +/- 0.04,0.76 +/- 0.02,0.59 +/- 0.02,2026-01-19 04:47:36+00:00,https://docs.google.com/document/d/1EZ99fCvqHSbhJxk2tqUKNOcVmi-iDENwvK1zuVqGLpc/edit?usp=sharing
89,UkiukiADMET,0.63 +/- 0.03,0.50 +/- 0.04,0.73 +/- 0.02,0.55 +/- 0.02,2026-01-19 04:09:46+00:00,
90,DMakarov,0.63 +/- 0.03,0.49 +/- 0.04,0.70 +/- 0.02,0.53 +/- 0.02,2026-01-19 16:31:03+00:00,https://github.com/MDMISC/OpenADMET
91,rogerbyrne25,0.63 +/- 0.02,0.49 +/- 0.04,0.71 +/- 0.02,0.54 +/- 0.02,2026-01-08 17:20:27+00:00,
92,ranga31489,0.63 +/- 0.03,0.47 +/- 0.05,0.73 +/- 0.02,0.56 +/- 0.02,2026-01-09 19:18:03+00:00,
93,kaushal-mind-lab,0.63 +/- 0.03,0.50 +/- 0.04,0.74 +/- 0.02,0.56 +/- 0.02,2025-12-12 17:48:56+00:00,
94,yan,0.63 +/- 0.03,0.47 +/- 0.04,0.74 +/- 0.02,0.56 +/- 0.02,2026-01-09 07:30:45+00:00,
95,mmahmedEY,0.63 +/- 0.02,0.51 +/- 0.04,0.75 +/- 0.02,0.57 +/- 0.02,2025-12-12 02:00:13+00:00,
96,DMingHF,0.63 +/- 0.03,0.50 +/- 0.04,0.75 +/- 0.02,0.57 +/- 0.02,2025-12-13 00:04:01+00:00,
97,VVDCompChem,0.63 +/- 0.03,0.50 +/- 0.04,0.73 +/- 0.02,0.56 +/- 0.02,2025-11-13 23:49:21+00:00,
98,chemelL,0.64 +/- 0.02,0.52 +/- 0.03,0.73 +/- 0.02,0.56 +/- 0.02,2026-01-16 02:53:03+00:00,
99,Team AIDD,0.64 +/- 0.03,0.49 +/- 0.04,0.75 +/- 0.02,0.57 +/- 0.02,2026-01-19 07:48:31+00:00,
100,yk_tp,0.64 +/- 0.02,0.50 +/- 0.03,0.71 +/- 0.02,0.53 +/- 0.02,2026-01-19 01:13:51+00:00,
101,diliadis,0.64 +/- 0.02,0.51 +/- 0.03,0.72 +/- 0.02,0.55 +/- 0.02,2026-01-19 08:14:19+00:00,https://docs.google.com/document/d/1sdAHKfckhfJBOAnkWTo0iYpFmvKm_nrkSnmymrJgTy0/edit?usp=sharing
102,neeravkaushal,0.64 +/- 0.03,0.50 +/- 0.04,0.74 +/- 0.02,0.56 +/- 0.02,2025-12-01 21:28:29+00:00,
103,evax_h_6,0.64 +/- 0.03,0.47 +/- 0.04,0.75 +/- 0.02,0.58 +/- 0.02,2026-01-18 04:07:44+00:00,
104,raytuner,0.64 +/- 0.03,0.47 +/- 0.04,0.75 +/- 0.02,0.57 +/- 0.02,2026-01-12 20:54:56+00:00,
105,ADMET42,0.64 +/- 0.03,0.46 +/- 0.05,0.76 +/- 0.02,0.58 +/- 0.02,2025-12-13 00:07:23+00:00,
106,dodo_fx,0.64 +/- 0.03,0.48 +/- 0.04,0.73 +/- 0.02,0.55 +/- 0.02,2025-12-11 14:38:19+00:00,
107,CNMP_counts,0.64 +/- 0.03,0.50 +/- 0.04,0.72 +/- 0.02,0.54 +/- 0.02,2025-12-22 14:22:30+00:00,
108,admet_common2,0.64 +/- 0.03,0.45 +/- 0.05,0.76 +/- 0.02,0.58 +/- 0.02,2026-01-06 07:32:12+00:00,
109,leeherman,0.65 +/- 0.03,0.48 +/- 0.04,0.72 +/- 0.02,0.54 +/- 0.02,2025-12-26 17:46:51+00:00,https://docs.google.com/document/d/1_VPsW3p-zKztMqxTWbBNwhddvkqRS3ZWLmfO04nU9Lw/edit?usp=sharing
110,theZone,0.65 +/- 0.03,0.49 +/- 0.04,0.76 +/- 0.02,0.58 +/- 0.02,2026-01-19 21:30:00+00:00,https://drive.google.com/file/d/12OcLMCjM2S1Wz8yuLXZ3on_xwxGMyg3x/view?usp=drive_link
111,KagakuData,0.65 +/- 0.02,0.49 +/- 0.04,0.71 +/- 0.02,0.53 +/- 0.02,2025-12-01 03:45:30+00:00,https://github.com/KagakuAI/QSARcons
112,jj,0.65 +/- 0.03,0.47 +/- 0.04,0.71 +/- 0.02,0.53 +/- 0.02,2026-01-18 20:47:42+00:00,
113,pre-hammer,0.65 +/- 0.03,0.46 +/- 0.04,0.70 +/- 0.03,0.53 +/- 0.02,2026-01-16 01:06:54+00:00,
114,lifaen,0.65 +/- 0.03,0.45 +/- 0.04,0.70 +/- 0.02,0.53 +/- 0.02,2026-01-17 20:18:13+00:00,https://docs.google.com/document/d/1ng3NAEPVjCxvTXzGQfE4bCtfqj0Tms-Zkxr3YyfHBZA/edit?usp=sharing
115,shrika-jeannie,0.65 +/- 0.03,0.49 +/- 0.04,0.73 +/- 0.02,0.55 +/- 0.02,2025-11-10 06:13:34+00:00,
116,Q_Accel,0.65 +/- 0.03,0.44 +/- 0.05,0.72 +/- 0.02,0.55 +/- 0.02,2026-01-16 21:58:08+00:00,https://docs.google.com/document/d/1f5yJKuEwGoVsXdp3lB_lnuruEi86-M7SNyhrRkBRbDs/edit?usp=sharing
117,3131u06,0.65 +/- 0.03,0.47 +/- 0.04,0.71 +/- 0.02,0.53 +/- 0.02,2025-12-18 18:49:08+00:00,
118,vibdsobeyens,0.65 +/- 0.03,0.44 +/- 0.05,0.68 +/- 0.03,0.51 +/- 0.02,2026-01-16 18:07:57+00:00,https://docs.google.com/document/d/1sdAHKfckhfJBOAnkWTo0iYpFmvKm_nrkSnmymrJgTy0/edit?tab=t.0#heading=h.6pqvt9f1ijp7
119,defaulting_svdkl,0.66 +/- 0.03,0.46 +/- 0.04,0.73 +/- 0.02,0.55 +/- 0.02,2026-01-08 16:38:18+00:00,
120,jeremy,0.66 +/- 0.03,0.47 +/- 0.04,0.71 +/- 0.02,0.54 +/- 0.02,2026-01-18 10:58:29+00:00,https://github.com/jeremycheminf/openadmet_scripts/tree/main
121,pedal,0.66 +/- 0.03,0.49 +/- 0.04,0.72 +/- 0.02,0.54 +/- 0.02,2025-11-10 16:04:43+00:00,
122,ch-2026-6,0.66 +/- 0.03,0.45 +/- 0.04,0.73 +/- 0.02,0.55 +/- 0.02,2026-01-11 01:40:04+00:00,
123,mmahmedEYA,0.66 +/- 0.03,0.42 +/- 0.04,0.71 +/- 0.02,0.54 +/- 0.02,2025-12-12 04:45:23+00:00,
124,mmahmedEW,0.66 +/- 0.03,0.49 +/- 0.04,0.75 +/- 0.02,0.57 +/- 0.02,2025-12-12 18:36:56+00:00,
125,CNMP_en,0.66 +/- 0.03,0.48 +/- 0.04,0.70 +/- 0.03,0.52 +/- 0.02,2025-12-15 18:22:56+00:00,
126,Kn,0.66 +/- 0.03,0.41 +/- 0.04,0.71 +/- 0.02,0.54 +/- 0.02,2025-12-16 17:38:45+00:00,
127,icedchai,0.66 +/- 0.03,0.47 +/- 0.04,0.72 +/- 0.02,0.54 +/- 0.02,2025-11-10 15:28:18+00:00,
128,Leezard,0.66 +/- 0.03,0.25 +/- 0.26,0.72 +/- 0.02,0.54 +/- 0.02,2026-01-18 22:37:40+00:00,https://docs.google.com/document/d/15rd0Yz1CjgvndJF0rfWvJRFhz6FAc5QCc8x1nlr__sA/edit?tab=t.0#heading=h.6pqvt9f1ijp7
129,mbrandon,0.66 +/- 0.03,0.47 +/- 0.04,0.72 +/- 0.03,0.54 +/- 0.02,2026-01-09 19:02:00+00:00,
130,mmahmedEG,0.66 +/- 0.03,0.45 +/- 0.04,0.76 +/- 0.02,0.58 +/- 0.02,2025-12-12 18:38:46+00:00,
131,hazelnut8,0.66 +/- 0.03,0.41 +/- 0.04,0.70 +/- 0.02,0.53 +/- 0.02,2025-12-13 06:55:19+00:00,
132,val_a4,0.67 +/- 0.03,0.47 +/- 0.04,0.72 +/- 0.02,0.54 +/- 0.02,2025-12-12 10:46:31+00:00,
133,mm_drug_20,0.67 +/- 0.03,0.47 +/- 0.04,0.68 +/- 0.03,0.51 +/- 0.02,2026-01-19 10:09:22+00:00,
134,maxima,0.67 +/- 0.03,0.45 +/- 0.04,0.74 +/- 0.02,0.56 +/- 0.02,2026-01-15 20:25:20+00:00,
135,Thup,0.67 +/- 0.03,0.45 +/- 0.04,0.68 +/- 0.03,0.51 +/- 0.02,2026-01-18 21:58:16+00:00,
136,UniversalQM,0.67 +/- 0.03,0.45 +/- 0.04,0.71 +/- 0.02,0.53 +/- 0.02,2026-01-03 03:43:41+00:00,https://baseline model
137,MahdiMA,0.67 +/- 0.03,0.45 +/- 0.04,0.71 +/- 0.03,0.53 +/- 0.02,2025-12-21 18:13:46+00:00,
138,rez3vil,0.67 +/- 0.03,0.45 +/- 0.04,0.69 +/- 0.03,0.51 +/- 0.02,2026-01-16 17:05:22+00:00,https://github.com/rez3vil/OpenADMET-ExpansionRx-Challenge.git
139,Kalen_UCL,0.67 +/- 0.03,0.48 +/- 0.03,0.70 +/- 0.03,0.52 +/- 0.02,2026-01-19 10:28:35+00:00,https://docs.google.com/document/d/1KYbdAJxJaDNGEy6DhjyhK7jZJM5J8KHEOX3MAB_b6Jc/edit?usp=sharing
140,kevinh0718,0.67 +/- 0.03,0.43 +/- 0.05,0.72 +/- 0.02,0.54 +/- 0.02,2025-12-08 17:59:18+00:00,
141,jmi25,0.68 +/- 0.03,0.46 +/- 0.04,0.69 +/- 0.03,0.51 +/- 0.02,2025-11-09 19:50:53+00:00,
142,hectavalent,0.68 +/- 0.03,0.43 +/- 0.04,0.68 +/- 0.03,0.51 +/- 0.02,2026-01-09 14:31:04+00:00,
143,agitter,0.68 +/- 0.03,0.46 +/- 0.04,0.70 +/- 0.02,0.53 +/- 0.02,2026-01-06 15:24:22+00:00,https://github.com/agitter/openadmet-expansionrx-challenge
144,weiwei,0.68 +/- 0.03,0.46 +/- 0.04,0.70 +/- 0.02,0.52 +/- 0.02,2026-01-17 19:12:40+00:00,
145,b-sharp,0.68 +/- 0.03,0.44 +/- 0.04,0.72 +/- 0.02,0.54 +/- 0.02,2025-12-01 09:42:28+00:00,
146,large,0.68 +/- 0.03,0.40 +/- 0.05,0.69 +/- 0.03,0.52 +/- 0.02,2026-01-19 03:15:54+00:00,
147,tezoro14,0.68 +/- 0.03,0.40 +/- 0.05,0.69 +/- 0.03,0.52 +/- 0.02,2026-01-18 08:18:24+00:00,
148,AzizA-A,0.68 +/- 0.03,0.45 +/- 0.04,0.69 +/- 0.03,0.52 +/- 0.02,2026-01-19 23:01:43+00:00,https://github.com/AzizAbusaleh/OpenADMET-Challenge2026/blob/3da375b0f8f801a03873ea69622ebb31d7f907fb/Report.pdf
149,massazahdeh,0.68 +/- 0.03,0.45 +/- 0.04,0.74 +/- 0.02,0.56 +/- 0.02,2026-01-19 23:18:52+00:00,https://huggingface.co/spaces/openadmet/OpenADMET-ExpansionRx-Challenge
150,KNIMEST,0.68 +/- 0.03,0.41 +/- 0.05,0.70 +/- 0.02,0.53 +/- 0.02,2026-01-10 07:53:42+00:00,https://docs.google.com/document/d/1e0LpSpYW4VM2c9xVnSKykDDpP9lvdUSIsAJ6h1qbt4E/edit?usp=drive_link
151,mm_drug_21,0.69 +/- 0.03,0.45 +/- 0.04,0.70 +/- 0.03,0.53 +/- 0.02,2026-01-19 11:02:58+00:00,
152,ellieberry,0.69 +/- 0.03,0.45 +/- 0.03,0.69 +/- 0.03,0.52 +/- 0.02,2026-01-19 22:35:11+00:00,https://github.com/etiu/Openadmet_competition_v2
153,admet-o-matic,0.69 +/- 0.03,0.42 +/- 0.05,0.67 +/- 0.03,0.50 +/- 0.02,2026-01-18 20:13:37+00:00,
154,snowflake,0.69 +/- 0.03,0.44 +/- 0.04,0.70 +/- 0.03,0.52 +/- 0.02,2025-11-11 15:38:13+00:00,
155,tiuel,0.69 +/- 0.03,0.44 +/- 0.04,0.68 +/- 0.03,0.51 +/- 0.02,2026-01-17 22:51:28+00:00,https://github.com/etiu/OpenAdmet_competition
156,EGabrielle,0.69 +/- 0.03,0.45 +/- 0.04,0.69 +/- 0.03,0.51 +/- 0.02,2026-01-19 23:14:25+00:00,https://github.com/etiu/Openadmet_competition_v2
157,bariorbolrin,0.69 +/- 0.03,0.40 +/- 0.04,0.66 +/- 0.03,0.49 +/- 0.02,2025-11-14 10:26:37+00:00,
158,veval8,0.69 +/- 0.03,0.41 +/- 0.05,0.72 +/- 0.02,0.54 +/- 0.02,2025-12-15 18:28:07+00:00,
159,minzina-base-check,0.69 +/- 0.03,0.40 +/- 0.04,0.72 +/- 0.02,0.54 +/- 0.02,2025-12-16 00:16:22+00:00,
160,tespharma,0.69 +/- 0.03,0.42 +/- 0.05,0.71 +/- 0.03,0.54 +/- 0.02,2026-01-19 16:16:49+00:00,https://docs.google.com/document/d/1ydaJf4kJOlfVOoYlXTEU0JNrINWhEwfM0NSPXJU-FtU/edit?usp=sharing
161,spellbound,0.69 +/- 0.03,0.44 +/- 0.04,0.70 +/- 0.03,0.52 +/- 0.02,2025-11-11 18:17:31+00:00,
162,Cuiyaning,0.69 +/- 0.03,0.38 +/- 0.04,0.70 +/- 0.03,0.52 +/- 0.02,2026-01-12 05:48:20+00:00,
163,Macao74,0.69 +/- 0.03,0.42 +/- 0.04,0.66 +/- 0.03,0.49 +/- 0.02,2026-01-17 23:16:19+00:00,
164,houman96,0.69 +/- 0.03,0.44 +/- 0.04,0.68 +/- 0.03,0.51 +/- 0.02,2025-12-13 15:52:31+00:00,
165,riemann,0.69 +/- 0.03,0.39 +/- 0.04,0.67 +/- 0.03,0.50 +/- 0.02,2026-01-19 14:09:21+00:00,https://docs.google.com/document/d/1N_huCHcjGN2OpioMyZBE3Pi5LRhVJoG2t3CFkqIHy50/edit?usp=sharing
166,veval32,0.69 +/- 0.03,0.39 +/- 0.05,0.72 +/- 0.02,0.54 +/- 0.02,2025-12-15 18:37:20+00:00,
167,iCsmiles,0.69 +/- 0.03,0.40 +/- 0.04,0.69 +/- 0.03,0.51 +/- 0.02,2026-01-19 02:54:02+00:00,https://huggingface.co/datasets/JustLeonard/ML/blob/main/readmev2.pdf
168,baseline_v7,0.69 +/- 0.03,0.44 +/- 0.04,0.67 +/- 0.03,0.49 +/- 0.02,2025-11-16 00:00:32+00:00,
169,itetko,0.69 +/- 0.03,0.42 +/- 0.04,0.73 +/- 0.02,0.55 +/- 0.02,2026-01-19 23:07:46+00:00,https://docs.google.com/document/d/1wh6lkdgEl7lMLSyxhuMXVd3E4Pqqbo--lPdxb_hoTkM/edit?tab=t.0
170,davidgiganti,0.69 +/- 0.03,0.38 +/- 0.04,0.68 +/- 0.03,0.51 +/- 0.02,2026-01-19 23:59:59+00:00,https://github.com/davidgiganti-ship-it/OpenADMET-ExpansionRx-Challenge
171,Fa987123,0.70 +/- 0.03,0.41 +/- 0.04,0.71 +/- 0.02,0.53 +/- 0.02,2025-11-03 06:31:40+00:00,
172,Cheng-Kuo,0.70 +/- 0.03,0.37 +/- 0.05,0.72 +/- 0.02,0.55 +/- 0.02,2025-12-19 03:04:25+00:00,
173,Roquentin99,0.70 +/- 0.03,0.39 +/- 0.04,0.69 +/- 0.02,0.52 +/- 0.02,2025-11-13 09:11:43+00:00,
174,fiesta_xxl,0.70 +/- 0.03,0.43 +/- 0.04,0.66 +/- 0.03,0.48 +/- 0.02,2025-10-29 23:05:12+00:00,
175,my-alaska,0.70 +/- 0.02,0.44 +/- 0.03,0.66 +/- 0.03,0.49 +/- 0.02,2025-11-06 12:05:36+00:00,
176,jonswain,0.70 +/- 0.03,0.40 +/- 0.04,0.65 +/- 0.03,0.48 +/- 0.02,2025-11-06 05:24:42+00:00,https://github.com/jonswain/OpenADMET_ExpansionRx_Blind_Challenge
177,okidoki,0.70 +/- 0.03,0.38 +/- 0.04,0.70 +/- 0.02,0.52 +/- 0.02,2026-01-13 08:12:45+00:00,
178,eq_az,0.70 +/- 0.02,0.42 +/- 0.04,0.70 +/- 0.03,0.52 +/- 0.02,2026-01-16 21:05:26+00:00,https://drive.google.com/drive/folders/1AE9iD5EHYA7Kri1Z1hywNPXMaQl0-4iQ
179,bionic_beaver,0.71 +/- 0.03,0.43 +/- 0.04,0.69 +/- 0.03,0.51 +/- 0.02,2025-11-11 19:02:26+00:00,
180,OneShot,0.71 +/- 0.03,0.39 +/- 0.05,0.68 +/- 0.03,0.51 +/- 0.02,2025-12-02 23:13:59+00:00,
181,zero-6,0.71 +/- 0.03,0.42 +/- 0.04,0.68 +/- 0.03,0.50 +/- 0.02,2026-01-11 23:25:59+00:00,
182,vanilla,0.71 +/- 0.03,0.38 +/- 0.04,0.68 +/- 0.03,0.51 +/- 0.02,2026-01-16 21:03:34+00:00,
183,VC2,0.71 +/- 0.03,0.37 +/- 0.04,0.68 +/- 0.03,0.51 +/- 0.02,2026-01-19 01:05:41+00:00,
184,mopac79,0.71 +/- 0.03,0.40 +/- 0.04,0.67 +/- 0.03,0.50 +/- 0.02,2025-12-12 09:55:23+00:00,
185,HF2,0.71 +/- 0.03,0.39 +/- 0.04,0.68 +/- 0.03,0.51 +/- 0.02,2025-12-12 23:35:42+00:00,
186,blend_best,0.72 +/- 0.03,0.37 +/- 0.04,0.73 +/- 0.02,0.57 +/- 0.02,2026-01-16 05:23:06+00:00,
187,tp53,0.72 +/- 0.02,0.36 +/- 0.04,0.65 +/- 0.03,0.48 +/- 0.02,2025-12-28 22:21:24+00:00,
188,wwang482,0.72 +/- 0.03,0.39 +/- 0.05,0.71 +/- 0.02,0.54 +/- 0.02,2025-12-10 23:08:53+00:00,
189,3dprint,0.72 +/- 0.02,0.37 +/- 0.04,0.61 +/- 0.03,0.45 +/- 0.02,2026-01-17 21:39:29+00:00,https://tinyurl.com/mnb2csbe
190,femisegvn,0.72 +/- 0.03,0.39 +/- 0.04,0.66 +/- 0.03,0.48 +/- 0.02,2026-01-18 20:55:52+00:00,https://github.com/femisegvn/ExpansionRx-OpenADMET-blind-challenge
191,CNMP_ecfp,0.72 +/- 0.03,0.35 +/- 0.05,0.65 +/- 0.03,0.48 +/- 0.02,2025-12-10 22:10:13+00:00,
192,whitead,0.72 +/- 0.03,0.38 +/- 0.04,0.67 +/- 0.03,0.49 +/- 0.02,2025-11-15 06:08:40+00:00,
193,Gadigopula,0.73 +/- 0.03,0.35 +/- 0.04,0.66 +/- 0.03,0.49 +/- 0.02,2026-01-15 19:14:56+00:00,
194,ChemBri,0.73 +/- 0.03,0.29 +/- 0.05,0.68 +/- 0.03,0.51 +/- 0.02,2025-11-10 04:08:52+00:00,
195,mmahmedHFG,0.73 +/- 0.03,0.40 +/- 0.04,0.68 +/- 0.03,0.51 +/- 0.02,2025-12-12 18:26:30+00:00,
196,caithmac,0.73 +/- 0.03,0.40 +/- 0.04,0.67 +/- 0.03,0.49 +/- 0.02,2025-12-18 11:40:55+00:00,
197,vjvk,0.73 +/- 0.03,0.31 +/- 0.05,0.71 +/- 0.02,0.54 +/- 0.02,2026-01-17 11:54:43+00:00,
198,XeonChem,0.73 +/- 0.03,0.36 +/- 0.05,0.67 +/- 0.03,0.50 +/- 0.02,2026-01-19 23:59:59+00:00,https://docs.google.com/document/d/1-N0GW_6HnSx4rYVoyKCGjGUWxcBXyxwWsmi38lueZck/edit?usp=sharing
199,gadigopula,0.73 +/- 0.03,0.35 +/- 0.05,0.65 +/- 0.03,0.48 +/- 0.02,2026-01-15 17:30:06+00:00,
200,CNMP_cxn,0.73 +/- 0.03,0.38 +/- 0.04,0.70 +/- 0.03,0.52 +/- 0.02,2026-01-08 17:03:49+00:00,
201,wleco22,0.73 +/- 0.03,0.38 +/- 0.04,0.67 +/- 0.03,0.49 +/- 0.02,2026-01-19 10:53:58+00:00,https://docs.google.com/document/d/1wxbX96aE9hxgvmUqbeLkxdDe4sRU1DcBXKB08eLo8G0/edit?usp=sharing
202,midwestmols,0.73 +/- 0.03,0.39 +/- 0.04,0.64 +/- 0.03,0.47 +/- 0.02,2025-11-07 19:43:44+00:00,
203,speller,0.73 +/- 0.03,0.39 +/- 0.04,0.66 +/- 0.03,0.49 +/- 0.02,2025-11-11 15:14:12+00:00,
204,OminousBuzzing,0.73 +/- 0.03,0.39 +/- 0.04,0.71 +/- 0.03,0.53 +/- 0.02,2025-11-24 09:33:19+00:00,
205,zpk,0.73 +/- 0.03,0.36 +/- 0.04,0.64 +/- 0.03,0.47 +/- 0.02,2025-11-20 16:19:09+00:00,
206,MolecularDescriptor,0.73 +/- 0.03,0.39 +/- 0.04,0.65 +/- 0.03,0.48 +/- 0.02,2025-11-04 18:29:11+00:00,
207,vibeADMET,0.73 +/- 0.03,0.39 +/- 0.04,0.64 +/- 0.03,0.47 +/- 0.02,2026-01-19 21:51:12+00:00,https://docs.google.com/document/d/e/2PACX-1vT8yCpYslYvCvcrZuZElChg6XVSx6HH1U4wZ0sLlHy6828LwVCBXSU4FTpwYvL8hDr7ReomL5q_PPki/pub
208,Harshit494,0.74 +/- 0.03,0.39 +/- 0.04,0.66 +/- 0.03,0.49 +/- 0.02,2026-01-19 10:26:15+00:00,https://github.com/research-al/admet-challenge
209,harshit494,0.74 +/- 0.03,0.39 +/- 0.04,0.66 +/- 0.03,0.49 +/- 0.02,2025-12-23 13:37:09+00:00,
210,ridge_regression,0.74 +/- 0.03,0.39 +/- 0.04,0.65 +/- 0.03,0.48 +/- 0.02,2025-11-16 12:25:32+00:00,
211,always_testing,0.74 +/- 0.03,0.40 +/- 0.03,0.64 +/- 0.03,0.47 +/- 0.02,2025-12-18 05:34:50+00:00,
212,xgboost,0.74 +/- 0.03,0.39 +/- 0.04,0.65 +/- 0.03,0.48 +/- 0.02,2025-11-16 12:26:43+00:00,
213,mordred,0.74 +/- 0.03,0.38 +/- 0.04,0.66 +/- 0.03,0.49 +/- 0.02,2025-11-29 20:04:54+00:00,
214,mkruege,0.74 +/- 0.03,0.36 +/- 0.05,0.68 +/- 0.03,0.50 +/- 0.02,2025-12-03 09:55:11+00:00,https://doi.org/10.17617/3.GIKHJL
215,blend-stretch,0.74 +/- 0.03,0.33 +/- 0.05,0.73 +/- 0.02,0.55 +/- 0.02,2026-01-16 06:23:41+00:00,
216,lic,0.74 +/- 0.02,0.38 +/- 0.03,0.66 +/- 0.03,0.48 +/- 0.02,2025-11-15 02:17:22+00:00,
217,jaypo,0.74 +/- 0.03,0.37 +/- 0.04,0.64 +/- 0.03,0.47 +/- 0.02,2025-12-06 21:29:08+00:00,
218,ch-rt-ms,0.74 +/- 0.03,0.36 +/- 0.05,0.72 +/- 0.02,0.55 +/- 0.02,2026-01-19 19:47:24+00:00,
219,pkzheng,0.74 +/- 0.03,0.35 +/- 0.04,0.64 +/- 0.03,0.47 +/- 0.02,2025-12-01 14:41:09+00:00,
220,cc54,0.74 +/- 0.03,0.30 +/- 0.06,0.67 +/- 0.03,0.50 +/- 0.02,2026-01-18 06:55:04+00:00,
221,pykel,0.75 +/- 0.03,0.28 +/- 0.05,0.64 +/- 0.03,0.47 +/- 0.02,2026-01-19 07:11:05+00:00,https://docs.google.com/document/d/e/2PACX-1vSu7dHC9-lGeMKyqHaiiPM3Ji_Mb-eLKKtOd453WzbMSH9bT2Bbct4e1TJ6a0kfquMTwK1V-JirxJDi/pub
222,dodo_1901,0.75 +/- 0.03,0.37 +/- 0.04,0.65 +/- 0.03,0.47 +/- 0.02,2026-01-18 18:08:00+00:00,
223,blasphemous_pakhlava,0.75 +/- 0.03,0.28 +/- 0.06,0.67 +/- 0.03,0.50 +/- 0.02,2025-12-09 11:43:05+00:00,
224,feanor,0.75 +/- 0.03,0.33 +/- 0.04,0.63 +/- 0.03,0.46 +/- 0.02,2026-01-15 22:14:53+00:00,
225,all the assays,0.75 +/- 0.02,0.35 +/- 0.04,0.69 +/- 0.03,0.51 +/- 0.02,2025-11-12 19:36:26+00:00,
226,Jastok,0.75 +/- 0.02,0.35 +/- 0.03,0.64 +/- 0.03,0.47 +/- 0.02,2025-10-28 15:58:03+00:00,
227,roshkjr,0.75 +/- 0.03,0.31 +/- 0.04,0.64 +/- 0.03,0.47 +/- 0.02,2025-11-29 22:15:30+00:00,
228,Shahi007,0.75 +/- 0.03,0.34 +/- 0.04,0.68 +/- 0.03,0.50 +/- 0.02,2026-01-09 17:20:45+00:00,
229,KagakuAI,0.75 +/- 0.03,0.32 +/- 0.04,0.61 +/- 0.03,0.44 +/- 0.02,2025-11-11 08:43:38+00:00,
230,testingv7,0.75 +/- 0.03,0.31 +/- 0.05,0.62 +/- 0.03,0.45 +/- 0.02,2025-10-31 23:38:52+00:00,
231,zero,0.76 +/- 0.03,0.36 +/- 0.04,0.62 +/- 0.03,0.45 +/- 0.02,2025-11-01 18:28:54+00:00,
232,sloppy,0.76 +/- 0.03,0.36 +/- 0.04,0.62 +/- 0.03,0.45 +/- 0.02,2026-01-15 15:49:33+00:00,
233,batu-kav,0.76 +/- 0.03,0.36 +/- 0.04,0.62 +/- 0.03,0.45 +/- 0.02,2026-01-06 07:20:06+00:00,https://Baseline model using challenge tutorial
234,jlo,0.76 +/- 0.03,0.34 +/- 0.05,0.64 +/- 0.03,0.47 +/- 0.02,2026-01-17 03:50:08+00:00,
235,pg-3,0.76 +/- 0.03,0.32 +/- 0.05,0.64 +/- 0.03,0.47 +/- 0.02,2026-01-17 21:12:34+00:00,https://docs.google.com/document/d/1ZdrAFOsqe1iZGWu2zGxvbowqkjXFb48UFNbprS2_6pU/
236,MolecularForgeAI,0.76 +/- 0.03,0.28 +/- 0.05,0.61 +/- 0.03,0.45 +/- 0.02,2025-12-11 15:56:43+00:00,
237,hmacdope,0.76 +/- 0.03,0.36 +/- 0.04,0.62 +/- 0.03,0.45 +/- 0.02,2025-11-18 18:44:46+00:00,
238,hmacdope3,0.76 +/- 0.03,0.36 +/- 0.04,0.62 +/- 0.03,0.45 +/- 0.02,2025-11-08 23:35:29+00:00,
239,shedit-OpenADMET,0.76 +/- 0.03,0.34 +/- 0.04,0.62 +/- 0.03,0.45 +/- 0.02,2025-11-04 20:11:22+00:00,
240,Kandagalla,0.76 +/- 0.03,0.30 +/- 0.05,0.61 +/- 0.03,0.44 +/- 0.02,2026-01-19 13:01:28+00:00,https://drive.google.com/file/d/1uJbizC6W-chHjzeq7uaQw42Cv91IsEAk/view?usp=sharing
241,rabbit,0.76 +/- 0.03,0.35 +/- 0.04,0.63 +/- 0.03,0.46 +/- 0.02,2026-01-12 06:25:25+00:00,
242,AIDDLin,0.76 +/- 0.03,0.31 +/- 0.04,0.62 +/- 0.03,0.45 +/- 0.02,2026-01-18 05:38:07+00:00,https://github.com/linshaolong11/CAMF.git
243,jace,0.76 +/- 0.03,0.34 +/- 0.05,0.64 +/- 0.03,0.47 +/- 0.02,2026-01-15 14:16:34+00:00,
244,irriok,0.76 +/- 0.03,0.26 +/- 0.06,0.66 +/- 0.03,0.49 +/- 0.02,2025-11-07 09:29:51+00:00,
245,minzina-tab2-clip,0.76 +/- 0.03,0.30 +/- 0.04,0.62 +/- 0.03,0.45 +/- 0.02,2026-01-11 18:02:45+00:00,
246,Lancet2,0.76 +/- 0.03,0.33 +/- 0.05,0.63 +/- 0.03,0.46 +/- 0.02,2025-12-13 00:25:02+00:00,
247,csaba-percept-bio,0.77 +/- 0.03,0.32 +/- 0.04,0.62 +/- 0.03,0.45 +/- 0.02,2026-01-18 18:32:07+00:00,https://docs.google.com/document/d/1dzNWT8oyR0-ja_zT6q7bBMPfMTOH2gByY25Sbd13UOs/
248,tomatpercept,0.77 +/- 0.03,0.32 +/- 0.04,0.62 +/- 0.03,0.45 +/- 0.02,2026-01-18 20:16:44+00:00,https://docs.google.com/document/d/1dzNWT8oyR0-ja_zT6q7bBMPfMTOH2gByY25Sbd13UOs/edit?usp=sharing
249,snowball4,0.77 +/- 0.03,0.30 +/- 0.05,0.62 +/- 0.03,0.45 +/- 0.02,2025-12-05 21:10:11+00:00,
250,SimuRaiden,0.77 +/- 0.03,0.31 +/- 0.04,0.62 +/- 0.03,0.46 +/- 0.02,2025-10-30 15:04:34+00:00,
251,expansion,0.77 +/- 0.03,0.01 +/- 0.07,0.72 +/- 0.02,0.56 +/- 0.02,2026-01-18 21:48:26+00:00,
252,minzina-tabpfn,0.77 +/- 0.03,0.28 +/- 0.04,0.62 +/- 0.03,0.45 +/- 0.02,2026-01-11 14:37:00+00:00,
253,mmahmedHF,0.77 +/- 0.03,0.33 +/- 0.04,0.66 +/- 0.03,0.49 +/- 0.02,2025-12-12 16:03:17+00:00,
254,PepTest2,0.77 +/- 0.03,0.28 +/- 0.05,0.62 +/- 0.03,0.45 +/- 0.02,2026-01-13 17:30:00+00:00,
255,aaronfeller,0.77 +/- 0.03,0.28 +/- 0.05,0.62 +/- 0.03,0.45 +/- 0.02,2026-01-13 16:37:47+00:00,
256,Srajal,0.77 +/- 0.03,0.31 +/- 0.04,0.68 +/- 0.03,0.51 +/- 0.02,2025-12-18 12:10:20+00:00,
257,lifaen,0.77 +/- 0.03,0.23 +/- 0.06,0.67 +/- 0.03,0.50 +/- 0.02,2026-01-16 19:55:58+00:00,
258,simple rf baseline,0.78 +/- 0.03,0.33 +/- 0.04,0.61 +/- 0.03,0.44 +/- 0.02,2025-10-31 14:18:48+00:00,
259,Discoverybytes,0.78 +/- 0.03,0.30 +/- 0.04,0.56 +/- 0.03,0.41 +/- 0.03,2026-01-02 01:15:14+00:00,https://docs.google.com/document/d/1fNlOGOvF_lrqWz8-MY3oNyXKUSy5_wWmZeukAEUUFf0/edit?usp=drive_link
260,srkarra,0.78 +/- 0.03,0.34 +/- 0.04,0.60 +/- 0.03,0.43 +/- 0.02,2026-01-13 02:49:17+00:00,
261,SystemsCBLab,0.78 +/- 0.03,0.31 +/- 0.04,0.60 +/- 0.03,0.44 +/- 0.02,2026-01-20 00:33:29+00:00,https://github.com/apalania/OpenADMET-ExpansionRx-Challenge/blob/main/MethodologyReport_v2.pdf
262,Caps,0.78 +/- 0.03,0.26 +/- 0.06,0.66 +/- 0.03,0.49 +/- 0.02,2026-01-19 14:01:10+00:00,
263,imikezhu,0.78 +/- 0.03,0.28 +/- 0.05,0.60 +/- 0.03,0.44 +/- 0.02,2025-11-12 00:03:04+00:00,
264,minzina-base_mse,0.78 +/- 0.03,0.23 +/- 0.05,0.64 +/- 0.03,0.47 +/- 0.02,2025-12-16 08:49:54+00:00,
265,TERRA,0.78 +/- 0.03,0.27 +/- 0.05,0.61 +/- 0.03,0.44 +/- 0.02,2025-11-09 07:59:07+00:00,
266,Cindyhui22,0.79 +/- 0.03,0.28 +/- 0.05,0.64 +/- 0.03,0.47 +/- 0.02,2025-12-10 23:17:38+00:00,
267,paulo,0.79 +/- 0.03,0.26 +/- 0.05,0.62 +/- 0.03,0.45 +/- 0.02,2025-12-01 23:01:43+00:00,
268,HungryCapybara,0.79 +/- 0.04,0.20 +/- 0.07,0.60 +/- 0.03,0.43 +/- 0.02,2026-01-02 22:40:47+00:00,
269,admetchallenger,0.79 +/- 0.03,0.23 +/- 0.05,0.57 +/- 0.03,0.41 +/- 0.02,2025-11-14 00:46:45+00:00,
270,ceklarzj,0.79 +/- 0.03,0.21 +/- 0.06,0.62 +/- 0.03,0.46 +/- 0.02,2026-01-13 10:10:18+00:00,
271,maxime1310,0.79 +/- 0.03,0.29 +/- 0.04,0.59 +/- 0.03,0.42 +/- 0.02,2025-11-30 22:49:02+00:00,
272,mmahmed,0.80 +/- 0.03,0.29 +/- 0.05,0.63 +/- 0.03,0.46 +/- 0.02,2025-12-12 15:53:12+00:00,
273,:(,0.80 +/- 0.03,0.23 +/- 0.05,0.61 +/- 0.03,0.45 +/- 0.02,2026-01-18 10:26:39+00:00,
274,AFP_FF_1_ensemble,0.80 +/- 0.03,0.26 +/- 0.05,0.59 +/- 0.03,0.43 +/- 0.02,2025-11-11 20:24:08+00:00,
275,SunKnowledge,0.80 +/- 0.03,0.27 +/- 0.05,0.56 +/- 0.03,0.41 +/- 0.03,2025-12-30 15:22:48+00:00,
276,Suryavedha9,0.80 +/- 0.03,0.27 +/- 0.05,0.56 +/- 0.03,0.41 +/- 0.03,2025-12-30 15:29:46+00:00,
277,rymsnyde,0.80 +/- 0.03,0.23 +/- 0.05,0.62 +/- 0.03,0.45 +/- 0.02,2026-01-19 04:37:37+00:00,https://github.com/rymsnyde/LMC-MO-GPR_for_ADMET
278,maxime1,0.80 +/- 0.03,0.27 +/- 0.04,0.58 +/- 0.03,0.42 +/- 0.02,2025-11-25 22:50:20+00:00,
279,malteny,0.80 +/- 0.03,0.17 +/- 0.06,0.65 +/- 0.03,0.48 +/- 0.02,2025-11-02 15:18:06+00:00,
280,eightmm,0.80 +/- 0.03,0.22 +/- 0.05,0.65 +/- 0.03,0.48 +/- 0.02,2025-11-11 03:50:28+00:00,
281,elli3tiu,0.80 +/- 0.03,0.21 +/- 0.06,0.63 +/- 0.03,0.47 +/- 0.02,2025-12-16 13:09:55+00:00,
282,jahy,0.81 +/- 0.03,0.26 +/- 0.05,0.61 +/- 0.03,0.44 +/- 0.02,2026-01-17 09:52:20+00:00,
283,bolt,0.81 +/- 0.03,0.21 +/- 0.04,0.65 +/- 0.03,0.48 +/- 0.02,2026-01-19 12:21:09+00:00,
284,boltzmann4,0.81 +/- 0.03,0.26 +/- 0.05,0.67 +/- 0.03,0.50 +/- 0.02,2026-01-19 16:36:58+00:00,https://docs.google.com/document/d/1-yiygaQi4SC5-4TdrAo8faxW2CNO7YvJ/edit?usp=sharing&ouid=111440856211122900819&rtpof=true&sd=true
285,Tomato,0.81 +/- 0.03,0.22 +/- 0.05,0.62 +/- 0.03,0.45 +/- 0.02,2025-12-14 07:37:29+00:00,
286,srajall,0.82 +/- 0.03,0.23 +/- 0.05,0.61 +/- 0.03,0.45 +/- 0.02,2025-12-21 12:57:40+00:00,
287,AStaniszewski,0.82 +/- 0.03,0.20 +/- 0.05,0.59 +/- 0.03,0.42 +/- 0.02,2025-11-03 16:23:41+00:00,
288,oku06,0.82 +/- 0.03,0.17 +/- 0.05,0.57 +/- 0.03,0.41 +/- 0.03,2026-01-18 12:46:16+00:00,
289,snowtester,0.82 +/- 0.03,0.21 +/- 0.05,0.58 +/- 0.03,0.41 +/- 0.02,2025-11-11 17:15:46+00:00,
290,lherman,0.82 +/- 0.04,0.14 +/- 0.06,0.61 +/- 0.03,0.45 +/- 0.02,2025-11-11 23:02:31+00:00,
291,ChemTechBaron,0.83 +/- 0.04,0.14 +/- 0.06,0.62 +/- 0.03,0.45 +/- 0.02,2025-12-23 09:14:35+00:00,
292,Egabrielle,0.83 +/- 0.03,0.18 +/- 0.06,0.58 +/- 0.03,0.42 +/- 0.02,2026-01-07 17:07:43+00:00,
293,gamma,0.84 +/- 0.02,0.21 +/- 0.02,0.79 +/- 0.02,0.59 +/- 0.02,2026-01-19 13:47:43+00:00,
294,Mohitlikestocode,0.84 +/- 0.03,0.16 +/- 0.05,0.54 +/- 0.03,0.38 +/- 0.03,2025-11-23 06:27:30+00:00,
295,sunnysideup,0.84 +/- 0.03,0.22 +/- 0.05,0.55 +/- 0.03,0.39 +/- 0.02,2025-12-20 13:51:47+00:00,
296,Apxjmd,0.85 +/- 0.03,0.15 +/- 0.05,0.55 +/- 0.03,0.40 +/- 0.02,2026-01-19 16:26:14+00:00,https://docs.google.com/document/d/1r3o16KmaizQJb67i8G6lsYeIVsjUp3pSsK5u5GPqrBs/edit?usp=sharing
297,ck241,0.85 +/- 0.03,0.11 +/- 0.07,0.61 +/- 0.03,0.44 +/- 0.02,2025-12-28 15:01:40+00:00,
298,lancet2,0.85 +/- 0.03,0.18 +/- 0.05,0.56 +/- 0.03,0.40 +/- 0.03,2025-12-14 17:54:54+00:00,
299,jasonlin90125,0.85 +/- 0.03,0.13 +/- 0.05,0.53 +/- 0.03,0.38 +/- 0.03,2025-11-18 20:42:06+00:00,
300,lucs1,0.86 +/- 0.03,0.17 +/- 0.05,0.53 +/- 0.03,0.37 +/- 0.02,2025-12-27 15:51:33+00:00,
301,aptest,0.86 +/- 0.04,0.12 +/- 0.06,0.57 +/- 0.03,0.41 +/- 0.02,2026-01-19 13:18:06+00:00,
302,dltaa_team,0.87 +/- 0.03,0.13 +/- 0.05,0.50 +/- 0.03,0.36 +/- 0.03,2026-01-16 16:22:33+00:00,
303,eachanjohnson,0.87 +/- 0.03,0.15 +/- 0.05,0.53 +/- 0.03,0.38 +/- 0.02,2026-01-19 01:01:32+00:00,https://github.com/eachanjohnson/challenge-2601-openadmet
304,xyxmxy,0.88 +/- 0.03,0.10 +/- 0.05,0.50 +/- 0.03,0.36 +/- 0.03,2026-01-19 07:51:11+00:00,
305,metro_mehed,0.88 +/- 0.03,0.14 +/- 0.05,0.54 +/- 0.03,0.38 +/- 0.02,2026-01-19 19:07:46+00:00,https://docs.google.com/document/d/1xseb0nWU162fvvG8jFDoEKX_nx4qEflHMrNmDNSn2Oo/edit?usp=drive_link
306,chsk1508,0.89 +/- 0.04,-0.22 +/- 0.19,0.59 +/- 0.03,0.43 +/- 0.03,2025-12-28 20:05:37+00:00,
307,baselining,0.89 +/- 0.04,0.08 +/- 0.06,0.55 +/- 0.03,0.40 +/- 0.02,2026-01-05 17:59:09+00:00,
308,ProtonSci,0.89 +/- 0.03,-0.02 +/- 0.05,0.63 +/- 0.03,0.46 +/- 0.02,2025-12-11 16:28:33+00:00,
309,sudhir2016,0.89 +/- 0.03,0.09 +/- 0.06,0.54 +/- 0.03,0.38 +/- 0.02,2026-01-17 16:06:17+00:00,https://gist.github.com/sudhir2016/e6a488fe6a856dfc3d8b6734b612a6a5
310,DrSmith,0.90 +/- 0.03,-0.00 +/- 0.06,0.49 +/- 0.04,0.35 +/- 0.03,2025-11-20 22:21:55+00:00,
311,6Nsec,0.91 +/- 0.03,0.01 +/- 0.06,0.53 +/- 0.03,0.38 +/- 0.03,2026-01-17 22:16:14+00:00,
312,NHRI_MTForestNet_L4_MAE,0.91 +/- 0.03,0.01 +/- 0.05,0.49 +/- 0.04,0.34 +/- 0.03,2025-11-18 08:09:24+00:00,
313,NHRI_MTForestNet_L3_MAE,0.92 +/- 0.03,0.00 +/- 0.05,0.49 +/- 0.03,0.34 +/- 0.03,2025-11-18 08:06:59+00:00,
314,morgul,0.92 +/- 0.03,-0.03 +/- 0.05,0.44 +/- 0.04,0.31 +/- 0.03,2026-01-13 21:15:54+00:00,
315,emsciage,0.93 +/- 0.04,-0.22 +/- 0.11,0.63 +/- 0.03,0.47 +/- 0.02,2025-11-09 01:57:24+00:00,
316,aime,0.94 +/- 0.03,0.08 +/- 0.05,0.49 +/- 0.04,0.34 +/- 0.03,2025-12-07 00:58:02+00:00,
317,mtqspr_pcamor,0.94 +/- 0.04,0.00 +/- 0.08,0.71 +/- 0.02,0.53 +/- 0.02,2026-01-18 00:16:27+00:00,https://docs.google.com/document/d/1knr4cDWE-Tn0ZmcTqSCfADTN2d6BIQqsnfaN6URv9Nk/edit?usp=sharing
318,NHRI_MTForestNet_L2_MAE,0.94 +/- 0.03,-0.04 +/- 0.05,0.47 +/- 0.04,0.33 +/- 0.03,2025-11-18 08:02:57+00:00,
319,NHRI_MTForestNet_L2_MAE_round1,0.94 +/- 0.03,-0.04 +/- 0.05,0.47 +/- 0.04,0.33 +/- 0.03,2025-11-18 08:14:01+00:00,
320,MINTYBOMB,0.95 +/- 0.04,-0.18 +/- 0.09,0.51 +/- 0.03,0.37 +/- 0.03,2026-01-18 14:35:03+00:00,
321,haleemiliyash,0.95 +/- 0.04,-0.06 +/- 0.07,0.53 +/- 0.03,0.38 +/- 0.03,2025-12-28 18:09:26+00:00,https://docs.google.com/document/d/1QKNw_Ev6EVsh2faLWFhflS22xxFrdWwcPvSdwYRMBJ0/edit?usp=sharing
322,address,0.96 +/- 0.04,-0.12 +/- 0.09,0.61 +/- 0.03,0.44 +/- 0.02,2026-01-16 23:58:02+00:00,
323,ragu,0.96 +/- 0.04,-0.12 +/- 0.09,0.61 +/- 0.03,0.44 +/- 0.02,2026-01-16 22:09:51+00:00,
324,TheMysteryMan,0.96 +/- 0.04,-0.12 +/- 0.07,0.43 +/- 0.04,0.30 +/- 0.03,2025-10-31 16:03:14+00:00,
325,trydemo2,0.96 +/- 0.04,-0.32 +/- 0.11,0.59 +/- 0.03,0.43 +/- 0.02,2025-11-16 07:26:21+00:00,
326,sandbox,0.97 +/- 0.04,-0.07 +/- 0.07,0.73 +/- 0.02,0.55 +/- 0.02,2026-01-19 15:14:03+00:00,
327,SunntSideUp,1.00 +/- 0.03,-0.17 +/- 0.06,0.42 +/- 0.04,0.29 +/- 0.03,2025-12-30 13:43:16+00:00,
328,thmtt,1.00 +/- 0.04,-0.16 +/- 0.06,0.35 +/- 0.04,0.25 +/- 0.03,2025-11-04 23:46:56+00:00,
329,nlp,1.01 +/- 0.04,-0.10 +/- 0.07,0.47 +/- 0.04,0.33 +/- 0.03,2026-01-19 03:50:01+00:00,
330,CNMP_e3fp,1.04 +/- 0.03,-0.15 +/- 0.05,0.20 +/- 0.04,0.14 +/- 0.03,2025-12-10 22:11:42+00:00,
331,latticetower,1.04 +/- 0.04,-0.36 +/- 0.10,0.48 +/- 0.03,0.34 +/- 0.03,2026-01-19 23:30:22+00:00,https://github.com/latticetower/chemney
332,zyrlia,1.04 +/- 0.03,-0.16 +/- 0.05,0.33 +/- 0.04,0.22 +/- 0.03,2025-12-17 03:28:03+00:00,
333,ld502,1.06 +/- 0.02,-0.20 +/- 0.03,0.51 +/- 0.02,0.36 +/- 0.02,2025-11-20 04:31:57+00:00,
334,openadmet-dummy,1.08 +/- 0.02,-0.20 +/- 0.03,nan +/- nan,nan +/- nan,2025-10-23 18:47:43+00:00,
335,phazer,1.12 +/- 0.03,-0.39 +/- 0.06,0.21 +/- 0.04,0.14 +/- 0.03,2025-11-01 21:00:59+00:00,
336,okidoki,1.15 +/- 0.04,-0.73 +/- 0.10,0.41 +/- 0.02,0.32 +/- 0.02,2026-01-18 07:47:05+00:00,
337,nhkhiem1998,1.15 +/- 0.05,-0.88 +/- 0.13,0.54 +/- 0.03,0.41 +/- 0.02,2025-11-13 15:35:49+00:00,
338,KyNguyen,1.20 +/- 0.04,-0.62 +/- 0.07,0.24 +/- 0.04,0.16 +/- 0.03,2025-11-22 05:14:35+00:00,
339,NirajanB,1.22 +/- 0.05,-0.98 +/- 0.13,0.60 +/- 0.03,0.44 +/- 0.02,2026-01-02 19:40:06+00:00,
340,bhatnira,1.22 +/- 0.05,-0.98 +/- 0.13,0.60 +/- 0.03,0.44 +/- 0.02,2026-01-02 19:16:06+00:00,
341,redjay,1.25 +/- 0.04,-0.59 +/- 0.08,0.14 +/- 0.04,0.10 +/- 0.03,2026-01-18 19:24:11+00:00,https://docs.google.com/document/d/1QHhGtEriIm0jGCY5NdTxCxkS6xkUMPakCwgePgGcCj8/edit?tab=t.0
342,thunder,1.28 +/- 0.06,-0.87 +/- 0.14,0.50 +/- 0.03,0.35 +/- 0.03,2026-01-09 13:52:18+00:00,
343,Z3eus,1.31 +/- 0.04,-0.87 +/- 0.08,0.13 +/- 0.04,0.09 +/- 0.03,2025-12-24 12:52:38+00:00,
344,AIME,1.31 +/- 0.04,-0.82 +/- 0.10,0.01 +/- 0.04,0.00 +/- 0.03,2025-12-10 17:15:48+00:00,
345,baseline_v2,1.32 +/- 0.04,-0.72 +/- 0.09,0.26 +/- 0.04,0.18 +/- 0.03,2025-11-15 19:40:44+00:00,
346,Srajall,1.43 +/- 0.06,-1.33 +/- 0.14,0.36 +/- 0.03,0.27 +/- 0.03,2026-01-19 18:45:24+00:00,https://github.com/srajalcodes/ADMET-Challenge-Report-Methodology/blob/main/README.md
347,boltzmann_Hy,1.44 +/- 0.06,-1.07 +/- 0.12,0.52 +/- 0.03,0.38 +/- 0.02,2026-01-19 09:20:51+00:00,
348,boltzmann_xgb,1.44 +/- 0.06,-1.09 +/- 0.13,0.47 +/- 0.04,0.34 +/- 0.03,2026-01-19 09:49:28+00:00,https://docs.google.com/document/d/1RFuSB9CzAwwysvgjP2Bo0RXWbIUZsKF-/edit?usp=sharing&ouid=111440856211122900819&rtpof=true&sd=true
349,Boltz-anki,1.48 +/- 0.06,-1.27 +/- 0.14,0.41 +/- 0.04,0.29 +/- 0.03,2026-01-19 09:59:49+00:00,
350,eb_drug_8,1.48 +/- 0.06,-1.80 +/- 0.16,0.38 +/- 0.04,0.27 +/- 0.03,2026-01-05 15:21:57+00:00,
351,khayalagbv,1.51 +/- 0.06,-2.05 +/- 0.17,0.43 +/- 0.04,0.31 +/- 0.03,2026-01-06 06:16:40+00:00,
352,Curie,1.58 +/- 0.06,-1.83 +/- 0.16,0.14 +/- 0.04,0.10 +/- 0.03,2026-01-10 17:30:29+00:00,
353,Gamma,1.60 +/- 0.06,-1.89 +/- 0.17,0.13 +/- 0.04,0.09 +/- 0.03,2026-01-10 17:04:09+00:00,
354,DMak,1.61 +/- 0.07,-2.09 +/- 0.20,0.65 +/- 0.02,0.48 +/- 0.02,2025-11-14 13:02:30+00:00,
355,lic90476,1.73 +/- 0.07,-2.19 +/- 0.18,0.41 +/- 0.03,0.29 +/- 0.02,2025-12-06 15:27:43+00:00,
356,logd_ornot_logd,1.82 +/- 0.07,-2.44 +/- 0.23,0.83 +/- 0.01,0.65 +/- 0.01,2026-01-19 04:04:26+00:00,
357,gambit,1.86 +/- 0.07,-3.16 +/- 0.28,0.78 +/- 0.02,0.60 +/- 0.02,2026-01-19 19:36:13+00:00,
358,boltzmann,1.88 +/- 0.07,-2.18 +/- 0.20,0.56 +/- 0.03,0.41 +/- 0.02,2026-01-18 17:19:14+00:00,
359,wolf,1.92 +/- 0.07,-3.14 +/- 0.25,-0.02 +/- 0.04,-0.01 +/- 0.03,2026-01-11 09:09:46+00:00,
360,wolf,1.93 +/- 0.08,-9.51 +/- 0.70,0.46 +/- 0.04,0.32 +/- 0.03,2026-01-07 21:45:48+00:00,
361,little-WM-atw-2,1.93 +/- 0.07,-2.92 +/- 0.21,0.02 +/- 0.04,0.02 +/- 0.03,2026-01-10 17:47:00+00:00,https://github.com/azminewasi/OpenADMET_ExpansionRx
362,Gante,1.94 +/- 0.08,-3.37 +/- 0.29,0.72 +/- 0.02,0.54 +/- 0.02,2026-01-17 06:52:29+00:00,
363,cda7gatech2,2.07 +/- 0.09,-3.18 +/- 0.27,0.70 +/- 0.03,0.53 +/- 0.02,2025-12-11 01:45:19+00:00,
364,wwang777,2.07 +/- 0.09,-3.16 +/- 0.27,0.72 +/- 0.03,0.54 +/- 0.02,2025-12-10 23:37:30+00:00,
365,MichaelW,2.07 +/- 0.08,-3.15 +/- 0.26,0.68 +/- 0.03,0.51 +/- 0.02,2025-12-11 02:00:30+00:00,
366,cda7gatech,2.07 +/- 0.08,-3.15 +/- 0.26,0.68 +/- 0.03,0.51 +/- 0.02,2025-12-11 00:01:25+00:00,
367,cd10kfsu,2.08 +/- 0.09,-3.18 +/- 0.27,0.70 +/- 0.03,0.52 +/- 0.02,2025-12-11 00:14:25+00:00,
368,rhlin1023,2.10 +/- 0.09,-3.19 +/- 0.28,0.57 +/- 0.03,0.42 +/- 0.03,2025-11-23 13:47:53+00:00,
369,zombie,2.12 +/- 0.08,-3.86 +/- 0.30,0.83 +/- 0.02,0.66 +/- 0.03,2026-01-19 17:23:02+00:00,
370,rusty,2.12 +/- 0.08,-3.85 +/- 0.30,0.84 +/- 0.02,0.67 +/- 0.02,2026-01-09 15:10:35+00:00,
371,grico,2.18 +/- 0.09,-3.48 +/- 0.28,-0.04 +/- 0.05,-0.02 +/- 0.03,2026-01-18 21:52:07+00:00,
372,rider,2.19 +/- 0.09,-3.72 +/- 0.33,0.15 +/- 0.04,0.11 +/- 0.03,2026-01-18 21:25:52+00:00,
373,workshop,2.22 +/- 0.09,-3.76 +/- 0.33,0.16 +/- 0.04,0.12 +/- 0.03,2026-01-18 07:53:51+00:00,
374,nicasio-umap,2.36 +/- 0.10,-4.51 +/- 0.37,0.62 +/- 0.02,0.46 +/- 0.02,2025-12-09 15:17:06+00:00,
375,boulder,2.39 +/- 0.10,-4.22 +/- 0.34,0.01 +/- 0.04,0.00 +/- 0.03,2026-01-15 20:48:36+00:00,
376,santa-vixen,2.39 +/- 0.10,-4.22 +/- 0.34,0.01 +/- 0.04,0.01 +/- 0.03,2025-12-22 18:43:58+00:00,
377,ricecooker,2.39 +/- 0.10,-4.23 +/- 0.34,-0.01 +/- 0.04,-0.01 +/- 0.03,2026-01-18 00:09:14+00:00,
378,refit,2.39 +/- 0.10,-4.23 +/- 0.34,-0.02 +/- 0.04,-0.01 +/- 0.03,2026-01-15 10:51:41+00:00,
379,clocktower,2.43 +/- 0.10,-4.83 +/- 0.40,0.74 +/- 0.02,0.56 +/- 0.02,2025-12-04 18:20:35+00:00,
380,beta,2.43 +/- 0.10,-18.67 +/- 1.30,0.39 +/- 0.04,0.28 +/- 0.03,2026-01-08 19:58:10+00:00,
381,newton,2.43 +/- 0.10,-18.28 +/- 1.29,0.40 +/- 0.04,0.28 +/- 0.03,2026-01-08 17:41:33+00:00,
382,clocktower2,2.44 +/- 0.10,-4.83 +/- 0.40,0.72 +/- 0.02,0.54 +/- 0.02,2025-12-02 07:06:29+00:00,
383,pearl56,2.46 +/- 0.10,-18.62 +/- 1.29,0.41 +/- 0.04,0.29 +/- 0.03,2026-01-08 12:55:23+00:00,
384,miles,2.48 +/- 0.10,-4.90 +/- 0.40,0.79 +/- 0.02,0.62 +/- 0.02,2026-01-17 07:24:15+00:00,
385,vaishn,2.49 +/- 0.10,-4.76 +/- 0.36,0.81 +/- 0.02,0.61 +/- 0.02,2026-01-11 15:04:08+00:00,
386,Nandini102002,2.49 +/- 0.10,-4.83 +/- 0.36,0.64 +/- 0.03,0.46 +/- 0.03,2026-01-19 11:34:47+00:00,
387,vyshu54,2.49 +/- 0.10,-4.83 +/- 0.36,0.64 +/- 0.03,0.46 +/- 0.03,2026-01-19 11:28:39+00:00,
388,mart78,2.54 +/- 0.11,-5.14 +/- 0.41,0.90 +/- 0.01,0.74 +/- 0.01,2025-12-14 05:47:55+00:00,
389,Gvyn,2.54 +/- 0.10,-4.99 +/- 0.40,0.67 +/- 0.02,0.49 +/- 0.01,2026-01-19 11:55:42+00:00,
390,alligater,2.54 +/- 0.10,-4.99 +/- 0.40,0.67 +/- 0.02,0.49 +/- 0.01,2026-01-19 14:17:19+00:00,
391,vaishnavi,2.55 +/- 0.11,-5.15 +/- 0.41,0.86 +/- 0.01,0.70 +/- 0.01,2025-12-14 22:50:06+00:00,
392,lds,2.55 +/- 0.11,-5.15 +/- 0.41,0.88 +/- 0.01,0.71 +/- 0.01,2025-12-17 13:27:12+00:00,
393,wigu,2.55 +/- 0.11,-5.16 +/- 0.41,0.83 +/- 0.01,0.68 +/- 0.01,2025-11-19 18:15:01+00:00,
394,rabbit,2.55 +/- 0.11,-5.15 +/- 0.41,0.85 +/- 0.01,0.67 +/- 0.01,2025-11-28 00:48:11+00:00,
395,egeorge14,2.57 +/- 0.11,-5.17 +/- 0.41,0.71 +/- 0.02,0.53 +/- 0.01,2025-12-01 20:28:27+00:00,
396,Sean-Wong,2.60 +/- 0.10,-4.93 +/- 0.39,0.66 +/- 0.03,0.49 +/- 0.02,2026-01-18 12:29:01+00:00,https://github.com/Wang-Lin-boop/Ouroboros
397,pavan,2.61 +/- 0.10,-5.25 +/- 0.41,0.85 +/- 0.02,0.69 +/- 0.02,2026-01-03 08:58:04+00:00,
398,pavansskumar18,2.61 +/- 0.10,-5.25 +/- 0.41,0.84 +/- 0.02,0.70 +/- 0.02,2026-01-19 05:13:36+00:00,
399,Nandini1,2.62 +/- 0.10,-5.25 +/- 0.41,0.86 +/- 0.02,0.69 +/- 0.02,2026-01-10 11:49:11+00:00,
400,va,2.62 +/- 0.10,-5.26 +/- 0.41,0.85 +/- 0.03,0.69 +/- 0.02,2026-01-13 10:25:04+00:00,
401,NHRI_MTForestNet_3,2.65 +/- 0.10,-5.01 +/- 0.39,0.47 +/- 0.03,0.34 +/- 0.03,2025-11-17 05:41:27+00:00,
402,NHRI_MTForestNet_4,2.65 +/- 0.10,-5.01 +/- 0.39,0.47 +/- 0.03,0.34 +/- 0.03,2025-11-17 05:42:27+00:00,
403,vaishu53,2.65 +/- 0.11,-5.33 +/- 0.42,0.71 +/- 0.02,0.54 +/- 0.02,2026-01-19 09:27:52+00:00,
404,rhlin,2.66 +/- 0.10,-5.03 +/- 0.39,0.48 +/- 0.03,0.35 +/- 0.03,2025-11-17 05:12:33+00:00,https://MTForestNet
405,Luna,2.68 +/- 0.11,-5.32 +/- 0.42,0.22 +/- 0.03,0.16 +/- 0.02,2026-01-17 16:33:50+00:00,
406,alexxi11,2.68 +/- 0.11,-5.32 +/- 0.42,0.22 +/- 0.03,0.16 +/- 0.02,2026-01-17 16:16:51+00:00,
407,Mart78,2.78 +/- 0.12,-5.81 +/- 0.46,-0.10 +/- 0.04,-0.07 +/- 0.03,2025-12-19 13:22:07+00:00,
408,wng3,2.79 +/- 0.11,-5.64 +/- 0.44,0.46 +/- 0.03,0.32 +/- 0.02,2026-01-09 11:30:27+00:00,
409,cathedral,3.08 +/- 0.12,-8.29 +/- 0.58,0.71 +/- 0.02,0.54 +/- 0.02,2026-01-17 15:31:50+00:00,
410,chips,3.79 +/- 0.15,-74.46 +/- 6.01,0.38 +/- 0.04,0.27 +/- 0.03,2026-01-09 21:03:34+00:00,
411,gugys,4.11 +/- 0.12,-31.41 +/- 1.41,-0.21 +/- 0.04,-0.14 +/- 0.03,2025-12-08 05:12:29+00:00,
412,cobalt,8.06 +/- 0.26,-303.29 +/- 16.81,0.00 +/- 0.04,0.00 +/- 0.03,2026-01-19 21:23:21+00:00,
413,spiral,71.67 +/- 2.13,-33652.17 +/- 1816.84,-0.02 +/- 0.04,-0.01 +/- 0.03,2026-01-19 23:54:46+00:00,
414,gamma,128.44 +/- 3.56,-35061.03 +/- 2087.09,0.61 +/- 0.04,0.45 +/- 0.03,2026-01-17 10:57:38+00:00,
