final rank,user,MAE_display,RAE_display,R2_display,Spearman R_display,Kendall's Tau_display,model details
1,moka,0.3054 ± 0.0070,0.7234 ± 0.0192,0.4860 ± 0.0272,0.6853 ± 0.0173,0.4974 ± 0.0148,https://github.com/dahvida/openadmet-expansionrx-blind-challenge-moka
2,overfit,0.3178 ± 0.0069,0.7528 ± 0.0189,0.4513 ± 0.0272,0.6519 ± 0.0182,0.4704 ± 0.0151,https://docs.google.com/document/d/16QIFGZRlQbZGRnP7PKODNLCRiq029fDoMiEiVFF03hE/edit?usp=sharing
3,pebble,0.3182 ± 0.0071,0.7538 ± 0.0196,0.4490 ± 0.0279,0.6450 ± 0.0189,0.4649 ± 0.0156,https://docs.google.com/document/d/11YF4Izk_XffIvXf1LahnTICKf8rbdv9mcYl42-7yt8A/edit?usp=sharing
4,Universal15,0.3245 ± 0.0075,0.7687 ± 0.0199,0.4148 ± 0.0286,0.6353 ± 0.0192,0.4559 ± 0.0157,https://docs.google.com/document/d/1RQTj1BBOKmtHgXschFUa_ZUdz1a0juRI0eXwnnLkPZE/edit?usp=sharing
5,temal,0.3297 ± 0.0074,0.7810 ± 0.0209,0.3923 ± 0.0329,0.6320 ± 0.0191,0.4536 ± 0.0154,https://docs.google.com/document/d/1IqyTGGB2FLgYpptyst0XdTmZCHMETdX3/edit?usp=sharing&ouid=109801295390196144877&rtpof=true&sd=true
6,campfire-capillary,0.3301 ± 0.0075,0.7818 ± 0.0196,0.3995 ± 0.0285,0.5873 ± 0.0206,0.4169 ± 0.0163,https://github.com/campfire-capillary/OpenADMETExpansionRx/blob/main/README.md
7,tibo,0.3318 ± 0.0079,0.7859 ± 0.0191,0.3816 ± 0.0266,0.5947 ± 0.0206,0.4230 ± 0.0163,https://github.com/Tibogoss/OpenADMET-ExpansionRx/blob/main/README.md
8,rced_nvx,0.3329 ± 0.0079,0.7886 ± 0.0193,0.3772 ± 0.0270,0.5907 ± 0.0208,0.4201 ± 0.0164,https://github.com/cedenoruel/OpenADMET-ExpansionRx-Blind-Challenge/blob/main/README.md
9,beetroot,0.3348 ± 0.0072,0.7931 ± 0.0184,0.4069 ± 0.0278,0.6119 ± 0.0188,0.4337 ± 0.0150,https://docs.google.com/document/d/e/2PACX-1vTcBMF2uEAu1POdvZKpA0fHCtvk1JlsolEZQgFZeOxzctH1jILjzsI2uZJL2uL9EZCwdyQ2MsQIJBfy/pub
10,liberica,0.3355 ± 0.0078,0.7946 ± 0.0197,0.3739 ± 0.0281,0.5861 ± 0.0205,0.4163 ± 0.0161,https://github.com/Ngoson2004/OpenADMET-ExpansionRX-Challenge.git
11,rappleton,0.3359 ± 0.0078,0.7955 ± 0.0190,0.3669 ± 0.0309,0.5612 ± 0.0219,0.3983 ± 0.0170,https://github.com/R-applet/ADMET_Challenge_2025/tree/main
12,vaishnavi53,0.3359 ± 0.0078,0.7955 ± 0.0190,0.3669 ± 0.0309,0.5612 ± 0.0219,0.3983 ± 0.0170,https://docs.google.com/document/d/1LGw0CJGVm1hCqLDEkIms7YXPMnHH3LADeEmcWn5xwtI/edit?usp=sharing
13,aglisman,0.3369 ± 0.0076,0.7980 ± 0.0207,0.3687 ± 0.0320,0.5916 ± 0.0203,0.4209 ± 0.0160,https://github.com/alec-glisman/OpenADMET-ExpansionRx-Blind-Challenge/blob/main/MODEL_CARD.md
14,yanyn,0.3373 ± 0.0075,0.7989 ± 0.0205,0.3811 ± 0.0324,0.5856 ± 0.0213,0.4178 ± 0.0169,https://github.com/yan-notes/openadmet_submit_yan
15,Na123,0.3387 ± 0.0076,0.8023 ± 0.0208,0.3668 ± 0.0329,0.5854 ± 0.0212,0.4171 ± 0.0168,https://docs.google.com/document/d/1BUZ010oL0_fNPmp3Iw28NYi-wkSMz5E8b_RHuQ_dp_0/edit?usp=sharing
16,Ensem,0.3387 ± 0.0076,0.8023 ± 0.0208,0.3668 ± 0.0329,0.5854 ± 0.0212,0.4171 ± 0.0168,https://docs.google.com/document/d/1BUZ010oL0_fNPmp3Iw28NYi-wkSMz5E8b_RHuQ_dp_0/edit?tab=t.0
17,beardy-polonium,0.3406 ± 0.0076,0.8068 ± 0.0202,0.3675 ± 0.0308,0.5819 ± 0.0207,0.4115 ± 0.0163,https://drive.google.com/file/d/163hHzi_YIoM26sEFSTQ3Wo-2MzInuHeM/view?usp=drive_link
18,HybridADMET,0.3411 ± 0.0077,0.8079 ± 0.0204,0.3637 ± 0.0328,0.5888 ± 0.0213,0.4184 ± 0.0167,https://docs.google.com/document/d/1WD2EVaud7UFCZk5qOZ1_sV_UcGgjlQXkSivTRppDq9Q/edit?usp=sharing
19,ZaZdrowie,0.3419 ± 0.0079,0.8098 ± 0.0213,0.3628 ± 0.0320,0.6038 ± 0.0196,0.4263 ± 0.0157,https://gist.github.com/vchupakhinslp/4eac9f483b2b55168ed4f0d10d92455c
20,Artichoke,0.3422 ± 0.0078,0.8105 ± 0.0191,0.3561 ± 0.0295,0.5735 ± 0.0210,0.4030 ± 0.0163,https://docs.google.com/document/d/1Mbw0uKDZsQ8QAnQO5uBAdS8x3Z-UTfMhP1fqx2pqTD8/edit?usp=sharing
21,Mlzzzzz,0.3424 ± 0.0078,0.8111 ± 0.0206,0.3510 ± 0.0328,0.5678 ± 0.0213,0.4024 ± 0.0165,https://docs.google.com/document/d/1NsDLCBnDzkOVd4bWe7iVAiZ3y-4PUTF3DdlDlJy7j3o/edit?tab=t.0
22,UncertainTea,0.3428 ± 0.0080,0.8121 ± 0.0214,0.3574 ± 0.0323,0.5739 ± 0.0215,0.4067 ± 0.0169,https://github.com/un-certain-tea/OpenADMET-ExpansionRx-Challenge
23,Gashaw,0.3432 ± 0.0079,0.8131 ± 0.0219,0.3422 ± 0.0354,0.5675 ± 0.0217,0.4036 ± 0.0170,https://docs.google.com/document/d/1-CgaIBOqN_156l_J2Ujx0tDy7OOq60k1YD0RJTqkG80/edit?usp=sharing
24,Hydra,0.3440 ± 0.0080,0.8148 ± 0.0215,0.3351 ± 0.0350,0.5784 ± 0.0213,0.4096 ± 0.0168,https://docs.google.com/document/d/1Jbr7aBBScvanrqfzYsnE1m-a3fJxgv_BIcfDQWls6BQ/edit?usp=sharing
25,arabica,0.3441 ± 0.0081,0.8150 ± 0.0220,0.3357 ± 0.0326,0.5842 ± 0.0212,0.4172 ± 0.0167,https://github.com/Ngoson2004/OpenADMET-ExpansionRX-Challenge.git
26,echo,0.3442 ± 0.0075,0.8155 ± 0.0211,0.3589 ± 0.0337,0.5757 ± 0.0214,0.4096 ± 0.0169,https://docs.google.com/document/d/1nUIr9-EZc401HPdzErG6YnzW3BVy7I2CHUXqaIELLaY/edit?usp=sharing
27,briford,0.3443 ± 0.0080,0.8156 ± 0.0201,0.3301 ± 0.0319,0.5625 ± 0.0212,0.3979 ± 0.0164,https://github.com/SuperCowPowers/workbench/tree/main/open_admet
28,interstellar-explorer,0.3447 ± 0.0080,0.8165 ± 0.0220,0.3345 ± 0.0358,0.5811 ± 0.0217,0.4128 ± 0.0171,https://docs.google.com/document/d/1cplc30gDCRcweL39KcN27ANOYPi9sZD_tAtfnMwgoeU/edit?usp=sharing
29,nrosa1,0.3468 ± 0.0077,0.8216 ± 0.0207,0.3306 ± 0.0341,0.5664 ± 0.0212,0.4012 ± 0.0164,https://github.com/nrosa/openadmet-erx-challenge/blob/main/model_report.md
30,robusta,0.3471 ± 0.0081,0.8221 ± 0.0223,0.3338 ± 0.0332,0.5984 ± 0.0202,0.4247 ± 0.0160,https://github.com/Ngoson2004/OpenADMET-ExpansionRX-Challenge.git
31,c-test,0.3477 ± 0.0076,0.8236 ± 0.0215,0.3463 ± 0.0348,0.5638 ± 0.0221,0.4008 ± 0.0173,https://docs.google.com/document/d/1-JpjWNB5aB2ShLqFGz7Yhf7g-lrMqXV3PHoufH3tho8/edit?tab=t.0
32,chundu05,0.3482 ± 0.0079,0.8247 ± 0.0197,0.3348 ± 0.0301,0.5415 ± 0.0220,0.3788 ± 0.0168,https://docs.google.com/document/d/1DMiIxDK20FzTZgmBoZsy_FQw0iJGHhZYAhiNAc_SV_Q/edit?tab=t.0#heading=h.s2yx44dt2a2z
33,combo,0.3514 ± 0.0081,0.8323 ± 0.0209,0.3270 ± 0.0315,0.5365 ± 0.0225,0.3773 ± 0.0172,https://docs.google.com/document/d/1oWa1P6HHcntg8GSvAhLG8e576mYATK3HwOhCsVihWx8/edit?usp=drivesdk
34,shin-chan,0.3515 ± 0.0076,0.8326 ± 0.0233,0.3392 ± 0.0368,0.6094 ± 0.0197,0.4352 ± 0.0158,https://docs.google.com/document/d/1A6sRjezd7GSeLatF7VTE9NeFhmA4rSzmgTvZTL1_Nh4/edit?usp=sharing
35,jonswain,0.3519 ± 0.0084,0.8336 ± 0.0198,0.3050 ± 0.0319,0.5571 ± 0.0207,0.3911 ± 0.0160,https://github.com/jonswain/OpenADMET_ExpansionRx_Blind_Challenge
36,massazahdeh,0.3527 ± 0.0080,0.8354 ± 0.0203,0.3235 ± 0.0321,0.5273 ± 0.0223,0.3691 ± 0.0170,https://huggingface.co/spaces/openadmet/OpenADMET-ExpansionRx-Challenge
37,crh201,0.3529 ± 0.0075,0.8358 ± 0.0205,0.3446 ± 0.0326,0.5788 ± 0.0197,0.4064 ± 0.0154,https://docs.google.com/document/d/1bMJvlXRRXZ6S-ZnoGmGkYXiIbZNwiDCp23j-Oq3pOJ0/edit?tab=t.0#heading=h.bjzyy4l1sb7l
38,itetko,0.3532 ± 0.0080,0.8367 ± 0.0198,0.3182 ± 0.0304,0.5123 ± 0.0227,0.3575 ± 0.0171,https://docs.google.com/document/d/1wh6lkdgEl7lMLSyxhuMXVd3E4Pqqbo--lPdxb_hoTkM/edit?tab=t.0
39,Shorku,0.3546 ± 0.0080,0.8400 ± 0.0224,0.3032 ± 0.0373,0.5581 ± 0.0222,0.3965 ± 0.0174,https://github.com/Shorku/OpenADMET_ExpansionRx_Blind_Challenge
40,pequqa,0.3556 ± 0.0080,0.8405 ± 0.0208,0.3141 ± 0.0333,0.5145 ± 0.0232,0.3612 ± 0.0176,https://docs.google.com/document/d/12ZIbady_SwV9ICSvMWcKBPoGAZxVbn5_f-xpMaK6iJA/edit?usp=sharing
41,okidoki,0.3562 ± 0.0081,0.8438 ± 0.0231,0.3125 ± 0.0351,0.5540 ± 0.0226,0.3911 ± 0.0176,https://docs.google.com/document/d/1yD6ZppdthvohCvc1fYvUi57Jsxu1XS5nuRYwHEGblp4/edit?tab=t.0
42,kermt-t,0.3571 ± 0.0077,0.8460 ± 0.0224,0.3127 ± 0.0372,0.5441 ± 0.0227,0.3861 ± 0.0176,https://docs.google.com/document/d/1EZ99fCvqHSbhJxk2tqUKNOcVmi-iDENwvK1zuVqGLpc/edit?usp=sharing
43,KagakuData,0.3574 ± 0.0082,0.8464 ± 0.0200,0.3016 ± 0.0327,0.5222 ± 0.0230,0.3656 ± 0.0174,https://github.com/KagakuAI/QSARcons
44,Proper,0.3581 ± 0.0082,0.8483 ± 0.0227,0.2971 ± 0.0354,0.5478 ± 0.0225,0.3872 ± 0.0174,https://docs.google.com/document/d/103DSkl24b98QG8McQmDVck-3n66LbIPml6r8ND_NldM/edit?usp=sharing
45,chiliflake,0.3597 ± 0.0078,0.8522 ± 0.0217,0.3085 ± 0.0349,0.5500 ± 0.0217,0.3878 ± 0.0167,https://docs.google.com/document/d/e/2PACX-1vR3i2EDTBjTZRKv2EIU0HJeCZRVPHpRk4LQ_LKuexDPphwveWyVCLWNZECGrW7KXPL9ZqdGNApNWh37/pub
46,eq_az,0.3611 ± 0.0084,0.8552 ± 0.0192,0.2807 ± 0.0317,0.4593 ± 0.0251,0.3202 ± 0.0186,https://drive.google.com/drive/folders/1AE9iD5EHYA7Kri1Z1hywNPXMaQl0-4iQ
47,wikke69,0.3615 ± 0.0083,0.8564 ± 0.0218,0.2876 ± 0.0349,0.5180 ± 0.0233,0.3719 ± 0.0180,https://gist.github.com/dehaenw/1318d2265db7ab2744306a7b26e1c535
48,median3,0.3618 ± 0.0085,0.8569 ± 0.0223,0.2754 ± 0.0361,0.4939 ± 0.0243,0.3457 ± 0.0184,https://docs.google.com/document/d/1TC8rbtKGD0wOh3CmvKCnoz_Lkflniip9-4IgKkBPOY8/edit?usp=sharing
49,JacksonBurns,0.3633 ± 0.0079,0.8606 ± 0.0217,0.2956 ± 0.0355,0.5391 ± 0.0224,0.3781 ± 0.0171,https://github.com/JacksonBurns/openadmet_expansionrx/tree/f8efff6e739555337043574af3657cbe7af3e478
50,molairity,0.3636 ± 0.0079,0.8614 ± 0.0218,0.2927 ± 0.0355,0.5324 ± 0.0225,0.3745 ± 0.0171,https://docs.google.com/document/d/1gszarZfGCUkn6ZyPhTazd0C3fyjuM3d2vcYY5EW7Lxw/edit?usp=sharing
51,theZone,0.3671 ± 0.0076,0.8697 ± 0.0223,0.3047 ± 0.0375,0.5517 ± 0.0215,0.3870 ± 0.0165,https://drive.google.com/file/d/12OcLMCjM2S1Wz8yuLXZ3on_xwxGMyg3x/view?usp=drive_link
52,wleco22,0.3680 ± 0.0083,0.8717 ± 0.0211,0.2622 ± 0.0357,0.4884 ± 0.0244,0.3413 ± 0.0181,https://docs.google.com/document/d/1wxbX96aE9hxgvmUqbeLkxdDe4sRU1DcBXKB08eLo8G0/edit?usp=sharing
53,SystemsCBLab,0.3682 ± 0.0085,0.8720 ± 0.0176,0.2421 ± 0.0272,0.4175 ± 0.0261,0.2910 ± 0.0189,https://github.com/apalania/OpenADMET-ExpansionRx-Challenge/blob/main/MethodologyReport_v2.pdf
54,WakuwakuADMET,0.3687 ± 0.0083,0.8733 ± 0.0208,0.2487 ± 0.0340,0.4999 ± 0.0227,0.3481 ± 0.0170,https://huggingface.co/WakuwakuADMET/OpenADMET_ExpansionRx_Challenge_Methodology_Report
55,mechaman,0.3689 ± 0.0082,0.8740 ± 0.0235,0.2767 ± 0.0377,0.5395 ± 0.0225,0.3798 ± 0.0173,https://docs.google.com/document/d/1AKNCdPrxqh9QTG1RwOPitm7AUvUHLNl341EzFl9t4o8/edit?usp=sharing
56,rez3vil,0.3690 ± 0.0083,0.8742 ± 0.0210,0.2550 ± 0.0343,0.4821 ± 0.0237,0.3350 ± 0.0177,https://github.com/rez3vil/OpenADMET-ExpansionRx-Challenge.git
57,Kandagalla,0.3701 ± 0.0083,0.8767 ± 0.0207,0.2536 ± 0.0352,0.4789 ± 0.0245,0.3332 ± 0.0181,https://drive.google.com/file/d/1uJbizC6W-chHjzeq7uaQw42Cv91IsEAk/view?usp=sharing
58,lifaen,0.3706 ± 0.0087,0.8780 ± 0.0249,0.2273 ± 0.0425,0.5416 ± 0.0224,0.3810 ± 0.0172,https://docs.google.com/document/d/1ng3NAEPVjCxvTXzGQfE4bCtfqj0Tms-Zkxr3YyfHBZA/edit?usp=sharing
59,Kalen_UCL,0.3718 ± 0.0084,0.8807 ± 0.0221,0.2531 ± 0.0362,0.5039 ± 0.0231,0.3500 ± 0.0173,https://docs.google.com/document/d/1KYbdAJxJaDNGEy6DhjyhK7jZJM5J8KHEOX3MAB_b6Jc/edit?usp=sharing
60,tiuel,0.3762 ± 0.0082,0.8912 ± 0.0208,0.2472 ± 0.0339,0.4818 ± 0.0232,0.3324 ± 0.0170,https://github.com/etiu/OpenAdmet_competition
61,DMakarov,0.3765 ± 0.0090,0.8917 ± 0.0199,0.1932 ± 0.0330,0.4537 ± 0.0249,0.3147 ± 0.0183,https://github.com/MDMISC/OpenADMET
62,ellieberry,0.3780 ± 0.0082,0.8954 ± 0.0216,0.2472 ± 0.0351,0.4990 ± 0.0226,0.3447 ± 0.0167,https://github.com/etiu/Openadmet_competition_v2
63,vibdsobeyens,0.3790 ± 0.0086,0.8979 ± 0.0235,0.2222 ± 0.0390,0.4963 ± 0.0244,0.3478 ± 0.0182,https://docs.google.com/document/d/1sdAHKfckhfJBOAnkWTo0iYpFmvKm_nrkSnmymrJgTy0/edit?tab=t.0#heading=h.6pqvt9f1ijp7
64,jeremy,0.3799 ± 0.0087,0.9000 ± 0.0230,0.2050 ± 0.0392,0.4549 ± 0.0249,0.3172 ± 0.0184,https://github.com/jeremycheminf/openadmet_scripts/tree/main
65,martin,0.3810 ± 0.0086,0.9026 ± 0.0234,0.2072 ± 0.0425,0.5399 ± 0.0213,0.3778 ± 0.0162,https://docs.google.com/document/d/1bMJvlXRRXZ6S-ZnoGmGkYXiIbZNwiDCp23j-Oq3pOJ0/edit?tab=t.0#heading=h.bjzyy4l1sb7l
66,AzizA-A,0.3811 ± 0.0082,0.9027 ± 0.0221,0.2213 ± 0.0384,0.4701 ± 0.0244,0.3267 ± 0.0180,https://github.com/AzizAbusaleh/OpenADMET-Challenge2026/blob/3da375b0f8f801a03873ea69622ebb31d7f907fb/Report.pdf
67,Discoverybytes,0.3829 ± 0.0089,0.9070 ± 0.0199,0.1826 ± 0.0339,0.3991 ± 0.0269,0.2771 ± 0.0195,https://docs.google.com/document/d/1fNlOGOvF_lrqWz8-MY3oNyXKUSy5_wWmZeukAEUUFf0/edit?usp=drive_link
68,3dprint,0.3837 ± 0.0091,0.9089 ± 0.0177,0.1564 ± 0.0304,0.4461 ± 0.0253,0.3079 ± 0.0184,https://tinyurl.com/mnb2csbe
69,EGabrielle,0.3847 ± 0.0083,0.9112 ± 0.0221,0.2204 ± 0.0365,0.4768 ± 0.0236,0.3296 ± 0.0173,https://github.com/etiu/Openadmet_competition_v2
70,csaba-percept-bio,0.3855 ± 0.0089,0.9132 ± 0.0248,0.1743 ± 0.0446,0.4896 ± 0.0243,0.3418 ± 0.0182,https://docs.google.com/document/d/1dzNWT8oyR0-ja_zT6q7bBMPfMTOH2gByY25Sbd13UOs/
71,tomatpercept,0.3855 ± 0.0089,0.9132 ± 0.0248,0.1743 ± 0.0446,0.4896 ± 0.0243,0.3418 ± 0.0182,https://docs.google.com/document/d/1dzNWT8oyR0-ja_zT6q7bBMPfMTOH2gByY25Sbd13UOs/edit?usp=sharing
72,iCsmiles,0.3855 ± 0.0086,0.9133 ± 0.0234,0.1876 ± 0.0392,0.4489 ± 0.0249,0.3110 ± 0.0183,https://huggingface.co/datasets/JustLeonard/ML/blob/main/readmev2.pdf
73,boltzmann4,0.3859 ± 0.0085,0.9140 ± 0.0212,0.2041 ± 0.0359,0.4549 ± 0.0249,0.3141 ± 0.0181,https://docs.google.com/document/d/1-yiygaQi4SC5-4TdrAo8faxW2CNO7YvJ/edit?usp=sharing&ouid=111440856211122900819&rtpof=true&sd=true
74,leeherman,0.3860 ± 0.0086,0.9143 ± 0.0224,0.2003 ± 0.0381,0.4812 ± 0.0236,0.3340 ± 0.0174,https://docs.google.com/document/d/1_VPsW3p-zKztMqxTWbBNwhddvkqRS3ZWLmfO04nU9Lw/edit?usp=sharing
75,tmp1234,0.3924 ± 0.0089,0.9296 ± 0.0255,0.1596 ± 0.0459,0.4848 ± 0.0239,0.3384 ± 0.0179,https://docs.google.com/document/d/e/2PACX-1vQ1OAnGO4ZvVFwiiSUmFvaBfk8Hjetun_yDboslS6-p0GglV3vAgV1gZ1fJT0g1PtRlXcuS50kodogE/pub
76,diliadis,0.3925 ± 0.0093,0.9298 ± 0.0254,0.1503 ± 0.0455,0.4588 ± 0.0255,0.3217 ± 0.0190,https://docs.google.com/document/d/1sdAHKfckhfJBOAnkWTo0iYpFmvKm_nrkSnmymrJgTy0/edit?usp=sharing
77,Harshit494,0.3925 ± 0.0086,0.9298 ± 0.0223,0.1818 ± 0.0380,0.4480 ± 0.0246,0.3084 ± 0.0178,https://github.com/research-al/admet-challenge
78,femisegvn,0.3926 ± 0.0084,0.9301 ± 0.0230,0.2023 ± 0.0382,0.4695 ± 0.0240,0.3251 ± 0.0175,https://github.com/femisegvn/ExpansionRx-OpenADMET-blind-challenge
79,tespharma,0.3928 ± 0.0085,0.9306 ± 0.0264,0.1758 ± 0.0458,0.5338 ± 0.0222,0.3724 ± 0.0168,https://docs.google.com/document/d/1ydaJf4kJOlfVOoYlXTEU0JNrINWhEwfM0NSPXJU-FtU/edit?usp=sharing
80,vibeADMET,0.3950 ± 0.0091,0.9357 ± 0.0244,0.1420 ± 0.0434,0.4429 ± 0.0252,0.3060 ± 0.0185,https://docs.google.com/document/d/e/2PACX-1vT8yCpYslYvCvcrZuZElChg6XVSx6HH1U4wZ0sLlHy6828LwVCBXSU4FTpwYvL8hDr7ReomL5q_PPki/pub
81,Q_Accel,0.3988 ± 0.0095,0.9447 ± 0.0256,0.0959 ± 0.0497,0.4896 ± 0.0237,0.3446 ± 0.0175,https://docs.google.com/document/d/1f5yJKuEwGoVsXdp3lB_lnuruEi86-M7SNyhrRkBRbDs/edit?usp=sharing
82,Apxjmd,0.4018 ± 0.0092,0.9518 ± 0.0216,0.0961 ± 0.0412,0.3693 ± 0.0268,0.2551 ± 0.0192,https://docs.google.com/document/d/1r3o16KmaizQJb67i8G6lsYeIVsjUp3pSsK5u5GPqrBs/edit?usp=sharing
83,XeonChem,0.4031 ± 0.0092,0.9549 ± 0.0284,0.1076 ± 0.0517,0.5075 ± 0.0226,0.3551 ± 0.0170,https://docs.google.com/document/d/1-N0GW_6HnSx4rYVoyKCGjGUWxcBXyxwWsmi38lueZck/edit?usp=sharing
84,madie31,0.4053 ± 0.0090,0.9602 ± 0.0253,0.1241 ± 0.0450,0.4027 ± 0.0264,0.2774 ± 0.0190,https://deu01.safelinks.protection.outlook.com/?url=https%3A%2F%2Fdocs.google.com%2Fdocument%2Fd%2F1bwf4dckzznWy4DbNXrNxB_jbWFAwRAGa%2Fedit%3Fusp%3Ddrive_link%26ouid%3D100007225775794272332%26rtpof%3Dtrue%26sd%3Dtrue&data=05%7C02%7CLaetitia.Breuil%40evotec.com%7C6adc287ff3c74acba6d008de56a9a9f2%7C3047e55219ba4ca2a020799287660985%7C0%7C0%7C639043483862053326%7CUnknown%7CTWFpbGZsb3d8eyJFbXB0eU1hcGkiOnRydWUsIlYiOiIwLjAuMDAwMCIsIlAiOiJXaW4zMiIsIkFOIjoiTWFpbCIsIldUIjoyfQ%3D%3D%7C0%7C%7C%7C&sdata=W%2BY9Rq8RyDV5P2u3sO5%2Bi1CT1Tlwlv5tA0qHU%2BkppM0%3D&reserved=0
85,eachanjohnson,0.4073 ± 0.0090,0.9649 ± 0.0242,0.1132 ± 0.0427,0.3921 ± 0.0267,0.2695 ± 0.0192,https://github.com/eachanjohnson/challenge-2601-openadmet
86,KNIMEST,0.4075 ± 0.0097,0.9654 ± 0.0265,0.0367 ± 0.0613,0.4573 ± 0.0254,0.3193 ± 0.0188,https://docs.google.com/document/d/1e0LpSpYW4VM2c9xVnSKykDDpP9lvdUSIsAJ6h1qbt4E/edit?usp=drive_link
87,mkruege,0.4092 ± 0.0096,0.9692 ± 0.0260,0.0680 ± 0.0471,0.4193 ± 0.0259,0.2897 ± 0.0188,https://doi.org/10.17617/3.GIKHJL
88,agitter,0.4113 ± 0.0092,0.9744 ± 0.0248,0.1041 ± 0.0435,0.4528 ± 0.0242,0.3103 ± 0.0176,https://github.com/agitter/openadmet-expansionrx-challenge
89,Srajall,0.4124 ± 0.0096,0.9768 ± 0.0243,0.0390 ± 0.0484,0.3745 ± 0.0286,0.2581 ± 0.0204,https://github.com/srajalcodes/ADMET-Challenge-Report-Methodology/blob/main/README.md
90,rymsnyde,0.4174 ± 0.0097,0.9888 ± 0.0248,0.0488 ± 0.0507,0.4345 ± 0.0248,0.3006 ± 0.0179,https://github.com/rymsnyde/LMC-MO-GPR_for_ADMET
91,riemann,0.4248 ± 0.0093,1.0063 ± 0.0240,0.0249 ± 0.0418,0.3987 ± 0.0261,0.2735 ± 0.0187,https://docs.google.com/document/d/1N_huCHcjGN2OpioMyZBE3Pi5LRhVJoG2t3CFkqIHy50/edit?usp=sharing
92,pykel,0.4308 ± 0.0100,1.0205 ± 0.0242,-0.0394 ± 0.0499,0.4305 ± 0.0254,0.2959 ± 0.0184,https://docs.google.com/document/d/e/2PACX-1vSu7dHC9-lGeMKyqHaiiPM3Ji_Mb-eLKKtOd453WzbMSH9bT2Bbct4e1TJ6a0kfquMTwK1V-JirxJDi/pub
93,haleemiliyash,0.4462 ± 0.0103,1.0570 ± 0.0284,-0.1018 ± 0.0596,0.4148 ± 0.0250,0.2856 ± 0.0180,https://docs.google.com/document/d/1QKNw_Ev6EVsh2faLWFhflS22xxFrdWwcPvSdwYRMBJ0/edit?usp=sharing
94,davidgiganti,0.4616 ± 0.0111,1.0851 ± 0.0274,-0.1402 ± 0.0519,0.4313 ± 0.0256,0.2968 ± 0.0186,https://github.com/davidgiganti-ship-it/OpenADMET-ExpansionRx-Challenge
95,metro_mehed,0.4644 ± 0.0102,1.1002 ± 0.0271,-0.1395 ± 0.0490,0.3771 ± 0.0259,0.2571 ± 0.0183,https://docs.google.com/document/d/1xseb0nWU162fvvG8jFDoEKX_nx4qEflHMrNmDNSn2Oo/edit?usp=drive_link
96,little-WM-atw-2,0.4739 ± 0.0108,1.1224 ± 0.0188,-0.2629 ± 0.0327,0.0732 ± 0.0291,0.0491 ± 0.0194,https://github.com/azminewasi/OpenADMET_ExpansionRx
97,sudhir2016,0.4833 ± 0.0113,1.1448 ± 0.0302,-0.3213 ± 0.0638,0.3356 ± 0.0258,0.2292 ± 0.0178,https://gist.github.com/sudhir2016/e6a488fe6a856dfc3d8b6734b612a6a5
98,AIDDLin,0.5008 ± 0.0115,1.1863 ± 0.0341,-0.3577 ± 0.0700,0.3035 ± 0.0275,0.2043 ± 0.0192,https://github.com/linshaolong11/CAMF.git
99,boltzmann_xgb,0.5817 ± 0.0143,1.3779 ± 0.0379,-0.9692 ± 0.1151,0.1857 ± 0.0290,0.1251 ± 0.0197,https://docs.google.com/document/d/1RFuSB9CzAwwysvgjP2Bo0RXWbIUZsKF-/edit?usp=sharing&ouid=111440856211122900819&rtpof=true&sd=true
100,redjay,0.7720 ± 0.0132,1.8289 ± 0.0471,-1.7319 ± 0.1314,0.2579 ± 0.0284,0.1732 ± 0.0197,https://docs.google.com/document/d/1QHhGtEriIm0jGCY5NdTxCxkS6xkUMPakCwgePgGcCj8/edit?tab=t.0
101,mtqspr_pcamor,0.7931 ± 0.0150,1.8790 ± 0.0589,-2.0156 ± 0.1874,0.5054 ± 0.0232,0.3541 ± 0.0174,https://docs.google.com/document/d/1knr4cDWE-Tn0ZmcTqSCfADTN2d6BIQqsnfaN6URv9Nk/edit?usp=sharing
102,latticetower,0.8456 ± 0.0199,2.0035 ± 0.0654,-3.1038 ± 0.2678,0.2254 ± 0.0281,0.1525 ± 0.0194,https://github.com/latticetower/chemney
103,Sean-Wong,2.1398 ± 0.0155,5.0699 ± 0.1280,-15.6572 ± 0.8849,0.4849 ± 0.0239,0.3368 ± 0.0178,https://github.com/Wang-Lin-boop/Ouroboros
